sample_id,label,season,hh_index,time_h,puissance_w,energy_kwh_step
RP_0000,RP,winter,0,0.0,551.3881,0.27569407
RP_0000,RP,winter,1,0.5,293.72095,0.14686048
RP_0000,RP,winter,2,1.0,194.64017,0.09732009
RP_0000,RP,winter,3,1.5,205.42458,0.10271229
RP_0000,RP,winter,4,2.0,180.33505,0.09016753
RP_0000,RP,winter,5,2.5,231.48947,0.11574473
RP_0000,RP,winter,6,3.0,197.92603,0.098963015
RP_0000,RP,winter,7,3.5,259.93903,0.12996951
RP_0000,RP,winter,8,4.0,260.34583,0.13017291
RP_0000,RP,winter,9,4.5,261.9185,0.13095924
RP_0000,RP,winter,10,5.0,233.27435,0.11663718
RP_0000,RP,winter,11,5.5,253.77249,0.12688625
RP_0000,RP,winter,12,6.0,305.90585,0.15295292
RP_0000,RP,winter,13,6.5,439.9435,0.21997176
RP_0000,RP,winter,14,7.0,686.996,0.343498
RP_0000,RP,winter,15,7.5,805.43335,0.40271667
RP_0000,RP,winter,16,8.0,792.26056,0.3961303
RP_0000,RP,winter,17,8.5,576.3488,0.28817442
RP_0000,RP,winter,18,9.0,450.28848,0.22514424
RP_0000,RP,winter,19,9.5,319.37988,0.15968995
RP_0000,RP,winter,20,10.0,230.76845,0.11538422
RP_0000,RP,winter,21,10.5,238.94292,0.11947146
RP_0000,RP,winter,22,11.0,187.81406,0.09390703
RP_0000,RP,winter,23,11.5,194.19234,0.09709617
RP_0000,RP,winter,24,12.0,205.90912,0.10295456
RP_0000,RP,winter,25,12.5,158.37068,0.079185344
RP_0000,RP,winter,26,13.0,115.318695,0.057659347
RP_0000,RP,winter,27,13.5,101.54204,0.05077102
RP_0000,RP,winter,28,14.0,94.85473,0.047427364
RP_0000,RP,winter,29,14.5,81.91913,0.040959563
RP_0000,RP,winter,30,15.0,109.46698,0.05473349
RP_0000,RP,winter,31,15.5,135.91322,0.06795661
RP_0000,RP,winter,32,16.0,134.51656,0.067258276
RP_0000,RP,winter,33,16.5,180.80804,0.09040402
RP_0000,RP,winter,34,17.0,217.57565,0.10878783
RP_0000,RP,winter,35,17.5,225.32333,0.11266167
RP_0000,RP,winter,36,18.0,309.39624,0.15469812
RP_0000,RP,winter,37,18.5,360.5283,0.18026415
RP_0000,RP,winter,38,19.0,475.19174,0.23759587
RP_0000,RP,winter,39,19.5,570.69934,0.28534967
RP_0000,RP,winter,40,20.0,743.54614,0.37177306
RP_0000,RP,winter,41,20.5,625.7654,0.3128827
RP_0000,RP,winter,42,21.0,825.8649,0.41293246
RP_0000,RP,winter,43,21.5,1092.3375,0.54616874
RP_0000,RP,winter,44,22.0,1438.9685,0.71948427
RP_0000,RP,winter,45,22.5,1940.9657,0.9704828
RP_0000,RP,winter,46,23.0,2148.766,1.074383
RP_0000,RP,winter,47,23.5,1799.7462,0.89987314
RP_0001,RP,summer,0,0.0,153.36928,0.07668464
RP_0001,RP,summer,1,0.5,119.840706,0.059920352
RP_0001,RP,summer,2,1.0,93.35379,0.046676897
RP_0001,RP,summer,3,1.5,93.94592,0.04697296
RP_0001,RP,summer,4,2.0,85.423615,0.042711806
RP_0001,RP,summer,5,2.5,110.59473,0.055297364
RP_0001,RP,summer,6,3.0,92.90584,0.046452917
RP_0001,RP,summer,7,3.5,117.54299,0.058771495
RP_0001,RP,summer,8,4.0,112.7902,0.0563951
RP_0001,RP,summer,9,4.5,99.365166,0.049682584
RP_0001,RP,summer,10,5.0,109.970695,0.054985348
RP_0001,RP,summer,11,5.5,124.02326,0.06201163
RP_0001,RP,summer,12,6.0,130.87859,0.06543929
RP_0001,RP,summer,13,6.5,104.627304,0.052313652
RP_0001,RP,summer,14,7.0,118.81127,0.059405636
RP_0001,RP,summer,15,7.5,133.35083,0.06667542
RP_0001,RP,summer,16,8.0,127.370346,0.06368517
RP_0001,RP,summer,17,8.5,84.730125,0.042365063
RP_0001,RP,summer,18,9.0,127.47899,0.06373949
RP_0001,RP,summer,19,9.5,148.88876,0.07444438
RP_0001,RP,summer,20,10.0,196.95149,0.09847575
RP_0001,RP,summer,21,10.5,286.01416,0.14300708
RP_0001,RP,summer,22,11.0,375.92236,0.18796118
RP_0001,RP,summer,23,11.5,515.16754,0.25758377
RP_0001,RP,summer,24,12.0,445.59586,0.22279793
RP_0001,RP,summer,25,12.5,269.58905,0.13479452
RP_0001,RP,summer,26,13.0,261.79892,0.13089946
RP_0001,RP,summer,27,13.5,205.48314,0.10274157
RP_0001,RP,summer,28,14.0,171.23865,0.08561932
RP_0001,RP,summer,29,14.5,141.71053,0.07085526
RP_0001,RP,summer,30,15.0,143.46735,0.071733676
RP_0001,RP,summer,31,15.5,170.32721,0.08516361
RP_0001,RP,summer,32,16.0,160.60753,0.080303766
RP_0001,RP,summer,33,16.5,145.84547,0.07292274
RP_0001,RP,summer,34,17.0,155.99431,0.077997155
RP_0001,RP,summer,35,17.5,157.62526,0.07881263
RP_0001,RP,summer,36,18.0,171.9695,0.08598475
RP_0001,RP,summer,37,18.5,186.00874,0.09300437
RP_0001,RP,summer,38,19.0,195.86888,0.09793444
RP_0001,RP,summer,39,19.5,185.27469,0.092637345
RP_0001,RP,summer,40,20.0,188.70668,0.09435334
RP_0001,RP,summer,41,20.5,169.60475,0.084802374
RP_0001,RP,summer,42,21.0,150.24945,0.075124726
RP_0001,RP,summer,43,21.5,168.15671,0.08407836
RP_0001,RP,summer,44,22.0,397.89624,0.19894812
RP_0001,RP,summer,45,22.5,795.6794,0.3978397
RP_0001,RP,summer,46,23.0,542.59705,0.27129853
RP_0001,RP,summer,47,23.5,219.56607,0.10978304
RP_0002,RP,autumn,0,0.0,799.50604,0.39975303
RP_0002,RP,autumn,1,0.5,738.39136,0.36919567
RP_0002,RP,autumn,2,1.0,761.75195,0.38087597
RP_0002,RP,autumn,3,1.5,758.57574,0.37928787
RP_0002,RP,autumn,4,2.0,749.88074,0.37494037
RP_0002,RP,autumn,5,2.5,727.5139,0.36375695
RP_0002,RP,autumn,6,3.0,685.665,0.34283248
RP_0002,RP,autumn,7,3.5,676.9018,0.3384509
RP_0002,RP,autumn,8,4.0,703.749,0.3518745
RP_0002,RP,autumn,9,4.5,718.9901,0.35949504
RP_0002,RP,autumn,10,5.0,702.0973,0.35104865
RP_0002,RP,autumn,11,5.5,707.78,0.35389
RP_0002,RP,autumn,12,6.0,673.0927,0.33654636
RP_0002,RP,autumn,13,6.5,697.1888,0.3485944
RP_0002,RP,autumn,14,7.0,692.2551,0.34612757
RP_0002,RP,autumn,15,7.5,697.43854,0.34871927
RP_0002,RP,autumn,16,8.0,647.7467,0.32387334
RP_0002,RP,autumn,17,8.5,557.0713,0.27853563
RP_0002,RP,autumn,18,9.0,575.4427,0.28772134
RP_0002,RP,autumn,19,9.5,547.08234,0.27354118
RP_0002,RP,autumn,20,10.0,537.069,0.26853448
RP_0002,RP,autumn,21,10.5,494.07892,0.24703945
RP_0002,RP,autumn,22,11.0,520.5074,0.2602537
RP_0002,RP,autumn,23,11.5,507.04007,0.25352004
RP_0002,RP,autumn,24,12.0,523.185,0.2615925
RP_0002,RP,autumn,25,12.5,618.59595,0.30929798
RP_0002,RP,autumn,26,13.0,636.3797,0.31818986
RP_0002,RP,autumn,27,13.5,646.7263,0.32336316
RP_0002,RP,autumn,28,14.0,647.59357,0.32379678
RP_0002,RP,autumn,29,14.5,624.1545,0.31207725
RP_0002,RP,autumn,30,15.0,588.9883,0.29449415
RP_0002,RP,autumn,31,15.5,564.3771,0.28218853
RP_0002,RP,autumn,32,16.0,535.3317,0.26766586
RP_0002,RP,autumn,33,16.5,539.89636,0.26994818
RP_0002,RP,autumn,34,17.0,583.7349,0.29186746
RP_0002,RP,autumn,35,17.5,566.2587,0.28312936
RP_0002,RP,autumn,36,18.0,658.72064,0.3293603
RP_0002,RP,autumn,37,18.5,650.9023,0.32545114
RP_0002,RP,autumn,38,19.0,719.4881,0.35974404
RP_0002,RP,autumn,39,19.5,731.86115,0.3659306
RP_0002,RP,autumn,40,20.0,712.405,0.3562025
RP_0002,RP,autumn,41,20.5,741.5628,0.3707814
RP_0002,RP,autumn,42,21.0,707.3256,0.35366282
RP_0002,RP,autumn,43,21.5,739.0841,0.36954206
RP_0002,RP,autumn,44,22.0,856.0695,0.42803475
RP_0002,RP,autumn,45,22.5,1046.6493,0.52332467
RP_0002,RP,autumn,46,23.0,985.512,0.492756
RP_0002,RP,autumn,47,23.5,919.6351,0.45981753
RP_0003,RP,spring,0,0.0,1626.3468,0.8131734
RP_0003,RP,spring,1,0.5,1613.4702,0.8067351
RP_0003,RP,spring,2,1.0,1639.3535,0.81967676
RP_0003,RP,spring,3,1.5,1632.9303,0.81646514
RP_0003,RP,spring,4,2.0,1609.9144,0.8049572
RP_0003,RP,spring,5,2.5,1605.1552,0.80257756
RP_0003,RP,spring,6,3.0,1587.4067,0.7937034
RP_0003,RP,spring,7,3.5,1301.0295,0.6505148
RP_0003,RP,spring,8,4.0,1167.2174,0.5836087
RP_0003,RP,spring,9,4.5,1132.3307,0.5661653
RP_0003,RP,spring,10,5.0,1011.77875,0.50588936
RP_0003,RP,spring,11,5.5,829.13525,0.41456762
RP_0003,RP,spring,12,6.0,831.4148,0.4157074
RP_0003,RP,spring,13,6.5,788.1517,0.39407584
RP_0003,RP,spring,14,7.0,579.77185,0.28988594
RP_0003,RP,spring,15,7.5,515.58044,0.2577902
RP_0003,RP,spring,16,8.0,487.03693,0.24351846
RP_0003,RP,spring,17,8.5,404.86652,0.20243326
RP_0003,RP,spring,18,9.0,359.8845,0.17994225
RP_0003,RP,spring,19,9.5,308.807,0.15440351
RP_0003,RP,spring,20,10.0,310.64545,0.15532273
RP_0003,RP,spring,21,10.5,304.77292,0.15238646
RP_0003,RP,spring,22,11.0,379.90744,0.18995371
RP_0003,RP,spring,23,11.5,434.6248,0.2173124
RP_0003,RP,spring,24,12.0,522.58594,0.26129296
RP_0003,RP,spring,25,12.5,598.50244,0.29925123
RP_0003,RP,spring,26,13.0,765.1536,0.38257682
RP_0003,RP,spring,27,13.5,1012.4609,0.5062304
RP_0003,RP,spring,28,14.0,1559.3358,0.7796679
RP_0003,RP,spring,29,14.5,1982.8069,0.99140346
RP_0003,RP,spring,30,15.0,2307.3262,1.153663
RP_0003,RP,spring,31,15.5,1717.5012,0.8587506
RP_0003,RP,spring,32,16.0,1622.3555,0.81117773
RP_0003,RP,spring,33,16.5,1240.7401,0.62037003
RP_0003,RP,spring,34,17.0,1213.6775,0.60683876
RP_0003,RP,spring,35,17.5,850.5822,0.42529112
RP_0003,RP,spring,36,18.0,846.1167,0.42305836
RP_0003,RP,spring,37,18.5,769.0418,0.38452092
RP_0003,RP,spring,38,19.0,856.86273,0.42843136
RP_0003,RP,spring,39,19.5,781.8626,0.3909313
RP_0003,RP,spring,40,20.0,870.97815,0.4354891
RP_0003,RP,spring,41,20.5,841.47125,0.42073563
RP_0003,RP,spring,42,21.0,986.5597,0.49327984
RP_0003,RP,spring,43,21.5,843.223,0.42161152
RP_0003,RP,spring,44,22.0,873.99615,0.43699807
RP_0003,RP,spring,45,22.5,1033.4076,0.5167038
RP_0003,RP,spring,46,23.0,1013.1667,0.50658333
RP_0003,RP,spring,47,23.5,1241.0735,0.62053674
RP_0004,RP,winter,0,0.0,655.0034,0.3275017
RP_0004,RP,winter,1,0.5,543.37054,0.27168527
RP_0004,RP,winter,2,1.0,555.38007,0.27769002
RP_0004,RP,winter,3,1.5,683.4003,0.34170017
RP_0004,RP,winter,4,2.0,1232.7247,0.6163624
RP_0004,RP,winter,5,2.5,1275.2598,0.63762987
RP_0004,RP,winter,6,3.0,971.1786,0.4855893
RP_0004,RP,winter,7,3.5,839.84467,0.41992232
RP_0004,RP,winter,8,4.0,690.9252,0.3454626
RP_0004,RP,winter,9,4.5,575.1783,0.28758913
RP_0004,RP,winter,10,5.0,487.17355,0.24358678
RP_0004,RP,winter,11,5.5,437.73087,0.21886544
RP_0004,RP,winter,12,6.0,367.3088,0.1836544
RP_0004,RP,winter,13,6.5,324.24176,0.16212088
RP_0004,RP,winter,14,7.0,319.70514,0.15985256
RP_0004,RP,winter,15,7.5,355.94104,0.17797051
RP_0004,RP,winter,16,8.0,393.14352,0.19657177
RP_0004,RP,winter,17,8.5,432.36133,0.21618067
RP_0004,RP,winter,18,9.0,449.97012,0.22498506
RP_0004,RP,winter,19,9.5,375.16772,0.18758386
RP_0004,RP,winter,20,10.0,556.4447,0.27822235
RP_0004,RP,winter,21,10.5,527.3264,0.2636632
RP_0004,RP,winter,22,11.0,491.28348,0.24564174
RP_0004,RP,winter,23,11.5,408.7393,0.20436965
RP_0004,RP,winter,24,12.0,542.5019,0.27125093
RP_0004,RP,winter,25,12.5,776.771,0.3883855
RP_0004,RP,winter,26,13.0,805.93726,0.40296862
RP_0004,RP,winter,27,13.5,1149.2375,0.57461876
RP_0004,RP,winter,28,14.0,2163.8662,1.0819331
RP_0004,RP,winter,29,14.5,2464.624,1.232312
RP_0004,RP,winter,30,15.0,1608.8693,0.80443466
RP_0004,RP,winter,31,15.5,1192.0839,0.5960419
RP_0004,RP,winter,32,16.0,900.6943,0.45034713
RP_0004,RP,winter,33,16.5,647.43805,0.32371902
RP_0004,RP,winter,34,17.0,582.61957,0.29130977
RP_0004,RP,winter,35,17.5,535.00037,0.2675002
RP_0004,RP,winter,36,18.0,564.23157,0.2821158
RP_0004,RP,winter,37,18.5,560.58673,0.28029338
RP_0004,RP,winter,38,19.0,523.53076,0.2617654
RP_0004,RP,winter,39,19.5,608.5864,0.30429322
RP_0004,RP,winter,40,20.0,781.5752,0.3907876
RP_0004,RP,winter,41,20.5,913.40063,0.45670033
RP_0004,RP,winter,42,21.0,993.88055,0.49694028
RP_0004,RP,winter,43,21.5,1090.6039,0.5453019
RP_0004,RP,winter,44,22.0,967.3256,0.4836628
RP_0004,RP,winter,45,22.5,854.3487,0.42717436
RP_0004,RP,winter,46,23.0,731.2289,0.36561444
RP_0004,RP,winter,47,23.5,767.3568,0.3836784
RP_0005,RP,winter,0,0.0,662.1901,0.33109507
RP_0005,RP,winter,1,0.5,550.50726,0.27525362
RP_0005,RP,winter,2,1.0,769.91473,0.38495737
RP_0005,RP,winter,3,1.5,1563.211,0.78160554
RP_0005,RP,winter,4,2.0,1989.8563,0.9949282
RP_0005,RP,winter,5,2.5,1861.3776,0.9306888
RP_0005,RP,winter,6,3.0,1884.8561,0.94242805
RP_0005,RP,winter,7,3.5,1974.1439,0.98707193
RP_0005,RP,winter,8,4.0,1540.7177,0.7703588
RP_0005,RP,winter,9,4.5,1403.745,0.70187247
RP_0005,RP,winter,10,5.0,816.02124,0.40801063
RP_0005,RP,winter,11,5.5,584.4106,0.2922053
RP_0005,RP,winter,12,6.0,584.7848,0.2923924
RP_0005,RP,winter,13,6.5,588.74524,0.29437262
RP_0005,RP,winter,14,7.0,359.09738,0.1795487
RP_0005,RP,winter,15,7.5,232.01709,0.11600854
RP_0005,RP,winter,16,8.0,118.251045,0.059125524
RP_0005,RP,winter,17,8.5,107.46588,0.05373294
RP_0005,RP,winter,18,9.0,52.396236,0.026198119
RP_0005,RP,winter,19,9.5,55.60485,0.027802425
RP_0005,RP,winter,20,10.0,85.38534,0.04269267
RP_0005,RP,winter,21,10.5,97.99373,0.048996866
RP_0005,RP,winter,22,11.0,55.993828,0.027996914
RP_0005,RP,winter,23,11.5,62.7829,0.03139145
RP_0005,RP,winter,24,12.0,295.56247,0.14778124
RP_0005,RP,winter,25,12.5,624.28894,0.31214446
RP_0005,RP,winter,26,13.0,770.55975,0.38527986
RP_0005,RP,winter,27,13.5,715.55316,0.35777658
RP_0005,RP,winter,28,14.0,860.0171,0.43000853
RP_0005,RP,winter,29,14.5,680.5283,0.34026417
RP_0005,RP,winter,30,15.0,474.88214,0.23744108
RP_0005,RP,winter,31,15.5,407.4966,0.2037483
RP_0005,RP,winter,32,16.0,359.9499,0.17997494
RP_0005,RP,winter,33,16.5,363.10953,0.18155476
RP_0005,RP,winter,34,17.0,361.97116,0.18098558
RP_0005,RP,winter,35,17.5,484.46432,0.24223216
RP_0005,RP,winter,36,18.0,829.7977,0.41489887
RP_0005,RP,winter,37,18.5,837.8167,0.41890836
RP_0005,RP,winter,38,19.0,887.6677,0.44383386
RP_0005,RP,winter,39,19.5,998.3428,0.49917138
RP_0005,RP,winter,40,20.0,1272.2522,0.6361261
RP_0005,RP,winter,41,20.5,1251.4099,0.62570494
RP_0005,RP,winter,42,21.0,1228.722,0.61436105
RP_0005,RP,winter,43,21.5,1255.1552,0.6275776
RP_0005,RP,winter,44,22.0,1277.5513,0.63877565
RP_0005,RP,winter,45,22.5,1468.1649,0.73408246
RP_0005,RP,winter,46,23.0,1149.2501,0.5746251
RP_0005,RP,winter,47,23.5,960.8205,0.48041025
RP_0006,RP,winter,0,0.0,1094.9431,0.5474716
RP_0006,RP,winter,1,0.5,552.2717,0.27613586
RP_0006,RP,winter,2,1.0,367.20554,0.18360277
RP_0006,RP,winter,3,1.5,307.3572,0.15367861
RP_0006,RP,winter,4,2.0,239.09514,0.11954757
RP_0006,RP,winter,5,2.5,265.84897,0.13292448
RP_0006,RP,winter,6,3.0,203.5558,0.101777904
RP_0006,RP,winter,7,3.5,212.80708,0.106403545
RP_0006,RP,winter,8,4.0,237.31395,0.11865698
RP_0006,RP,winter,9,4.5,259.0324,0.1295162
RP_0006,RP,winter,10,5.0,245.08846,0.12254423
RP_0006,RP,winter,11,5.5,272.34766,0.13617383
RP_0006,RP,winter,12,6.0,400.80615,0.20040308
RP_0006,RP,winter,13,6.5,684.51764,0.3422588
RP_0006,RP,winter,14,7.0,684.4206,0.3422103
RP_0006,RP,winter,15,7.5,663.0246,0.3315123
RP_0006,RP,winter,16,8.0,608.6786,0.3043393
RP_0006,RP,winter,17,8.5,616.1071,0.30805355
RP_0006,RP,winter,18,9.0,539.2355,0.26961774
RP_0006,RP,winter,19,9.5,544.2029,0.27210143
RP_0006,RP,winter,20,10.0,498.33148,0.24916574
RP_0006,RP,winter,21,10.5,561.35876,0.28067937
RP_0006,RP,winter,22,11.0,517.73016,0.2588651
RP_0006,RP,winter,23,11.5,548.9786,0.27448928
RP_0006,RP,winter,24,12.0,689.9585,0.34497926
RP_0006,RP,winter,25,12.5,581.7486,0.2908743
RP_0006,RP,winter,26,13.0,527.6959,0.26384795
RP_0006,RP,winter,27,13.5,418.69043,0.20934522
RP_0006,RP,winter,28,14.0,323.52573,0.16176286
RP_0006,RP,winter,29,14.5,294.28714,0.14714357
RP_0006,RP,winter,30,15.0,244.81075,0.12240537
RP_0006,RP,winter,31,15.5,219.7378,0.1098689
RP_0006,RP,winter,32,16.0,258.08917,0.12904459
RP_0006,RP,winter,33,16.5,302.40536,0.15120268
RP_0006,RP,winter,34,17.0,367.38416,0.18369208
RP_0006,RP,winter,35,17.5,355.70862,0.17785431
RP_0006,RP,winter,36,18.0,388.1953,0.19409765
RP_0006,RP,winter,37,18.5,483.81635,0.24190818
RP_0006,RP,winter,38,19.0,488.68195,0.24434097
RP_0006,RP,winter,39,19.5,478.8252,0.23941259
RP_0006,RP,winter,40,20.0,489.88922,0.24494462
RP_0006,RP,winter,41,20.5,427.74326,0.21387163
RP_0006,RP,winter,42,21.0,424.62222,0.21231112
RP_0006,RP,winter,43,21.5,340.55475,0.17027737
RP_0006,RP,winter,44,22.0,519.69086,0.25984544
RP_0006,RP,winter,45,22.5,1096.1677,0.54808384
RP_0006,RP,winter,46,23.0,1654.8998,0.8274499
RP_0006,RP,winter,47,23.5,1696.2705,0.84813523
RP_0007,RP,winter,0,0.0,456.5137,0.22825685
RP_0007,RP,winter,1,0.5,379.70987,0.18985493
RP_0007,RP,winter,2,1.0,429.98218,0.2149911
RP_0007,RP,winter,3,1.5,391.986,0.19599299
RP_0007,RP,winter,4,2.0,517.0899,0.25854495
RP_0007,RP,winter,5,2.5,362.78656,0.18139328
RP_0007,RP,winter,6,3.0,379.15494,0.18957748
RP_0007,RP,winter,7,3.5,312.68124,0.15634063
RP_0007,RP,winter,8,4.0,374.57806,0.18728903
RP_0007,RP,winter,9,4.5,310.23584,0.15511791
RP_0007,RP,winter,10,5.0,334.0801,0.16704005
RP_0007,RP,winter,11,5.5,278.8207,0.13941036
RP_0007,RP,winter,12,6.0,318.80154,0.15940078
RP_0007,RP,winter,13,6.5,287.0393,0.14351965
RP_0007,RP,winter,14,7.0,366.70865,0.18335432
RP_0007,RP,winter,15,7.5,420.44922,0.21022461
RP_0007,RP,winter,16,8.0,594.7247,0.29736233
RP_0007,RP,winter,17,8.5,727.3462,0.3636731
RP_0007,RP,winter,18,9.0,937.44476,0.46872237
RP_0007,RP,winter,19,9.5,949.2864,0.4746432
RP_0007,RP,winter,20,10.0,1099.9468,0.54997337
RP_0007,RP,winter,21,10.5,1254.154,0.62707704
RP_0007,RP,winter,22,11.0,1255.6152,0.6278076
RP_0007,RP,winter,23,11.5,1656.4229,0.8282114
RP_0007,RP,winter,24,12.0,1786.7059,0.893353
RP_0007,RP,winter,25,12.5,2080.4697,1.0402348
RP_0007,RP,winter,26,13.0,1960.0352,0.9800176
RP_0007,RP,winter,27,13.5,2185.531,1.0927655
RP_0007,RP,winter,28,14.0,1993.178,0.996589
RP_0007,RP,winter,29,14.5,1874.3687,0.93718433
RP_0007,RP,winter,30,15.0,1696.7075,0.84835374
RP_0007,RP,winter,31,15.5,1413.7826,0.7068913
RP_0007,RP,winter,32,16.0,1287.0883,0.64354414
RP_0007,RP,winter,33,16.5,1312.9628,0.6564814
RP_0007,RP,winter,34,17.0,1297.5505,0.6487753
RP_0007,RP,winter,35,17.5,1190.1108,0.5950554
RP_0007,RP,winter,36,18.0,1334.0486,0.6670243
RP_0007,RP,winter,37,18.5,1438.3418,0.7191709
RP_0007,RP,winter,38,19.0,1485.9381,0.74296904
RP_0007,RP,winter,39,19.5,1360.5269,0.6802634
RP_0007,RP,winter,40,20.0,1221.1874,0.6105937
RP_0007,RP,winter,41,20.5,1028.2291,0.51411456
RP_0007,RP,winter,42,21.0,1055.1421,0.527571
RP_0007,RP,winter,43,21.5,906.56726,0.45328364
RP_0007,RP,winter,44,22.0,861.69543,0.4308477
RP_0007,RP,winter,45,22.5,772.254,0.38612702
RP_0007,RP,winter,46,23.0,597.51874,0.29875937
RP_0007,RP,winter,47,23.5,484.93192,0.24246596
RP_0008,RP,spring,0,0.0,155.81168,0.07790584
RP_0008,RP,spring,1,0.5,134.47696,0.06723848
RP_0008,RP,spring,2,1.0,115.30306,0.05765153
RP_0008,RP,spring,3,1.5,113.145935,0.056572966
RP_0008,RP,spring,4,2.0,157.06267,0.07853133
RP_0008,RP,spring,5,2.5,115.624435,0.057812218
RP_0008,RP,spring,6,3.0,118.62351,0.059311755
RP_0008,RP,spring,7,3.5,148.51999,0.07426
RP_0008,RP,spring,8,4.0,111.77608,0.055888038
RP_0008,RP,spring,9,4.5,115.110115,0.057555057
RP_0008,RP,spring,10,5.0,120.94461,0.060472306
RP_0008,RP,spring,11,5.5,118.14169,0.059070848
RP_0008,RP,spring,12,6.0,118.64622,0.05932311
RP_0008,RP,spring,13,6.5,219.8971,0.109948546
RP_0008,RP,spring,14,7.0,372.646,0.186323
RP_0008,RP,spring,15,7.5,377.01978,0.18850988
RP_0008,RP,spring,16,8.0,228.6997,0.11434986
RP_0008,RP,spring,17,8.5,166.48662,0.08324331
RP_0008,RP,spring,18,9.0,143.76544,0.07188272
RP_0008,RP,spring,19,9.5,113.97111,0.056985553
RP_0008,RP,spring,20,10.0,112.76627,0.056383137
RP_0008,RP,spring,21,10.5,90.308,0.045153998
RP_0008,RP,spring,22,11.0,78.06111,0.039030556
RP_0008,RP,spring,23,11.5,124.78538,0.06239269
RP_0008,RP,spring,24,12.0,106.66476,0.053332377
RP_0008,RP,spring,25,12.5,235.48882,0.11774441
RP_0008,RP,spring,26,13.0,222.3336,0.111166805
RP_0008,RP,spring,27,13.5,166.5701,0.08328505
RP_0008,RP,spring,28,14.0,124.70047,0.062350236
RP_0008,RP,spring,29,14.5,100.955025,0.050477512
RP_0008,RP,spring,30,15.0,83.31323,0.041656617
RP_0008,RP,spring,31,15.5,87.27259,0.043636296
RP_0008,RP,spring,32,16.0,106.6101,0.05330505
RP_0008,RP,spring,33,16.5,107.74569,0.053872846
RP_0008,RP,spring,34,17.0,127.664566,0.06383228
RP_0008,RP,spring,35,17.5,125.26173,0.06263086
RP_0008,RP,spring,36,18.0,155.23035,0.07761517
RP_0008,RP,spring,37,18.5,169.25148,0.08462574
RP_0008,RP,spring,38,19.0,238.8434,0.1194217
RP_0008,RP,spring,39,19.5,283.2721,0.14163604
RP_0008,RP,spring,40,20.0,263.7314,0.13186571
RP_0008,RP,spring,41,20.5,315.43692,0.15771846
RP_0008,RP,spring,42,21.0,383.56732,0.19178367
RP_0008,RP,spring,43,21.5,388.77957,0.19438979
RP_0008,RP,spring,44,22.0,508.3045,0.25415224
RP_0008,RP,spring,45,22.5,723.09375,0.36154687
RP_0008,RP,spring,46,23.0,418.40576,0.20920289
RP_0008,RP,spring,47,23.5,254.467,0.12723349
RP_0009,RP,winter,0,0.0,887.48846,0.44374424
RP_0009,RP,winter,1,0.5,828.1466,0.4140733
RP_0009,RP,winter,2,1.0,842.59283,0.42129642
RP_0009,RP,winter,3,1.5,1126.084,0.563042
RP_0009,RP,winter,4,2.0,1450.3267,0.72516334
RP_0009,RP,winter,5,2.5,1528.4341,0.764217
RP_0009,RP,winter,6,3.0,1685.6082,0.8428041
RP_0009,RP,winter,7,3.5,1442.061,0.72103053
RP_0009,RP,winter,8,4.0,1351.2803,0.67564017
RP_0009,RP,winter,9,4.5,1366.3694,0.6831847
RP_0009,RP,winter,10,5.0,1402.5438,0.7012719
RP_0009,RP,winter,11,5.5,1544.927,0.7724635
RP_0009,RP,winter,12,6.0,1620.7972,0.81039864
RP_0009,RP,winter,13,6.5,1529.3577,0.76467884
RP_0009,RP,winter,14,7.0,1606.371,0.80318546
RP_0009,RP,winter,15,7.5,1695.2534,0.8476267
RP_0009,RP,winter,16,8.0,1666.123,0.8330615
RP_0009,RP,winter,17,8.5,1688.982,0.844491
RP_0009,RP,winter,18,9.0,1641.6508,0.8208254
RP_0009,RP,winter,19,9.5,1553.5492,0.7767746
RP_0009,RP,winter,20,10.0,1582.4467,0.79122335
RP_0009,RP,winter,21,10.5,1256.3542,0.6281771
RP_0009,RP,winter,22,11.0,1295.9905,0.64799523
RP_0009,RP,winter,23,11.5,1097.741,0.5488705
RP_0009,RP,winter,24,12.0,995.21735,0.49760866
RP_0009,RP,winter,25,12.5,939.47046,0.46973523
RP_0009,RP,winter,26,13.0,1007.1503,0.50357515
RP_0009,RP,winter,27,13.5,984.33484,0.4921674
RP_0009,RP,winter,28,14.0,1182.8579,0.59142894
RP_0009,RP,winter,29,14.5,1025.907,0.5129535
RP_0009,RP,winter,30,15.0,953.7798,0.47688988
RP_0009,RP,winter,31,15.5,1070.5627,0.53528136
RP_0009,RP,winter,32,16.0,1366.2129,0.6831064
RP_0009,RP,winter,33,16.5,1340.009,0.6700045
RP_0009,RP,winter,34,17.0,1557.7802,0.7788901
RP_0009,RP,winter,35,17.5,1941.0027,0.97050136
RP_0009,RP,winter,36,18.0,1851.4738,0.9257369
RP_0009,RP,winter,37,18.5,1920.5425,0.96027124
RP_0009,RP,winter,38,19.0,2306.952,1.153476
RP_0009,RP,winter,39,19.5,2233.4885,1.1167443
RP_0009,RP,winter,40,20.0,2111.5542,1.0557771
RP_0009,RP,winter,41,20.5,2144.2368,1.0721184
RP_0009,RP,winter,42,21.0,2221.6155,1.1108078
RP_0009,RP,winter,43,21.5,1670.9681,0.8354841
RP_0009,RP,winter,44,22.0,1410.0367,0.7050184
RP_0009,RP,winter,45,22.5,1403.175,0.7015875
RP_0009,RP,winter,46,23.0,1171.2318,0.58561593
RP_0009,RP,winter,47,23.5,930.69867,0.46534935
RP_0010,RP,summer,0,0.0,365.97403,0.18298702
RP_0010,RP,summer,1,0.5,320.7461,0.16037305
RP_0010,RP,summer,2,1.0,377.514,0.188757
RP_0010,RP,summer,3,1.5,357.86337,0.17893168
RP_0010,RP,summer,4,2.0,347.01492,0.17350747
RP_0010,RP,summer,5,2.5,213.9276,0.1069638
RP_0010,RP,summer,6,3.0,196.17233,0.09808616
RP_0010,RP,summer,7,3.5,173.09767,0.086548835
RP_0010,RP,summer,8,4.0,152.88847,0.07644424
RP_0010,RP,summer,9,4.5,177.13274,0.08856637
RP_0010,RP,summer,10,5.0,195.90962,0.09795481
RP_0010,RP,summer,11,5.5,193.64136,0.09682068
RP_0010,RP,summer,12,6.0,141.00537,0.07050268
RP_0010,RP,summer,13,6.5,145.78407,0.07289204
RP_0010,RP,summer,14,7.0,165.8281,0.08291405
RP_0010,RP,summer,15,7.5,251.24377,0.12562189
RP_0010,RP,summer,16,8.0,228.96843,0.11448421
RP_0010,RP,summer,17,8.5,243.86223,0.12193111
RP_0010,RP,summer,18,9.0,266.08905,0.13304453
RP_0010,RP,summer,19,9.5,200.34894,0.10017447
RP_0010,RP,summer,20,10.0,167.89581,0.083947904
RP_0010,RP,summer,21,10.5,106.877815,0.05343891
RP_0010,RP,summer,22,11.0,82.21314,0.04110657
RP_0010,RP,summer,23,11.5,145.33333,0.07266667
RP_0010,RP,summer,24,12.0,112.301994,0.056151
RP_0010,RP,summer,25,12.5,377.52338,0.18876168
RP_0010,RP,summer,26,13.0,301.86896,0.15093447
RP_0010,RP,summer,27,13.5,412.68112,0.20634057
RP_0010,RP,summer,28,14.0,259.92285,0.12996143
RP_0010,RP,summer,29,14.5,276.59348,0.13829674
RP_0010,RP,summer,30,15.0,178.31305,0.08915652
RP_0010,RP,summer,31,15.5,145.3389,0.07266945
RP_0010,RP,summer,32,16.0,197.77744,0.09888872
RP_0010,RP,summer,33,16.5,156.83327,0.07841663
RP_0010,RP,summer,34,17.0,210.51093,0.10525546
RP_0010,RP,summer,35,17.5,211.22862,0.10561431
RP_0010,RP,summer,36,18.0,193.95782,0.09697891
RP_0010,RP,summer,37,18.5,129.56042,0.06478021
RP_0010,RP,summer,38,19.0,199.25041,0.09962521
RP_0010,RP,summer,39,19.5,265.63425,0.13281712
RP_0010,RP,summer,40,20.0,167.62277,0.08381139
RP_0010,RP,summer,41,20.5,248.65944,0.124329716
RP_0010,RP,summer,42,21.0,470.17972,0.23508985
RP_0010,RP,summer,43,21.5,520.2195,0.26010975
RP_0010,RP,summer,44,22.0,600.94324,0.3004716
RP_0010,RP,summer,45,22.5,761.0721,0.38053605
RP_0010,RP,summer,46,23.0,555.2538,0.2776269
RP_0010,RP,summer,47,23.5,375.9407,0.18797036
RP_0011,RP,spring,0,0.0,1205.3379,0.60266894
RP_0011,RP,spring,1,0.5,934.10394,0.46705198
RP_0011,RP,spring,2,1.0,763.20197,0.38160098
RP_0011,RP,spring,3,1.5,637.9514,0.31897572
RP_0011,RP,spring,4,2.0,427.38113,0.21369056
RP_0011,RP,spring,5,2.5,353.76453,0.17688227
RP_0011,RP,spring,6,3.0,289.77777,0.1448889
RP_0011,RP,spring,7,3.5,207.42328,0.10371164
RP_0011,RP,spring,8,4.0,239.80646,0.11990323
RP_0011,RP,spring,9,4.5,280.79385,0.14039692
RP_0011,RP,spring,10,5.0,286.65814,0.14332907
RP_0011,RP,spring,11,5.5,284.19522,0.1420976
RP_0011,RP,spring,12,6.0,230.20969,0.11510485
RP_0011,RP,spring,13,6.5,203.13663,0.10156831
RP_0011,RP,spring,14,7.0,143.24136,0.07162068
RP_0011,RP,spring,15,7.5,211.31052,0.10565526
RP_0011,RP,spring,16,8.0,290.3418,0.1451709
RP_0011,RP,spring,17,8.5,451.85608,0.22592804
RP_0011,RP,spring,18,9.0,480.31628,0.24015814
RP_0011,RP,spring,19,9.5,556.48694,0.27824348
RP_0011,RP,spring,20,10.0,450.76303,0.22538151
RP_0011,RP,spring,21,10.5,340.51373,0.17025687
RP_0011,RP,spring,22,11.0,307.69043,0.15384522
RP_0011,RP,spring,23,11.5,401.8738,0.2009369
RP_0011,RP,spring,24,12.0,414.10187,0.20705093
RP_0011,RP,spring,25,12.5,463.70673,0.23185337
RP_0011,RP,spring,26,13.0,453.573,0.2267865
RP_0011,RP,spring,27,13.5,368.58197,0.18429099
RP_0011,RP,spring,28,14.0,251.49854,0.12574926
RP_0011,RP,spring,29,14.5,203.49213,0.10174606
RP_0011,RP,spring,30,15.0,210.95638,0.10547819
RP_0011,RP,spring,31,15.5,199.80013,0.09990006
RP_0011,RP,spring,32,16.0,191.88535,0.095942676
RP_0011,RP,spring,33,16.5,186.29637,0.09314819
RP_0011,RP,spring,34,17.0,197.61296,0.09880648
RP_0011,RP,spring,35,17.5,189.96951,0.094984755
RP_0011,RP,spring,36,18.0,182.36789,0.091183946
RP_0011,RP,spring,37,18.5,163.32626,0.08166313
RP_0011,RP,spring,38,19.0,200.78568,0.10039284
RP_0011,RP,spring,39,19.5,237.75403,0.118877016
RP_0011,RP,spring,40,20.0,211.17722,0.10558861
RP_0011,RP,spring,41,20.5,235.2279,0.11761396
RP_0011,RP,spring,42,21.0,400.86902,0.2004345
RP_0011,RP,spring,43,21.5,399.44507,0.19972253
RP_0011,RP,spring,44,22.0,1026.2169,0.51310843
RP_0011,RP,spring,45,22.5,2138.1794,1.0690898
RP_0011,RP,spring,46,23.0,2002.6886,1.0013443
RP_0011,RP,spring,47,23.5,1377.5249,0.6887624
RP_0012,RP,autumn,0,0.0,739.94214,0.36997107
RP_0012,RP,autumn,1,0.5,703.3926,0.35169628
RP_0012,RP,autumn,2,1.0,940.8815,0.47044075
RP_0012,RP,autumn,3,1.5,885.12335,0.4425617
RP_0012,RP,autumn,4,2.0,944.1622,0.4720811
RP_0012,RP,autumn,5,2.5,837.6092,0.4188046
RP_0012,RP,autumn,6,3.0,708.4326,0.3542163
RP_0012,RP,autumn,7,3.5,681.08685,0.34054342
RP_0012,RP,autumn,8,4.0,739.6412,0.3698206
RP_0012,RP,autumn,9,4.5,705.7588,0.3528794
RP_0012,RP,autumn,10,5.0,710.06195,0.35503098
RP_0012,RP,autumn,11,5.5,745.96747,0.37298372
RP_0012,RP,autumn,12,6.0,820.02625,0.4100131
RP_0012,RP,autumn,13,6.5,886.12067,0.44306034
RP_0012,RP,autumn,14,7.0,1022.4714,0.5112357
RP_0012,RP,autumn,15,7.5,1053.4926,0.5267463
RP_0012,RP,autumn,16,8.0,1127.6636,0.5638318
RP_0012,RP,autumn,17,8.5,1162.0651,0.5810325
RP_0012,RP,autumn,18,9.0,1198.1667,0.59908336
RP_0012,RP,autumn,19,9.5,1246.911,0.6234555
RP_0012,RP,autumn,20,10.0,1204.0409,0.60202044
RP_0012,RP,autumn,21,10.5,1295.4934,0.6477467
RP_0012,RP,autumn,22,11.0,1254.606,0.627303
RP_0012,RP,autumn,23,11.5,1355.5227,0.6777614
RP_0012,RP,autumn,24,12.0,1355.502,0.677751
RP_0012,RP,autumn,25,12.5,1422.303,0.7111515
RP_0012,RP,autumn,26,13.0,1458.6954,0.7293477
RP_0012,RP,autumn,27,13.5,1486.3147,0.7431573
RP_0012,RP,autumn,28,14.0,1442.9448,0.7214724
RP_0012,RP,autumn,29,14.5,1454.2316,0.7271158
RP_0012,RP,autumn,30,15.0,1428.8538,0.7144269
RP_0012,RP,autumn,31,15.5,1347.0138,0.6735069
RP_0012,RP,autumn,32,16.0,1211.8162,0.6059081
RP_0012,RP,autumn,33,16.5,1134.9683,0.56748414
RP_0012,RP,autumn,34,17.0,1144.7898,0.5723949
RP_0012,RP,autumn,35,17.5,1161.2511,0.58062553
RP_0012,RP,autumn,36,18.0,1304.1929,0.65209645
RP_0012,RP,autumn,37,18.5,1411.185,0.7055925
RP_0012,RP,autumn,38,19.0,1397.9421,0.6989711
RP_0012,RP,autumn,39,19.5,1394.6248,0.69731236
RP_0012,RP,autumn,40,20.0,1288.356,0.644178
RP_0012,RP,autumn,41,20.5,1140.6554,0.5703277
RP_0012,RP,autumn,42,21.0,1067.8315,0.53391576
RP_0012,RP,autumn,43,21.5,1009.0876,0.5045438
RP_0012,RP,autumn,44,22.0,951.63513,0.47581756
RP_0012,RP,autumn,45,22.5,842.5329,0.42126644
RP_0012,RP,autumn,46,23.0,670.98773,0.33549386
RP_0012,RP,autumn,47,23.5,622.1025,0.31105125
RP_0013,RP,autumn,0,0.0,67.0033,0.03350165
RP_0013,RP,autumn,1,0.5,32.795433,0.016397716
RP_0013,RP,autumn,2,1.0,30.482397,0.015241198
RP_0013,RP,autumn,3,1.5,24.697523,0.012348762
RP_0013,RP,autumn,4,2.0,50.282856,0.025141427
RP_0013,RP,autumn,5,2.5,50.925365,0.025462683
RP_0013,RP,autumn,6,3.0,50.090206,0.025045102
RP_0013,RP,autumn,7,3.5,120.1418,0.0600709
RP_0013,RP,autumn,8,4.0,99.2302,0.0496151
RP_0013,RP,autumn,9,4.5,230.01617,0.115008086
RP_0013,RP,autumn,10,5.0,210.1966,0.1050983
RP_0013,RP,autumn,11,5.5,214.14058,0.10707029
RP_0013,RP,autumn,12,6.0,514.41956,0.25720978
RP_0013,RP,autumn,13,6.5,252.1441,0.12607205
RP_0013,RP,autumn,14,7.0,49.293148,0.024646575
RP_0013,RP,autumn,15,7.5,9.461968,0.004730984
RP_0013,RP,autumn,16,8.0,0.65828276,0.0003291414
RP_0013,RP,autumn,17,8.5,1.4497175,0.0007248588
RP_0013,RP,autumn,18,9.0,0.0,0.0
RP_0013,RP,autumn,19,9.5,0.7288686,0.0003644343
RP_0013,RP,autumn,20,10.0,0.28026608,0.00014013304
RP_0013,RP,autumn,21,10.5,0.0,0.0
RP_0013,RP,autumn,22,11.0,2.8674333,0.0014337166
RP_0013,RP,autumn,23,11.5,0.5416256,0.0002708128
RP_0013,RP,autumn,24,12.0,0.0,0.0
RP_0013,RP,autumn,25,12.5,0.0,0.0
RP_0013,RP,autumn,26,13.0,0.0,0.0
RP_0013,RP,autumn,27,13.5,0.0,0.0
RP_0013,RP,autumn,28,14.0,0.0,0.0
RP_0013,RP,autumn,29,14.5,0.0,0.0
RP_0013,RP,autumn,30,15.0,1.9623103,0.0009811552
RP_0013,RP,autumn,31,15.5,5.233308,0.002616654
RP_0013,RP,autumn,32,16.0,10.550243,0.005275122
RP_0013,RP,autumn,33,16.5,74.5083,0.03725415
RP_0013,RP,autumn,34,17.0,508.05005,0.254025
RP_0013,RP,autumn,35,17.5,137.2853,0.068642646
RP_0013,RP,autumn,36,18.0,264.30298,0.13215148
RP_0013,RP,autumn,37,18.5,571.54535,0.28577268
RP_0013,RP,autumn,38,19.0,357.7992,0.1788996
RP_0013,RP,autumn,39,19.5,290.25497,0.14512749
RP_0013,RP,autumn,40,20.0,251.6363,0.12581815
RP_0013,RP,autumn,41,20.5,231.42307,0.11571153
RP_0013,RP,autumn,42,21.0,164.06038,0.08203019
RP_0013,RP,autumn,43,21.5,170.5705,0.08528525
RP_0013,RP,autumn,44,22.0,139.81027,0.06990514
RP_0013,RP,autumn,45,22.5,111.54954,0.05577477
RP_0013,RP,autumn,46,23.0,62.15203,0.031076016
RP_0013,RP,autumn,47,23.5,85.46463,0.042732313
RP_0014,RP,summer,0,0.0,1701.8047,0.8509023
RP_0014,RP,summer,1,0.5,1818.3796,0.9091898
RP_0014,RP,summer,2,1.0,1529.878,0.764939
RP_0014,RP,summer,3,1.5,1934.5674,0.96728367
RP_0014,RP,summer,4,2.0,1162.7972,0.5813986
RP_0014,RP,summer,5,2.5,927.7286,0.4638643
RP_0014,RP,summer,6,3.0,1010.5133,0.50525665
RP_0014,RP,summer,7,3.5,633.55005,0.31677502
RP_0014,RP,summer,8,4.0,334.84842,0.16742422
RP_0014,RP,summer,9,4.5,375.99786,0.18799894
RP_0014,RP,summer,10,5.0,389.8151,0.19490755
RP_0014,RP,summer,11,5.5,461.8714,0.2309357
RP_0014,RP,summer,12,6.0,358.71844,0.17935923
RP_0014,RP,summer,13,6.5,434.0369,0.21701846
RP_0014,RP,summer,14,7.0,459.2475,0.22962375
RP_0014,RP,summer,15,7.5,348.38467,0.17419234
RP_0014,RP,summer,16,8.0,192.30142,0.09615071
RP_0014,RP,summer,17,8.5,162.68312,0.08134156
RP_0014,RP,summer,18,9.0,73.07606,0.036538027
RP_0014,RP,summer,19,9.5,43.357502,0.021678751
RP_0014,RP,summer,20,10.0,22.26457,0.011132285
RP_0014,RP,summer,21,10.5,95.48922,0.04774461
RP_0014,RP,summer,22,11.0,54.594727,0.027297363
RP_0014,RP,summer,23,11.5,75.50883,0.037754413
RP_0014,RP,summer,24,12.0,122.663246,0.061331622
RP_0014,RP,summer,25,12.5,106.55177,0.053275887
RP_0014,RP,summer,26,13.0,101.127655,0.050563827
RP_0014,RP,summer,27,13.5,64.52787,0.032263935
RP_0014,RP,summer,28,14.0,18.502113,0.009251056
RP_0014,RP,summer,29,14.5,24.194979,0.012097489
RP_0014,RP,summer,30,15.0,12.058266,0.0060291328
RP_0014,RP,summer,31,15.5,16.73417,0.008367086
RP_0014,RP,summer,32,16.0,29.162746,0.014581373
RP_0014,RP,summer,33,16.5,22.941866,0.0114709325
RP_0014,RP,summer,34,17.0,21.028864,0.010514432
RP_0014,RP,summer,35,17.5,19.73865,0.009869325
RP_0014,RP,summer,36,18.0,10.386214,0.0051931073
RP_0014,RP,summer,37,18.5,20.994148,0.010497075
RP_0014,RP,summer,38,19.0,33.0346,0.0165173
RP_0014,RP,summer,39,19.5,92.13215,0.046066076
RP_0014,RP,summer,40,20.0,113.004074,0.056502037
RP_0014,RP,summer,41,20.5,141.46983,0.07073492
RP_0014,RP,summer,42,21.0,270.3361,0.13516805
RP_0014,RP,summer,43,21.5,263.3888,0.13169439
RP_0014,RP,summer,44,22.0,432.73737,0.21636869
RP_0014,RP,summer,45,22.5,667.11694,0.33355847
RP_0014,RP,summer,46,23.0,630.52606,0.31526303
RP_0014,RP,summer,47,23.5,776.9038,0.3884519
RP_0015,RP,spring,0,0.0,161.26944,0.08063472
RP_0015,RP,spring,1,0.5,231.09326,0.11554663
RP_0015,RP,spring,2,1.0,477.11,0.238555
RP_0015,RP,spring,3,1.5,399.24634,0.19962317
RP_0015,RP,spring,4,2.0,231.87135,0.115935676
RP_0015,RP,spring,5,2.5,128.01295,0.06400648
RP_0015,RP,spring,6,3.0,164.03905,0.08201952
RP_0015,RP,spring,7,3.5,168.6331,0.08431655
RP_0015,RP,spring,8,4.0,138.71368,0.069356844
RP_0015,RP,spring,9,4.5,132.62427,0.066312134
RP_0015,RP,spring,10,5.0,125.44766,0.06272383
RP_0015,RP,spring,11,5.5,113.42785,0.056713924
RP_0015,RP,spring,12,6.0,102.10495,0.051052473
RP_0015,RP,spring,13,6.5,108.46562,0.05423281
RP_0015,RP,spring,14,7.0,82.688866,0.041344434
RP_0015,RP,spring,15,7.5,109.80271,0.054901354
RP_0015,RP,spring,16,8.0,110.181076,0.05509054
RP_0015,RP,spring,17,8.5,129.56335,0.06478168
RP_0015,RP,spring,18,9.0,114.71046,0.05735523
RP_0015,RP,spring,19,9.5,104.184044,0.052092023
RP_0015,RP,spring,20,10.0,86.88737,0.043443684
RP_0015,RP,spring,21,10.5,62.01727,0.031008635
RP_0015,RP,spring,22,11.0,38.48251,0.019241255
RP_0015,RP,spring,23,11.5,71.416626,0.035708312
RP_0015,RP,spring,24,12.0,33.681965,0.016840983
RP_0015,RP,spring,25,12.5,69.584335,0.034792166
RP_0015,RP,spring,26,13.0,47.210968,0.023605485
RP_0015,RP,spring,27,13.5,60.391823,0.03019591
RP_0015,RP,spring,28,14.0,44.22626,0.022113131
RP_0015,RP,spring,29,14.5,42.776833,0.021388417
RP_0015,RP,spring,30,15.0,45.99231,0.022996156
RP_0015,RP,spring,31,15.5,35.05157,0.017525785
RP_0015,RP,spring,32,16.0,52.955837,0.026477918
RP_0015,RP,spring,33,16.5,55.834553,0.027917277
RP_0015,RP,spring,34,17.0,63.44889,0.031724446
RP_0015,RP,spring,35,17.5,66.65223,0.033326115
RP_0015,RP,spring,36,18.0,69.10825,0.034554128
RP_0015,RP,spring,37,18.5,59.57567,0.029787835
RP_0015,RP,spring,38,19.0,55.13254,0.02756627
RP_0015,RP,spring,39,19.5,82.676735,0.04133837
RP_0015,RP,spring,40,20.0,64.651726,0.032325864
RP_0015,RP,spring,41,20.5,79.9578,0.0399789
RP_0015,RP,spring,42,21.0,166.6286,0.0833143
RP_0015,RP,spring,43,21.5,127.76466,0.06388233
RP_0015,RP,spring,44,22.0,162.7476,0.0813738
RP_0015,RP,spring,45,22.5,131.73679,0.06586839
RP_0015,RP,spring,46,23.0,100.065414,0.05003271
RP_0015,RP,spring,47,23.5,109.96673,0.054983363
RP_0016,RP,spring,0,0.0,1066.1439,0.53307194
RP_0016,RP,spring,1,0.5,1324.1198,0.6620599
RP_0016,RP,spring,2,1.0,2400.3809,1.2001904
RP_0016,RP,spring,3,1.5,2219.0269,1.1095134
RP_0016,RP,spring,4,2.0,2893.7266,1.4468633
RP_0016,RP,spring,5,2.5,3172.519,1.5862595
RP_0016,RP,spring,6,3.0,1624.4274,0.81221366
RP_0016,RP,spring,7,3.5,667.05066,0.33352533
RP_0016,RP,spring,8,4.0,473.22217,0.23661108
RP_0016,RP,spring,9,4.5,548.1869,0.27409345
RP_0016,RP,spring,10,5.0,314.30157,0.15715079
RP_0016,RP,spring,11,5.5,226.0652,0.1130326
RP_0016,RP,spring,12,6.0,212.61377,0.10630689
RP_0016,RP,spring,13,6.5,184.20842,0.09210421
RP_0016,RP,spring,14,7.0,123.99036,0.06199518
RP_0016,RP,spring,15,7.5,70.36843,0.035184216
RP_0016,RP,spring,16,8.0,11.898752,0.005949376
RP_0016,RP,spring,17,8.5,6.8995767,0.0034497883
RP_0016,RP,spring,18,9.0,2.8178751,0.0014089376
RP_0016,RP,spring,19,9.5,2.3684902,0.0011842451
RP_0016,RP,spring,20,10.0,1.7908592,0.00089542964
RP_0016,RP,spring,21,10.5,4.653865,0.0023269325
RP_0016,RP,spring,22,11.0,15.5128,0.0077564
RP_0016,RP,spring,23,11.5,41.981133,0.020990565
RP_0016,RP,spring,24,12.0,1627.4119,0.8137059
RP_0016,RP,spring,25,12.5,3124.853,1.5624266
RP_0016,RP,spring,26,13.0,2069.9172,1.0349586
RP_0016,RP,spring,27,13.5,821.63727,0.41081864
RP_0016,RP,spring,28,14.0,508.3385,0.25416926
RP_0016,RP,spring,29,14.5,125.90565,0.062952824
RP_0016,RP,spring,30,15.0,43.314056,0.021657027
RP_0016,RP,spring,31,15.5,26.936749,0.0134683745
RP_0016,RP,spring,32,16.0,17.402122,0.008701061
RP_0016,RP,spring,33,16.5,56.95673,0.028478365
RP_0016,RP,spring,34,17.0,65.16979,0.032584894
RP_0016,RP,spring,35,17.5,83.17922,0.04158961
RP_0016,RP,spring,36,18.0,116.24324,0.05812162
RP_0016,RP,spring,37,18.5,331.91415,0.16595708
RP_0016,RP,spring,38,19.0,327.79562,0.16389781
RP_0016,RP,spring,39,19.5,423.73767,0.21186884
RP_0016,RP,spring,40,20.0,662.33405,0.331167
RP_0016,RP,spring,41,20.5,706.86,0.35343
RP_0016,RP,spring,42,21.0,586.9098,0.2934549
RP_0016,RP,spring,43,21.5,373.90652,0.18695326
RP_0016,RP,spring,44,22.0,319.92865,0.15996432
RP_0016,RP,spring,45,22.5,433.8318,0.21691589
RP_0016,RP,spring,46,23.0,298.033,0.1490165
RP_0016,RP,spring,47,23.5,478.84875,0.23942438
RP_0017,RP,spring,0,0.0,383.1612,0.1915806
RP_0017,RP,spring,1,0.5,349.92108,0.17496054
RP_0017,RP,spring,2,1.0,377.26645,0.18863322
RP_0017,RP,spring,3,1.5,597.10706,0.29855353
RP_0017,RP,spring,4,2.0,642.6116,0.32130578
RP_0017,RP,spring,5,2.5,920.14264,0.46007133
RP_0017,RP,spring,6,3.0,1127.5463,0.56377316
RP_0017,RP,spring,7,3.5,1457.6935,0.7288467
RP_0017,RP,spring,8,4.0,1691.3013,0.8456506
RP_0017,RP,spring,9,4.5,1638.8859,0.8194429
RP_0017,RP,spring,10,5.0,1610.7665,0.80538327
RP_0017,RP,spring,11,5.5,1550.086,0.775043
RP_0017,RP,spring,12,6.0,1532.9639,0.76648194
RP_0017,RP,spring,13,6.5,1088.6089,0.54430443
RP_0017,RP,spring,14,7.0,984.27844,0.49213922
RP_0017,RP,spring,15,7.5,799.0504,0.3995252
RP_0017,RP,spring,16,8.0,1159.0768,0.5795384
RP_0017,RP,spring,17,8.5,851.4915,0.42574576
RP_0017,RP,spring,18,9.0,692.88544,0.34644273
RP_0017,RP,spring,19,9.5,888.38965,0.44419482
RP_0017,RP,spring,20,10.0,761.9818,0.3809909
RP_0017,RP,spring,21,10.5,886.0183,0.44300917
RP_0017,RP,spring,22,11.0,1149.8707,0.5749354
RP_0017,RP,spring,23,11.5,601.83057,0.30091527
RP_0017,RP,spring,24,12.0,382.48676,0.19124338
RP_0017,RP,spring,25,12.5,138.74966,0.06937483
RP_0017,RP,spring,26,13.0,193.85161,0.0969258
RP_0017,RP,spring,27,13.5,132.99614,0.06649807
RP_0017,RP,spring,28,14.0,267.91522,0.13395761
RP_0017,RP,spring,29,14.5,214.35344,0.10717672
RP_0017,RP,spring,30,15.0,410.40768,0.20520385
RP_0017,RP,spring,31,15.5,296.8909,0.14844546
RP_0017,RP,spring,32,16.0,234.53065,0.11726533
RP_0017,RP,spring,33,16.5,76.12544,0.03806272
RP_0017,RP,spring,34,17.0,29.455706,0.014727853
RP_0017,RP,spring,35,17.5,114.19956,0.057099782
RP_0017,RP,spring,36,18.0,72.70416,0.036352083
RP_0017,RP,spring,37,18.5,143.89839,0.0719492
RP_0017,RP,spring,38,19.0,241.20587,0.120602936
RP_0017,RP,spring,39,19.5,223.38513,0.11169256
RP_0017,RP,spring,40,20.0,238.70471,0.119352356
RP_0017,RP,spring,41,20.5,125.87981,0.062939905
RP_0017,RP,spring,42,21.0,163.11507,0.081557535
RP_0017,RP,spring,43,21.5,223.90198,0.111950986
RP_0017,RP,spring,44,22.0,287.84045,0.14392023
RP_0017,RP,spring,45,22.5,294.46262,0.14723131
RP_0017,RP,spring,46,23.0,424.5108,0.2122554
RP_0017,RP,spring,47,23.5,371.66025,0.18583013
RP_0018,RP,summer,0,0.0,145.25882,0.07262941
RP_0018,RP,summer,1,0.5,135.9859,0.06799295
RP_0018,RP,summer,2,1.0,158.14992,0.07907496
RP_0018,RP,summer,3,1.5,263.78873,0.13189436
RP_0018,RP,summer,4,2.0,258.77896,0.12938948
RP_0018,RP,summer,5,2.5,123.38492,0.061692458
RP_0018,RP,summer,6,3.0,157.64197,0.07882098
RP_0018,RP,summer,7,3.5,165.51225,0.082756124
RP_0018,RP,summer,8,4.0,110.784164,0.055392083
RP_0018,RP,summer,9,4.5,174.1449,0.08707245
RP_0018,RP,summer,10,5.0,182.09485,0.09104742
RP_0018,RP,summer,11,5.5,165.50797,0.082753986
RP_0018,RP,summer,12,6.0,139.5718,0.06978589
RP_0018,RP,summer,13,6.5,148.27692,0.074138455
RP_0018,RP,summer,14,7.0,81.151375,0.040575687
RP_0018,RP,summer,15,7.5,124.21173,0.062105864
RP_0018,RP,summer,16,8.0,70.681076,0.035340536
RP_0018,RP,summer,17,8.5,105.28,0.05264
RP_0018,RP,summer,18,9.0,100.53981,0.050269905
RP_0018,RP,summer,19,9.5,103.67196,0.05183598
RP_0018,RP,summer,20,10.0,115.56339,0.057781696
RP_0018,RP,summer,21,10.5,82.27034,0.04113517
RP_0018,RP,summer,22,11.0,123.90331,0.061951656
RP_0018,RP,summer,23,11.5,172.91513,0.086457565
RP_0018,RP,summer,24,12.0,121.523094,0.06076155
RP_0018,RP,summer,25,12.5,556.917,0.2784585
RP_0018,RP,summer,26,13.0,224.5741,0.11228705
RP_0018,RP,summer,27,13.5,361.23303,0.18061651
RP_0018,RP,summer,28,14.0,118.58297,0.059291486
RP_0018,RP,summer,29,14.5,98.83311,0.049416553
RP_0018,RP,summer,30,15.0,84.34994,0.04217497
RP_0018,RP,summer,31,15.5,76.02188,0.03801094
RP_0018,RP,summer,32,16.0,77.56943,0.038784713
RP_0018,RP,summer,33,16.5,67.005936,0.033502966
RP_0018,RP,summer,34,17.0,81.332436,0.04066622
RP_0018,RP,summer,35,17.5,72.85037,0.036425184
RP_0018,RP,summer,36,18.0,72.95722,0.036478613
RP_0018,RP,summer,37,18.5,36.96555,0.018482774
RP_0018,RP,summer,38,19.0,79.82253,0.039911266
RP_0018,RP,summer,39,19.5,105.65111,0.052825555
RP_0018,RP,summer,40,20.0,47.96979,0.023984896
RP_0018,RP,summer,41,20.5,93.699684,0.046849843
RP_0018,RP,summer,42,21.0,331.04095,0.16552047
RP_0018,RP,summer,43,21.5,414.7944,0.20739721
RP_0018,RP,summer,44,22.0,917.9719,0.45898595
RP_0018,RP,summer,45,22.5,985.9228,0.4929614
RP_0018,RP,summer,46,23.0,320.79733,0.16039866
RP_0018,RP,summer,47,23.5,214.18387,0.10709193
RP_0019,RP,spring,0,0.0,1593.7186,0.7968593
RP_0019,RP,spring,1,0.5,1806.8545,0.90342724
RP_0019,RP,spring,2,1.0,1914.8052,0.9574026
RP_0019,RP,spring,3,1.5,2105.5288,1.0527644
RP_0019,RP,spring,4,2.0,2172.1475,1.0860738
RP_0019,RP,spring,5,2.5,1952.4048,0.97620237
RP_0019,RP,spring,6,3.0,1961.4225,0.9807112
RP_0019,RP,spring,7,3.5,1699.0876,0.8495438
RP_0019,RP,spring,8,4.0,1311.4154,0.6557077
RP_0019,RP,spring,9,4.5,1135.5853,0.56779265
RP_0019,RP,spring,10,5.0,928.6803,0.46434015
RP_0019,RP,spring,11,5.5,766.1432,0.3830716
RP_0019,RP,spring,12,6.0,590.798,0.29539898
RP_0019,RP,spring,13,6.5,574.4299,0.28721493
RP_0019,RP,spring,14,7.0,499.39575,0.24969788
RP_0019,RP,spring,15,7.5,400.53113,0.20026556
RP_0019,RP,spring,16,8.0,248.94281,0.1244714
RP_0019,RP,spring,17,8.5,301.5609,0.15078045
RP_0019,RP,spring,18,9.0,518.9738,0.2594869
RP_0019,RP,spring,19,9.5,707.75336,0.35387668
RP_0019,RP,spring,20,10.0,1131.9637,0.56598186
RP_0019,RP,spring,21,10.5,1003.5355,0.50176775
RP_0019,RP,spring,22,11.0,1409.4313,0.7047156
RP_0019,RP,spring,23,11.5,1353.7257,0.67686284
RP_0019,RP,spring,24,12.0,1180.9683,0.59048414
RP_0019,RP,spring,25,12.5,1202.6007,0.60130036
RP_0019,RP,spring,26,13.0,821.9123,0.41095614
RP_0019,RP,spring,27,13.5,667.49457,0.3337473
RP_0019,RP,spring,28,14.0,496.99326,0.24849662
RP_0019,RP,spring,29,14.5,494.9562,0.2474781
RP_0019,RP,spring,30,15.0,418.80212,0.20940106
RP_0019,RP,spring,31,15.5,395.87036,0.19793518
RP_0019,RP,spring,32,16.0,350.0575,0.17502874
RP_0019,RP,spring,33,16.5,460.16293,0.23008147
RP_0019,RP,spring,34,17.0,624.3399,0.31216994
RP_0019,RP,spring,35,17.5,674.02875,0.33701438
RP_0019,RP,spring,36,18.0,822.897,0.41144848
RP_0019,RP,spring,37,18.5,874.18225,0.4370911
RP_0019,RP,spring,38,19.0,1078.2567,0.53912836
RP_0019,RP,spring,39,19.5,1121.1381,0.56056905
RP_0019,RP,spring,40,20.0,1145.9569,0.57297844
RP_0019,RP,spring,41,20.5,1155.1775,0.57758874
RP_0019,RP,spring,42,21.0,1043.3196,0.5216598
RP_0019,RP,spring,43,21.5,1134.997,0.56749845
RP_0019,RP,spring,44,22.0,1341.4204,0.6707102
RP_0019,RP,spring,45,22.5,1460.7405,0.7303702
RP_0019,RP,spring,46,23.0,1318.6722,0.65933615
RP_0019,RP,spring,47,23.5,1502.0015,0.75100076
RP_0020,RP,autumn,0,0.0,184.80382,0.09240191
RP_0020,RP,autumn,1,0.5,169.80458,0.084902294
RP_0020,RP,autumn,2,1.0,173.34624,0.08667312
RP_0020,RP,autumn,3,1.5,204.95795,0.10247897
RP_0020,RP,autumn,4,2.0,241.79895,0.120899476
RP_0020,RP,autumn,5,2.5,187.0531,0.09352655
RP_0020,RP,autumn,6,3.0,190.88469,0.09544235
RP_0020,RP,autumn,7,3.5,189.41585,0.09470792
RP_0020,RP,autumn,8,4.0,168.32286,0.08416143
RP_0020,RP,autumn,9,4.5,180.29382,0.090146914
RP_0020,RP,autumn,10,5.0,173.69424,0.08684712
RP_0020,RP,autumn,11,5.5,169.20473,0.08460236
RP_0020,RP,autumn,12,6.0,164.90114,0.08245057
RP_0020,RP,autumn,13,6.5,178.09796,0.08904898
RP_0020,RP,autumn,14,7.0,174.28377,0.08714189
RP_0020,RP,autumn,15,7.5,189.9047,0.094952345
RP_0020,RP,autumn,16,8.0,141.19063,0.07059532
RP_0020,RP,autumn,17,8.5,130.10294,0.065051466
RP_0020,RP,autumn,18,9.0,117.129326,0.058564663
RP_0020,RP,autumn,19,9.5,124.60048,0.06230024
RP_0020,RP,autumn,20,10.0,132.71567,0.066357836
RP_0020,RP,autumn,21,10.5,126.21677,0.063108385
RP_0020,RP,autumn,22,11.0,115.18898,0.05759449
RP_0020,RP,autumn,23,11.5,131.21924,0.06560962
RP_0020,RP,autumn,24,12.0,99.597206,0.049798604
RP_0020,RP,autumn,25,12.5,136.8941,0.06844705
RP_0020,RP,autumn,26,13.0,132.01152,0.06600576
RP_0020,RP,autumn,27,13.5,129.68631,0.064843155
RP_0020,RP,autumn,28,14.0,126.49618,0.06324809
RP_0020,RP,autumn,29,14.5,132.34306,0.066171534
RP_0020,RP,autumn,30,15.0,133.39337,0.06669669
RP_0020,RP,autumn,31,15.5,121.49792,0.060748957
RP_0020,RP,autumn,32,16.0,132.14801,0.066074006
RP_0020,RP,autumn,33,16.5,127.8329,0.06391645
RP_0020,RP,autumn,34,17.0,130.49223,0.06524612
RP_0020,RP,autumn,35,17.5,139.80457,0.069902286
RP_0020,RP,autumn,36,18.0,161.3408,0.0806704
RP_0020,RP,autumn,37,18.5,146.04082,0.073020406
RP_0020,RP,autumn,38,19.0,151.736,0.075867996
RP_0020,RP,autumn,39,19.5,163.70233,0.08185117
RP_0020,RP,autumn,40,20.0,132.10675,0.066053376
RP_0020,RP,autumn,41,20.5,155.76353,0.07788177
RP_0020,RP,autumn,42,21.0,162.17168,0.08108584
RP_0020,RP,autumn,43,21.5,154.43779,0.0772189
RP_0020,RP,autumn,44,22.0,159.58456,0.07979228
RP_0020,RP,autumn,45,22.5,160.08505,0.080042526
RP_0020,RP,autumn,46,23.0,140.9659,0.07048295
RP_0020,RP,autumn,47,23.5,154.69623,0.07734811
RP_0021,RP,autumn,0,0.0,367.44107,0.18372053
RP_0021,RP,autumn,1,0.5,377.8952,0.1889476
RP_0021,RP,autumn,2,1.0,438.72403,0.21936202
RP_0021,RP,autumn,3,1.5,447.56595,0.22378297
RP_0021,RP,autumn,4,2.0,463.48895,0.23174448
RP_0021,RP,autumn,5,2.5,398.75272,0.19937636
RP_0021,RP,autumn,6,3.0,424.94992,0.21247496
RP_0021,RP,autumn,7,3.5,456.13556,0.22806779
RP_0021,RP,autumn,8,4.0,426.12408,0.21306205
RP_0021,RP,autumn,9,4.5,424.80554,0.21240278
RP_0021,RP,autumn,10,5.0,436.1294,0.2180647
RP_0021,RP,autumn,11,5.5,438.6519,0.21932594
RP_0021,RP,autumn,12,6.0,450.16928,0.22508465
RP_0021,RP,autumn,13,6.5,443.2002,0.2216001
RP_0021,RP,autumn,14,7.0,389.45877,0.19472939
RP_0021,RP,autumn,15,7.5,359.44955,0.17972478
RP_0021,RP,autumn,16,8.0,261.78815,0.13089408
RP_0021,RP,autumn,17,8.5,237.52359,0.11876179
RP_0021,RP,autumn,18,9.0,223.51956,0.11175978
RP_0021,RP,autumn,19,9.5,228.36752,0.11418376
RP_0021,RP,autumn,20,10.0,200.7347,0.100367345
RP_0021,RP,autumn,21,10.5,201.07657,0.10053828
RP_0021,RP,autumn,22,11.0,206.28656,0.10314328
RP_0021,RP,autumn,23,11.5,225.30197,0.11265098
RP_0021,RP,autumn,24,12.0,206.33934,0.10316967
RP_0021,RP,autumn,25,12.5,213.98244,0.10699122
RP_0021,RP,autumn,26,13.0,215.05183,0.107525915
RP_0021,RP,autumn,27,13.5,226.47668,0.11323834
RP_0021,RP,autumn,28,14.0,224.7916,0.1123958
RP_0021,RP,autumn,29,14.5,223.60405,0.11180203
RP_0021,RP,autumn,30,15.0,247.6056,0.1238028
RP_0021,RP,autumn,31,15.5,241.76399,0.120882
RP_0021,RP,autumn,32,16.0,265.3049,0.13265245
RP_0021,RP,autumn,33,16.5,265.31354,0.13265677
RP_0021,RP,autumn,34,17.0,264.07767,0.13203883
RP_0021,RP,autumn,35,17.5,284.22556,0.14211278
RP_0021,RP,autumn,36,18.0,326.3731,0.16318655
RP_0021,RP,autumn,37,18.5,302.90027,0.15145013
RP_0021,RP,autumn,38,19.0,339.88815,0.16994408
RP_0021,RP,autumn,39,19.5,373.12006,0.18656003
RP_0021,RP,autumn,40,20.0,346.0334,0.1730167
RP_0021,RP,autumn,41,20.5,341.39505,0.17069753
RP_0021,RP,autumn,42,21.0,334.53085,0.16726543
RP_0021,RP,autumn,43,21.5,374.06906,0.18703453
RP_0021,RP,autumn,44,22.0,312.83026,0.15641513
RP_0021,RP,autumn,45,22.5,351.90118,0.17595059
RP_0021,RP,autumn,46,23.0,322.18823,0.16109411
RP_0021,RP,autumn,47,23.5,334.39456,0.16719729
RP_0022,RP,spring,0,0.0,516.2437,0.25812185
RP_0022,RP,spring,1,0.5,468.0264,0.2340132
RP_0022,RP,spring,2,1.0,563.4254,0.2817127
RP_0022,RP,spring,3,1.5,627.2423,0.31362116
RP_0022,RP,spring,4,2.0,629.1261,0.31456304
RP_0022,RP,spring,5,2.5,667.1695,0.33358476
RP_0022,RP,spring,6,3.0,722.88837,0.36144418
RP_0022,RP,spring,7,3.5,696.80005,0.34840003
RP_0022,RP,spring,8,4.0,704.4151,0.35220754
RP_0022,RP,spring,9,4.5,678.02246,0.33901122
RP_0022,RP,spring,10,5.0,661.05676,0.33052838
RP_0022,RP,spring,11,5.5,640.3396,0.3201698
RP_0022,RP,spring,12,6.0,617.2561,0.30862805
RP_0022,RP,spring,13,6.5,595.3329,0.29766643
RP_0022,RP,spring,14,7.0,598.6228,0.2993114
RP_0022,RP,spring,15,7.5,590.17413,0.29508707
RP_0022,RP,spring,16,8.0,581.0188,0.2905094
RP_0022,RP,spring,17,8.5,536.1661,0.26808304
RP_0022,RP,spring,18,9.0,604.9176,0.3024588
RP_0022,RP,spring,19,9.5,637.7333,0.31886664
RP_0022,RP,spring,20,10.0,608.653,0.3043265
RP_0022,RP,spring,21,10.5,581.6591,0.29082957
RP_0022,RP,spring,22,11.0,603.8628,0.3019314
RP_0022,RP,spring,23,11.5,482.24228,0.24112114
RP_0022,RP,spring,24,12.0,513.98596,0.256993
RP_0022,RP,spring,25,12.5,493.7983,0.24689916
RP_0022,RP,spring,26,13.0,503.99756,0.25199878
RP_0022,RP,spring,27,13.5,516.61774,0.25830886
RP_0022,RP,spring,28,14.0,611.0552,0.3055276
RP_0022,RP,spring,29,14.5,635.60364,0.31780183
RP_0022,RP,spring,30,15.0,680.2401,0.34012005
RP_0022,RP,spring,31,15.5,642.727,0.3213635
RP_0022,RP,spring,32,16.0,557.1448,0.27857238
RP_0022,RP,spring,33,16.5,436.1911,0.21809556
RP_0022,RP,spring,34,17.0,436.66522,0.21833262
RP_0022,RP,spring,35,17.5,458.09283,0.22904642
RP_0022,RP,spring,36,18.0,396.14276,0.19807138
RP_0022,RP,spring,37,18.5,413.45828,0.20672914
RP_0022,RP,spring,38,19.0,462.86392,0.23143196
RP_0022,RP,spring,39,19.5,461.25888,0.23062944
RP_0022,RP,spring,40,20.0,475.04486,0.23752242
RP_0022,RP,spring,41,20.5,452.35754,0.22617877
RP_0022,RP,spring,42,21.0,462.98447,0.23149224
RP_0022,RP,spring,43,21.5,464.9464,0.23247321
RP_0022,RP,spring,44,22.0,471.4405,0.23572025
RP_0022,RP,spring,45,22.5,484.41364,0.24220681
RP_0022,RP,spring,46,23.0,456.72144,0.22836071
RP_0022,RP,spring,47,23.5,453.80588,0.22690293
RP_0023,RP,summer,0,0.0,25.626986,0.012813493
RP_0023,RP,summer,1,0.5,14.815012,0.007407506
RP_0023,RP,summer,2,1.0,12.340479,0.0061702393
RP_0023,RP,summer,3,1.5,14.291573,0.007145786
RP_0023,RP,summer,4,2.0,14.6303215,0.0073151607
RP_0023,RP,summer,5,2.5,13.220259,0.0066101295
RP_0023,RP,summer,6,3.0,12.25721,0.006128605
RP_0023,RP,summer,7,3.5,18.983929,0.009491964
RP_0023,RP,summer,8,4.0,15.342886,0.007671443
RP_0023,RP,summer,9,4.5,13.65414,0.0068270704
RP_0023,RP,summer,10,5.0,16.665533,0.008332767
RP_0023,RP,summer,11,5.5,13.654584,0.006827292
RP_0023,RP,summer,12,6.0,13.850671,0.0069253356
RP_0023,RP,summer,13,6.5,17.87544,0.00893772
RP_0023,RP,summer,14,7.0,15.591442,0.007795721
RP_0023,RP,summer,15,7.5,14.027785,0.0070138928
RP_0023,RP,summer,16,8.0,19.0909,0.00954545
RP_0023,RP,summer,17,8.5,15.990656,0.007995328
RP_0023,RP,summer,18,9.0,17.732038,0.00886602
RP_0023,RP,summer,19,9.5,17.271118,0.008635559
RP_0023,RP,summer,20,10.0,46.011974,0.023005987
RP_0023,RP,summer,21,10.5,73.6726,0.0368363
RP_0023,RP,summer,22,11.0,72.28133,0.03614066
RP_0023,RP,summer,23,11.5,122.01918,0.06100959
RP_0023,RP,summer,24,12.0,91.05924,0.045529623
RP_0023,RP,summer,25,12.5,89.279816,0.044639908
RP_0023,RP,summer,26,13.0,47.551777,0.023775889
RP_0023,RP,summer,27,13.5,29.287891,0.014643946
RP_0023,RP,summer,28,14.0,22.665886,0.011332943
RP_0023,RP,summer,29,14.5,17.15865,0.008579325
RP_0023,RP,summer,30,15.0,17.997305,0.008998653
RP_0023,RP,summer,31,15.5,13.709972,0.0068549863
RP_0023,RP,summer,32,16.0,21.163332,0.010581666
RP_0023,RP,summer,33,16.5,21.963224,0.010981612
RP_0023,RP,summer,34,17.0,18.241453,0.009120727
RP_0023,RP,summer,35,17.5,15.949701,0.007974851
RP_0023,RP,summer,36,18.0,21.41301,0.010706505
RP_0023,RP,summer,37,18.5,19.560518,0.009780259
RP_0023,RP,summer,38,19.0,19.512241,0.009756121
RP_0023,RP,summer,39,19.5,31.486664,0.015743332
RP_0023,RP,summer,40,20.0,26.287693,0.013143847
RP_0023,RP,summer,41,20.5,29.446856,0.014723428
RP_0023,RP,summer,42,21.0,28.990297,0.014495148
RP_0023,RP,summer,43,21.5,20.348074,0.010174037
RP_0023,RP,summer,44,22.0,34.509674,0.017254837
RP_0023,RP,summer,45,22.5,26.941431,0.013470716
RP_0023,RP,summer,46,23.0,29.17358,0.01458679
RP_0023,RP,summer,47,23.5,32.071064,0.016035533
RP_0024,RP,winter,0,0.0,1443.3586,0.72167933
RP_0024,RP,winter,1,0.5,1372.2036,0.6861018
RP_0024,RP,winter,2,1.0,1370.5715,0.68528575
RP_0024,RP,winter,3,1.5,1298.849,0.6494245
RP_0024,RP,winter,4,2.0,1380.353,0.6901765
RP_0024,RP,winter,5,2.5,1373.4646,0.6867323
RP_0024,RP,winter,6,3.0,1222.682,0.611341
RP_0024,RP,winter,7,3.5,1110.4207,0.55521035
RP_0024,RP,winter,8,4.0,1109.8993,0.55494964
RP_0024,RP,winter,9,4.5,1171.9318,0.5859659
RP_0024,RP,winter,10,5.0,1174.3442,0.5871721
RP_0024,RP,winter,11,5.5,1245.6721,0.62283605
RP_0024,RP,winter,12,6.0,1371.2368,0.6856184
RP_0024,RP,winter,13,6.5,1348.854,0.674427
RP_0024,RP,winter,14,7.0,1353.8058,0.6769029
RP_0024,RP,winter,15,7.5,1425.2196,0.7126098
RP_0024,RP,winter,16,8.0,1558.2804,0.7791402
RP_0024,RP,winter,17,8.5,1492.1771,0.74608856
RP_0024,RP,winter,18,9.0,1539.0264,0.7695132
RP_0024,RP,winter,19,9.5,1390.0404,0.6950202
RP_0024,RP,winter,20,10.0,1402.57,0.70128495
RP_0024,RP,winter,21,10.5,1383.7719,0.69188595
RP_0024,RP,winter,22,11.0,1351.0424,0.6755212
RP_0024,RP,winter,23,11.5,1327.706,0.66385305
RP_0024,RP,winter,24,12.0,1302.7411,0.6513705
RP_0024,RP,winter,25,12.5,1374.6632,0.6873316
RP_0024,RP,winter,26,13.0,1191.5385,0.5957692
RP_0024,RP,winter,27,13.5,1235.3129,0.6176564
RP_0024,RP,winter,28,14.0,1362.6306,0.6813153
RP_0024,RP,winter,29,14.5,1357.214,0.678607
RP_0024,RP,winter,30,15.0,1476.123,0.73806155
RP_0024,RP,winter,31,15.5,1602.8055,0.80140275
RP_0024,RP,winter,32,16.0,1548.8396,0.7744198
RP_0024,RP,winter,33,16.5,1663.4701,0.8317351
RP_0024,RP,winter,34,17.0,1637.486,0.818743
RP_0024,RP,winter,35,17.5,1569.2965,0.78464824
RP_0024,RP,winter,36,18.0,1575.008,0.787504
RP_0024,RP,winter,37,18.5,1745.3804,0.8726902
RP_0024,RP,winter,38,19.0,1733.9768,0.8669884
RP_0024,RP,winter,39,19.5,1719.7914,0.8598957
RP_0024,RP,winter,40,20.0,1671.3828,0.8356914
RP_0024,RP,winter,41,20.5,1657.3478,0.8286739
RP_0024,RP,winter,42,21.0,1560.6057,0.7803029
RP_0024,RP,winter,43,21.5,1580.8165,0.79040825
RP_0024,RP,winter,44,22.0,1495.6036,0.74780184
RP_0024,RP,winter,45,22.5,1498.4159,0.749208
RP_0024,RP,winter,46,23.0,1397.0472,0.69852364
RP_0024,RP,winter,47,23.5,1389.0637,0.69453186
RP_0025,RP,winter,0,0.0,1557.462,0.778731
RP_0025,RP,winter,1,0.5,1646.0815,0.8230408
RP_0025,RP,winter,2,1.0,1691.4949,0.8457474
RP_0025,RP,winter,3,1.5,1860.3167,0.9301583
RP_0025,RP,winter,4,2.0,1673.0104,0.8365052
RP_0025,RP,winter,5,2.5,1668.192,0.834096
RP_0025,RP,winter,6,3.0,1642.4069,0.8212034
RP_0025,RP,winter,7,3.5,1487.0503,0.74352515
RP_0025,RP,winter,8,4.0,1457.953,0.7289765
RP_0025,RP,winter,9,4.5,1457.3867,0.72869337
RP_0025,RP,winter,10,5.0,1545.8752,0.7729376
RP_0025,RP,winter,11,5.5,1501.8704,0.7509352
RP_0025,RP,winter,12,6.0,1502.8582,0.7514291
RP_0025,RP,winter,13,6.5,1414.3279,0.70716393
RP_0025,RP,winter,14,7.0,1626.4462,0.81322306
RP_0025,RP,winter,15,7.5,1506.8146,0.7534073
RP_0025,RP,winter,16,8.0,1632.1732,0.8160866
RP_0025,RP,winter,17,8.5,1445.3608,0.72268045
RP_0025,RP,winter,18,9.0,1373.6147,0.6868074
RP_0025,RP,winter,19,9.5,1244.137,0.62206846
RP_0025,RP,winter,20,10.0,1294.1649,0.64708245
RP_0025,RP,winter,21,10.5,1170.769,0.58538455
RP_0025,RP,winter,22,11.0,1078.9779,0.539489
RP_0025,RP,winter,23,11.5,954.7637,0.47738183
RP_0025,RP,winter,24,12.0,968.0665,0.48403326
RP_0025,RP,winter,25,12.5,1041.5726,0.52078635
RP_0025,RP,winter,26,13.0,935.58685,0.46779343
RP_0025,RP,winter,27,13.5,1012.9534,0.5064767
RP_0025,RP,winter,28,14.0,1191.994,0.59599704
RP_0025,RP,winter,29,14.5,1225.0083,0.6125041
RP_0025,RP,winter,30,15.0,1165.9971,0.5829985
RP_0025,RP,winter,31,15.5,998.69257,0.4993463
RP_0025,RP,winter,32,16.0,1068.194,0.53409696
RP_0025,RP,winter,33,16.5,1033.2877,0.5166439
RP_0025,RP,winter,34,17.0,1067.7429,0.5338715
RP_0025,RP,winter,35,17.5,986.94073,0.49347037
RP_0025,RP,winter,36,18.0,1172.117,0.5860585
RP_0025,RP,winter,37,18.5,1188.3763,0.59418815
RP_0025,RP,winter,38,19.0,1313.7493,0.65687466
RP_0025,RP,winter,39,19.5,1212.0059,0.6060029
RP_0025,RP,winter,40,20.0,1235.1473,0.6175737
RP_0025,RP,winter,41,20.5,1121.151,0.5605755
RP_0025,RP,winter,42,21.0,1102.6511,0.55132556
RP_0025,RP,winter,43,21.5,1095.6201,0.5478101
RP_0025,RP,winter,44,22.0,1082.5656,0.5412828
RP_0025,RP,winter,45,22.5,1109.1473,0.55457366
RP_0025,RP,winter,46,23.0,1118.569,0.5592845
RP_0025,RP,winter,47,23.5,1226.6351,0.61331755
RP_0026,RP,spring,0,0.0,1588.3431,0.7941716
RP_0026,RP,spring,1,0.5,1708.9136,0.8544568
RP_0026,RP,spring,2,1.0,1674.1274,0.8370637
RP_0026,RP,spring,3,1.5,1674.8729,0.83743644
RP_0026,RP,spring,4,2.0,1502.7722,0.7513861
RP_0026,RP,spring,5,2.5,1163.2668,0.58163345
RP_0026,RP,spring,6,3.0,1112.1008,0.5560504
RP_0026,RP,spring,7,3.5,917.71735,0.45885867
RP_0026,RP,spring,8,4.0,873.7688,0.4368844
RP_0026,RP,spring,9,4.5,835.99,0.417995
RP_0026,RP,spring,10,5.0,989.66315,0.49483156
RP_0026,RP,spring,11,5.5,913.53406,0.45676702
RP_0026,RP,spring,12,6.0,1263.2759,0.63163793
RP_0026,RP,spring,13,6.5,1222.5548,0.6112774
RP_0026,RP,spring,14,7.0,1386.5261,0.69326305
RP_0026,RP,spring,15,7.5,905.3079,0.45265397
RP_0026,RP,spring,16,8.0,688.6481,0.34432402
RP_0026,RP,spring,17,8.5,552.7611,0.27638057
RP_0026,RP,spring,18,9.0,436.63766,0.21831883
RP_0026,RP,spring,19,9.5,344.24573,0.17212287
RP_0026,RP,spring,20,10.0,279.20032,0.13960016
RP_0026,RP,spring,21,10.5,251.95393,0.12597696
RP_0026,RP,spring,22,11.0,275.50333,0.13775167
RP_0026,RP,spring,23,11.5,248.42514,0.12421257
RP_0026,RP,spring,24,12.0,357.51035,0.17875518
RP_0026,RP,spring,25,12.5,321.6227,0.16081135
RP_0026,RP,spring,26,13.0,141.07872,0.07053936
RP_0026,RP,spring,27,13.5,60.33573,0.030167866
RP_0026,RP,spring,28,14.0,39.20371,0.019601854
RP_0026,RP,spring,29,14.5,26.801943,0.013400971
RP_0026,RP,spring,30,15.0,23.507633,0.011753816
RP_0026,RP,spring,31,15.5,59.202934,0.029601468
RP_0026,RP,spring,32,16.0,108.714516,0.054357257
RP_0026,RP,spring,33,16.5,140.94824,0.07047412
RP_0026,RP,spring,34,17.0,226.23329,0.113116644
RP_0026,RP,spring,35,17.5,380.90408,0.19045204
RP_0026,RP,spring,36,18.0,439.88297,0.21994148
RP_0026,RP,spring,37,18.5,549.7449,0.27487242
RP_0026,RP,spring,38,19.0,765.1525,0.38257626
RP_0026,RP,spring,39,19.5,813.4024,0.4067012
RP_0026,RP,spring,40,20.0,792.6718,0.3963359
RP_0026,RP,spring,41,20.5,666.3445,0.33317223
RP_0026,RP,spring,42,21.0,586.65814,0.29332906
RP_0026,RP,spring,43,21.5,522.83417,0.2614171
RP_0026,RP,spring,44,22.0,515.46765,0.25773382
RP_0026,RP,spring,45,22.5,498.8098,0.2494049
RP_0026,RP,spring,46,23.0,733.8256,0.3669128
RP_0026,RP,spring,47,23.5,1392.8895,0.69644475
RP_0027,RP,winter,0,0.0,1340.197,0.6700985
RP_0027,RP,winter,1,0.5,1249.5946,0.6247973
RP_0027,RP,winter,2,1.0,1264.5365,0.63226825
RP_0027,RP,winter,3,1.5,1234.8561,0.61742806
RP_0027,RP,winter,4,2.0,1356.7931,0.6783965
RP_0027,RP,winter,5,2.5,1198.2867,0.5991434
RP_0027,RP,winter,6,3.0,1297.4366,0.6487183
RP_0027,RP,winter,7,3.5,1446.6138,0.7233069
RP_0027,RP,winter,8,4.0,1636.3324,0.8181662
RP_0027,RP,winter,9,4.5,1697.212,0.848606
RP_0027,RP,winter,10,5.0,1637.679,0.8188395
RP_0027,RP,winter,11,5.5,1713.6852,0.8568426
RP_0027,RP,winter,12,6.0,1481.7367,0.74086833
RP_0027,RP,winter,13,6.5,1436.5955,0.7182977
RP_0027,RP,winter,14,7.0,1714.0336,0.8570168
RP_0027,RP,winter,15,7.5,1689.8066,0.84490335
RP_0027,RP,winter,16,8.0,1593.3856,0.7966928
RP_0027,RP,winter,17,8.5,1588.1166,0.79405826
RP_0027,RP,winter,18,9.0,1520.4489,0.7602244
RP_0027,RP,winter,19,9.5,1582.341,0.7911705
RP_0027,RP,winter,20,10.0,1641.6821,0.8208411
RP_0027,RP,winter,21,10.5,1552.491,0.7762455
RP_0027,RP,winter,22,11.0,1693.1606,0.8465803
RP_0027,RP,winter,23,11.5,1620.7787,0.81038934
RP_0027,RP,winter,24,12.0,1547.4686,0.77373433
RP_0027,RP,winter,25,12.5,1354.6375,0.67731875
RP_0027,RP,winter,26,13.0,1449.4536,0.7247268
RP_0027,RP,winter,27,13.5,1428.3009,0.7141504
RP_0027,RP,winter,28,14.0,1528.2985,0.76414925
RP_0027,RP,winter,29,14.5,1390.8394,0.69541967
RP_0027,RP,winter,30,15.0,1535.2784,0.7676392
RP_0027,RP,winter,31,15.5,1709.4307,0.85471535
RP_0027,RP,winter,32,16.0,1544.3367,0.77216834
RP_0027,RP,winter,33,16.5,1972.2283,0.98611414
RP_0027,RP,winter,34,17.0,1994.3906,0.9971953
RP_0027,RP,winter,35,17.5,2027.6042,1.0138022
RP_0027,RP,winter,36,18.0,2099.7268,1.0498635
RP_0027,RP,winter,37,18.5,2017.5055,1.0087527
RP_0027,RP,winter,38,19.0,2301.0806,1.1505402
RP_0027,RP,winter,39,19.5,2454.9587,1.2274793
RP_0027,RP,winter,40,20.0,2299.825,1.1499125
RP_0027,RP,winter,41,20.5,2251.984,1.125992
RP_0027,RP,winter,42,21.0,2448.3906,1.2241954
RP_0027,RP,winter,43,21.5,2451.0293,1.2255147
RP_0027,RP,winter,44,22.0,2377.5906,1.1887953
RP_0027,RP,winter,45,22.5,2476.0017,1.2380009
RP_0027,RP,winter,46,23.0,2642.414,1.321207
RP_0027,RP,winter,47,23.5,2139.7847,1.0698923
RP_0028,RP,autumn,0,0.0,1900.7349,0.95036745
RP_0028,RP,autumn,1,0.5,1912.9252,0.95646256
RP_0028,RP,autumn,2,1.0,1851.0931,0.9255466
RP_0028,RP,autumn,3,1.5,1801.6611,0.90083057
RP_0028,RP,autumn,4,2.0,1732.6849,0.8663425
RP_0028,RP,autumn,5,2.5,1636.0786,0.8180393
RP_0028,RP,autumn,6,3.0,1686.7996,0.84339976
RP_0028,RP,autumn,7,3.5,1574.4551,0.7872275
RP_0028,RP,autumn,8,4.0,1530.7615,0.76538074
RP_0028,RP,autumn,9,4.5,1496.4396,0.7482198
RP_0028,RP,autumn,10,5.0,1533.9209,0.76696044
RP_0028,RP,autumn,11,5.5,1600.6016,0.8003008
RP_0028,RP,autumn,12,6.0,1621.4578,0.8107289
RP_0028,RP,autumn,13,6.5,1580.2201,0.79011005
RP_0028,RP,autumn,14,7.0,1633.1321,0.81656605
RP_0028,RP,autumn,15,7.5,1515.5278,0.7577639
RP_0028,RP,autumn,16,8.0,1450.3121,0.72515607
RP_0028,RP,autumn,17,8.5,1556.8691,0.7784346
RP_0028,RP,autumn,18,9.0,1705.7327,0.85286635
RP_0028,RP,autumn,19,9.5,1832.9098,0.9164549
RP_0028,RP,autumn,20,10.0,1748.3391,0.8741695
RP_0028,RP,autumn,21,10.5,1725.7308,0.8628654
RP_0028,RP,autumn,22,11.0,1756.3032,0.8781516
RP_0028,RP,autumn,23,11.5,1753.6917,0.87684584
RP_0028,RP,autumn,24,12.0,1650.8723,0.8254362
RP_0028,RP,autumn,25,12.5,1576.047,0.7880235
RP_0028,RP,autumn,26,13.0,1695.9849,0.8479924
RP_0028,RP,autumn,27,13.5,1716.6279,0.858314
RP_0028,RP,autumn,28,14.0,1704.6685,0.8523342
RP_0028,RP,autumn,29,14.5,1677.4113,0.8387056
RP_0028,RP,autumn,30,15.0,1769.5127,0.8847563
RP_0028,RP,autumn,31,15.5,1783.9427,0.89197135
RP_0028,RP,autumn,32,16.0,1714.5962,0.8572981
RP_0028,RP,autumn,33,16.5,1881.486,0.94074297
RP_0028,RP,autumn,34,17.0,1984.3296,0.9921648
RP_0028,RP,autumn,35,17.5,1894.4827,0.9472413
RP_0028,RP,autumn,36,18.0,2010.7773,1.0053886
RP_0028,RP,autumn,37,18.5,1874.5359,0.93726796
RP_0028,RP,autumn,38,19.0,2080.7139,1.0403569
RP_0028,RP,autumn,39,19.5,2182.4304,1.0912153
RP_0028,RP,autumn,40,20.0,2073.078,1.036539
RP_0028,RP,autumn,41,20.5,2092.1516,1.0460758
RP_0028,RP,autumn,42,21.0,2170.8442,1.0854222
RP_0028,RP,autumn,43,21.5,2253.2734,1.1266367
RP_0028,RP,autumn,44,22.0,2220.232,1.110116
RP_0028,RP,autumn,45,22.5,2322.6501,1.1613251
RP_0028,RP,autumn,46,23.0,2408.4614,1.2042307
RP_0028,RP,autumn,47,23.5,2185.8928,1.0929464
RP_0029,RP,winter,0,0.0,209.62645,0.104813226
RP_0029,RP,winter,1,0.5,262.72046,0.13136023
RP_0029,RP,winter,2,1.0,476.22443,0.23811221
RP_0029,RP,winter,3,1.5,748.11334,0.37405667
RP_0029,RP,winter,4,2.0,888.86774,0.44443387
RP_0029,RP,winter,5,2.5,781.6207,0.39081037
RP_0029,RP,winter,6,3.0,678.35864,0.3391793
RP_0029,RP,winter,7,3.5,534.113,0.2670565
RP_0029,RP,winter,8,4.0,494.98413,0.24749206
RP_0029,RP,winter,9,4.5,464.62125,0.23231062
RP_0029,RP,winter,10,5.0,489.22934,0.24461468
RP_0029,RP,winter,11,5.5,483.03122,0.2415156
RP_0029,RP,winter,12,6.0,773.806,0.38690302
RP_0029,RP,winter,13,6.5,829.8084,0.4149042
RP_0029,RP,winter,14,7.0,908.8156,0.4544078
RP_0029,RP,winter,15,7.5,843.53864,0.42176932
RP_0029,RP,winter,16,8.0,1141.5409,0.57077044
RP_0029,RP,winter,17,8.5,963.88214,0.48194107
RP_0029,RP,winter,18,9.0,1053.0798,0.5265399
RP_0029,RP,winter,19,9.5,778.79114,0.38939556
RP_0029,RP,winter,20,10.0,634.32935,0.31716466
RP_0029,RP,winter,21,10.5,489.46854,0.24473427
RP_0029,RP,winter,22,11.0,363.717,0.18185851
RP_0029,RP,winter,23,11.5,218.11736,0.10905868
RP_0029,RP,winter,24,12.0,229.58476,0.114792384
RP_0029,RP,winter,25,12.5,182.66629,0.09133314
RP_0029,RP,winter,26,13.0,179.65825,0.089829125
RP_0029,RP,winter,27,13.5,131.88707,0.06594353
RP_0029,RP,winter,28,14.0,160.77684,0.08038842
RP_0029,RP,winter,29,14.5,261.38885,0.13069443
RP_0029,RP,winter,30,15.0,380.51764,0.19025882
RP_0029,RP,winter,31,15.5,409.10107,0.20455053
RP_0029,RP,winter,32,16.0,452.59042,0.22629522
RP_0029,RP,winter,33,16.5,434.86893,0.21743447
RP_0029,RP,winter,34,17.0,464.49384,0.23224692
RP_0029,RP,winter,35,17.5,410.33862,0.2051693
RP_0029,RP,winter,36,18.0,444.2709,0.22213545
RP_0029,RP,winter,37,18.5,448.95477,0.22447738
RP_0029,RP,winter,38,19.0,422.69693,0.21134846
RP_0029,RP,winter,39,19.5,294.79883,0.14739941
RP_0029,RP,winter,40,20.0,271.00195,0.13550098
RP_0029,RP,winter,41,20.5,258.05618,0.1290281
RP_0029,RP,winter,42,21.0,187.58704,0.09379352
RP_0029,RP,winter,43,21.5,156.8663,0.07843315
RP_0029,RP,winter,44,22.0,159.72147,0.07986073
RP_0029,RP,winter,45,22.5,142.04109,0.07102054
RP_0029,RP,winter,46,23.0,145.42386,0.07271193
RP_0029,RP,winter,47,23.5,132.5118,0.0662559
RP_0030,RP,spring,0,0.0,0.23855677,0.00011927839
RP_0030,RP,spring,1,0.5,0.13198951,6.5994755e-05
RP_0030,RP,spring,2,1.0,1.4658673,0.00073293364
RP_0030,RP,spring,3,1.5,4.990486,0.002495243
RP_0030,RP,spring,4,2.0,14.019483,0.0070097414
RP_0030,RP,spring,5,2.5,39.14905,0.019574527
RP_0030,RP,spring,6,3.0,17.441195,0.008720597
RP_0030,RP,spring,7,3.5,19.327877,0.009663939
RP_0030,RP,spring,8,4.0,30.914497,0.015457248
RP_0030,RP,spring,9,4.5,29.330975,0.014665487
RP_0030,RP,spring,10,5.0,23.298815,0.011649407
RP_0030,RP,spring,11,5.5,11.937714,0.0059688566
RP_0030,RP,spring,12,6.0,5.0393705,0.0025196853
RP_0030,RP,spring,13,6.5,5.2746763,0.0026373381
RP_0030,RP,spring,14,7.0,9.383746,0.004691873
RP_0030,RP,spring,15,7.5,14.304885,0.0071524424
RP_0030,RP,spring,16,8.0,9.53128,0.00476564
RP_0030,RP,spring,17,8.5,0.7139387,0.00035696937
RP_0030,RP,spring,18,9.0,0.4137918,0.0002068959
RP_0030,RP,spring,19,9.5,1.2173026,0.00060865126
RP_0030,RP,spring,20,10.0,0.0,0.0
RP_0030,RP,spring,21,10.5,0.19530226,9.765113e-05
RP_0030,RP,spring,22,11.0,0.0,0.0
RP_0030,RP,spring,23,11.5,0.025441365,1.2720682e-05
RP_0030,RP,spring,24,12.0,0.1192251,5.961255e-05
RP_0030,RP,spring,25,12.5,0.35646564,0.00017823282
RP_0030,RP,spring,26,13.0,0.0,0.0
RP_0030,RP,spring,27,13.5,0.35377434,0.00017688717
RP_0030,RP,spring,28,14.0,0.11185786,5.592893e-05
RP_0030,RP,spring,29,14.5,0.44834137,0.00022417068
RP_0030,RP,spring,30,15.0,0.46528608,0.00023264304
RP_0030,RP,spring,31,15.5,0.421517,0.0002107585
RP_0030,RP,spring,32,16.0,0.0,0.0
RP_0030,RP,spring,33,16.5,0.27932507,0.00013966253
RP_0030,RP,spring,34,17.0,0.0,0.0
RP_0030,RP,spring,35,17.5,0.15920691,7.960346e-05
RP_0030,RP,spring,36,18.0,0.0,0.0
RP_0030,RP,spring,37,18.5,0.0,0.0
RP_0030,RP,spring,38,19.0,0.030337812,1.5168906e-05
RP_0030,RP,spring,39,19.5,0.07209881,3.6049405e-05
RP_0030,RP,spring,40,20.0,0.0,0.0
RP_0030,RP,spring,41,20.5,0.0,0.0
RP_0030,RP,spring,42,21.0,0.0,0.0
RP_0030,RP,spring,43,21.5,0.0,0.0
RP_0030,RP,spring,44,22.0,0.0,0.0
RP_0030,RP,spring,45,22.5,0.0,0.0
RP_0030,RP,spring,46,23.0,0.0,0.0
RP_0030,RP,spring,47,23.5,0.0,0.0
RP_0031,RP,summer,0,0.0,326.96027,0.16348013
RP_0031,RP,summer,1,0.5,284.8227,0.14241135
RP_0031,RP,summer,2,1.0,264.49713,0.13224857
RP_0031,RP,summer,3,1.5,251.96745,0.12598373
RP_0031,RP,summer,4,2.0,252.64348,0.12632173
RP_0031,RP,summer,5,2.5,209.95282,0.10497641
RP_0031,RP,summer,6,3.0,216.76025,0.108380124
RP_0031,RP,summer,7,3.5,226.91565,0.11345782
RP_0031,RP,summer,8,4.0,211.2002,0.1056001
RP_0031,RP,summer,9,4.5,193.73976,0.09686988
RP_0031,RP,summer,10,5.0,217.36438,0.10868219
RP_0031,RP,summer,11,5.5,224.06483,0.11203242
RP_0031,RP,summer,12,6.0,242.66837,0.12133418
RP_0031,RP,summer,13,6.5,257.55884,0.12877943
RP_0031,RP,summer,14,7.0,307.6972,0.1538486
RP_0031,RP,summer,15,7.5,272.1965,0.13609825
RP_0031,RP,summer,16,8.0,231.57861,0.11578931
RP_0031,RP,summer,17,8.5,209.12968,0.104564846
RP_0031,RP,summer,18,9.0,229.37924,0.11468962
RP_0031,RP,summer,19,9.5,191.3951,0.095697545
RP_0031,RP,summer,20,10.0,162.32681,0.08116341
RP_0031,RP,summer,21,10.5,136.01457,0.06800728
RP_0031,RP,summer,22,11.0,133.23474,0.06661737
RP_0031,RP,summer,23,11.5,182.36754,0.09118377
RP_0031,RP,summer,24,12.0,178.31656,0.08915828
RP_0031,RP,summer,25,12.5,231.44568,0.11572284
RP_0031,RP,summer,26,13.0,247.6375,0.12381875
RP_0031,RP,summer,27,13.5,204.89215,0.10244607
RP_0031,RP,summer,28,14.0,200.38466,0.10019233
RP_0031,RP,summer,29,14.5,194.51826,0.097259134
RP_0031,RP,summer,30,15.0,161.78047,0.08089024
RP_0031,RP,summer,31,15.5,173.69067,0.08684534
RP_0031,RP,summer,32,16.0,214.14981,0.10707491
RP_0031,RP,summer,33,16.5,233.42276,0.11671138
RP_0031,RP,summer,34,17.0,276.779,0.1383895
RP_0031,RP,summer,35,17.5,291.89685,0.14594842
RP_0031,RP,summer,36,18.0,434.6171,0.21730855
RP_0031,RP,summer,37,18.5,520.9676,0.2604838
RP_0031,RP,summer,38,19.0,746.1221,0.37306103
RP_0031,RP,summer,39,19.5,849.0673,0.42453367
RP_0031,RP,summer,40,20.0,823.5585,0.41177922
RP_0031,RP,summer,41,20.5,748.7341,0.37436703
RP_0031,RP,summer,42,21.0,785.093,0.3925465
RP_0031,RP,summer,43,21.5,756.22046,0.37811023
RP_0031,RP,summer,44,22.0,697.4346,0.34871727
RP_0031,RP,summer,45,22.5,738.04663,0.36902332
RP_0031,RP,summer,46,23.0,645.1183,0.32255915
RP_0031,RP,summer,47,23.5,449.7689,0.22488445
RP_0032,RP,summer,0,0.0,207.18172,0.10359086
RP_0032,RP,summer,1,0.5,175.40894,0.087704465
RP_0032,RP,summer,2,1.0,124.71588,0.06235794
RP_0032,RP,summer,3,1.5,133.01869,0.06650934
RP_0032,RP,summer,4,2.0,143.77649,0.071888246
RP_0032,RP,summer,5,2.5,123.144646,0.061572324
RP_0032,RP,summer,6,3.0,116.2339,0.05811695
RP_0032,RP,summer,7,3.5,124.40317,0.062201586
RP_0032,RP,summer,8,4.0,135.11691,0.06755846
RP_0032,RP,summer,9,4.5,105.26145,0.052630726
RP_0032,RP,summer,10,5.0,141.85765,0.07092883
RP_0032,RP,summer,11,5.5,120.8293,0.06041465
RP_0032,RP,summer,12,6.0,131.48746,0.06574373
RP_0032,RP,summer,13,6.5,112.074875,0.056037437
RP_0032,RP,summer,14,7.0,141.47643,0.07073821
RP_0032,RP,summer,15,7.5,111.30604,0.05565302
RP_0032,RP,summer,16,8.0,143.94531,0.07197265
RP_0032,RP,summer,17,8.5,123.35865,0.061679326
RP_0032,RP,summer,18,9.0,204.91454,0.10245727
RP_0032,RP,summer,19,9.5,260.46512,0.13023256
RP_0032,RP,summer,20,10.0,356.84442,0.17842221
RP_0032,RP,summer,21,10.5,363.92456,0.18196228
RP_0032,RP,summer,22,11.0,421.13705,0.21056853
RP_0032,RP,summer,23,11.5,578.2369,0.28911844
RP_0032,RP,summer,24,12.0,512.04236,0.25602117
RP_0032,RP,summer,25,12.5,273.79163,0.1368958
RP_0032,RP,summer,26,13.0,247.63275,0.12381638
RP_0032,RP,summer,27,13.5,128.87314,0.06443657
RP_0032,RP,summer,28,14.0,135.79582,0.06789791
RP_0032,RP,summer,29,14.5,124.109795,0.0620549
RP_0032,RP,summer,30,15.0,109.31491,0.054657456
RP_0032,RP,summer,31,15.5,118.26777,0.059133884
RP_0032,RP,summer,32,16.0,143.8501,0.07192505
RP_0032,RP,summer,33,16.5,144.76393,0.072381966
RP_0032,RP,summer,34,17.0,150.59262,0.07529631
RP_0032,RP,summer,35,17.5,157.31725,0.078658625
RP_0032,RP,summer,36,18.0,193.96007,0.096980035
RP_0032,RP,summer,37,18.5,245.39714,0.12269857
RP_0032,RP,summer,38,19.0,276.2445,0.13812226
RP_0032,RP,summer,39,19.5,313.12924,0.15656462
RP_0032,RP,summer,40,20.0,351.1014,0.1755507
RP_0032,RP,summer,41,20.5,284.47128,0.14223564
RP_0032,RP,summer,42,21.0,367.49588,0.18374795
RP_0032,RP,summer,43,21.5,326.198,0.163099
RP_0032,RP,summer,44,22.0,404.6885,0.20234425
RP_0032,RP,summer,45,22.5,339.25757,0.16962878
RP_0032,RP,summer,46,23.0,276.60287,0.13830143
RP_0032,RP,summer,47,23.5,207.02255,0.103511274
RP_0033,RP,spring,0,0.0,3606.3516,1.8031758
RP_0033,RP,spring,1,0.5,2261.366,1.130683
RP_0033,RP,spring,2,1.0,1153.7714,0.5768857
RP_0033,RP,spring,3,1.5,802.9561,0.40147805
RP_0033,RP,spring,4,2.0,603.5289,0.30176443
RP_0033,RP,spring,5,2.5,659.8384,0.3299192
RP_0033,RP,spring,6,3.0,638.70593,0.31935295
RP_0033,RP,spring,7,3.5,701.2435,0.35062176
RP_0033,RP,spring,8,4.0,833.0291,0.41651455
RP_0033,RP,spring,9,4.5,794.98413,0.39749205
RP_0033,RP,spring,10,5.0,695.1822,0.3475911
RP_0033,RP,spring,11,5.5,854.6587,0.42732933
RP_0033,RP,spring,12,6.0,893.3223,0.44666117
RP_0033,RP,spring,13,6.5,874.4682,0.4372341
RP_0033,RP,spring,14,7.0,822.3656,0.4111828
RP_0033,RP,spring,15,7.5,1166.6127,0.5833063
RP_0033,RP,spring,16,8.0,1342.7915,0.6713958
RP_0033,RP,spring,17,8.5,1013.83234,0.50691617
RP_0033,RP,spring,18,9.0,987.5152,0.4937576
RP_0033,RP,spring,19,9.5,910.2193,0.45510966
RP_0033,RP,spring,20,10.0,990.1659,0.49508294
RP_0033,RP,spring,21,10.5,833.3306,0.41666532
RP_0033,RP,spring,22,11.0,942.87994,0.47143996
RP_0033,RP,spring,23,11.5,1052.058,0.526029
RP_0033,RP,spring,24,12.0,1148.9962,0.5744981
RP_0033,RP,spring,25,12.5,1042.25,0.521125
RP_0033,RP,spring,26,13.0,1050.3401,0.52517
RP_0033,RP,spring,27,13.5,1047.183,0.5235915
RP_0033,RP,spring,28,14.0,822.28906,0.41114452
RP_0033,RP,spring,29,14.5,823.4818,0.4117409
RP_0033,RP,spring,30,15.0,926.90216,0.4634511
RP_0033,RP,spring,31,15.5,874.7993,0.43739966
RP_0033,RP,spring,32,16.0,829.005,0.4145025
RP_0033,RP,spring,33,16.5,750.7789,0.37538943
RP_0033,RP,spring,34,17.0,693.69226,0.34684613
RP_0033,RP,spring,35,17.5,828.8297,0.41441485
RP_0033,RP,spring,36,18.0,1015.91626,0.5079581
RP_0033,RP,spring,37,18.5,983.95294,0.49197647
RP_0033,RP,spring,38,19.0,988.5159,0.49425796
RP_0033,RP,spring,39,19.5,841.2166,0.4206083
RP_0033,RP,spring,40,20.0,1148.8514,0.5744257
RP_0033,RP,spring,41,20.5,1041.3937,0.5206968
RP_0033,RP,spring,42,21.0,975.72565,0.48786283
RP_0033,RP,spring,43,21.5,1389.0426,0.6945213
RP_0033,RP,spring,44,22.0,2146.9575,1.0734788
RP_0033,RP,spring,45,22.5,3126.5674,1.5632837
RP_0033,RP,spring,46,23.0,3500.497,1.7502486
RP_0033,RP,spring,47,23.5,3508.8887,1.7544444
RP_0034,RP,autumn,0,0.0,407.06168,0.20353083
RP_0034,RP,autumn,1,0.5,341.79758,0.1708988
RP_0034,RP,autumn,2,1.0,363.36136,0.18168068
RP_0034,RP,autumn,3,1.5,359.58517,0.17979258
RP_0034,RP,autumn,4,2.0,408.38754,0.20419377
RP_0034,RP,autumn,5,2.5,399.3771,0.19968855
RP_0034,RP,autumn,6,3.0,452.85437,0.22642718
RP_0034,RP,autumn,7,3.5,438.34573,0.21917287
RP_0034,RP,autumn,8,4.0,510.21204,0.25510603
RP_0034,RP,autumn,9,4.5,498.35126,0.24917562
RP_0034,RP,autumn,10,5.0,537.0346,0.26851732
RP_0034,RP,autumn,11,5.5,669.5275,0.33476377
RP_0034,RP,autumn,12,6.0,920.07196,0.46003598
RP_0034,RP,autumn,13,6.5,1003.30945,0.50165474
RP_0034,RP,autumn,14,7.0,1178.6863,0.58934313
RP_0034,RP,autumn,15,7.5,1209.145,0.60457253
RP_0034,RP,autumn,16,8.0,1304.9847,0.65249234
RP_0034,RP,autumn,17,8.5,1293.0673,0.6465336
RP_0034,RP,autumn,18,9.0,1295.0385,0.64751923
RP_0034,RP,autumn,19,9.5,1395.2258,0.69761294
RP_0034,RP,autumn,20,10.0,1470.2197,0.73510987
RP_0034,RP,autumn,21,10.5,1500.7328,0.7503664
RP_0034,RP,autumn,22,11.0,1463.6058,0.73180294
RP_0034,RP,autumn,23,11.5,1310.8348,0.65541744
RP_0034,RP,autumn,24,12.0,1170.1501,0.5850751
RP_0034,RP,autumn,25,12.5,1073.494,0.53674704
RP_0034,RP,autumn,26,13.0,1046.4926,0.5232463
RP_0034,RP,autumn,27,13.5,967.5256,0.4837628
RP_0034,RP,autumn,28,14.0,1073.8691,0.53693455
RP_0034,RP,autumn,29,14.5,1065.0302,0.53251505
RP_0034,RP,autumn,30,15.0,1147.8535,0.57392675
RP_0034,RP,autumn,31,15.5,1307.3352,0.6536676
RP_0034,RP,autumn,32,16.0,1383.179,0.6915895
RP_0034,RP,autumn,33,16.5,1307.7122,0.6538561
RP_0034,RP,autumn,34,17.0,1373.2012,0.68660057
RP_0034,RP,autumn,35,17.5,1583.9559,0.79197794
RP_0034,RP,autumn,36,18.0,1616.4299,0.80821496
RP_0034,RP,autumn,37,18.5,1770.4305,0.8852153
RP_0034,RP,autumn,38,19.0,1904.1494,0.9520747
RP_0034,RP,autumn,39,19.5,1802.1685,0.90108424
RP_0034,RP,autumn,40,20.0,1632.6647,0.81633234
RP_0034,RP,autumn,41,20.5,1608.8993,0.8044496
RP_0034,RP,autumn,42,21.0,1469.6033,0.73480165
RP_0034,RP,autumn,43,21.5,1336.6816,0.6683408
RP_0034,RP,autumn,44,22.0,1124.8212,0.5624106
RP_0034,RP,autumn,45,22.5,1104.8251,0.5524125
RP_0034,RP,autumn,46,23.0,740.5462,0.3702731
RP_0034,RP,autumn,47,23.5,583.6658,0.2918329
RP_0035,RP,summer,0,0.0,328.51935,0.16425967
RP_0035,RP,summer,1,0.5,310.21805,0.15510902
RP_0035,RP,summer,2,1.0,305.8845,0.15294224
RP_0035,RP,summer,3,1.5,388.99637,0.19449818
RP_0035,RP,summer,4,2.0,420.73407,0.21036704
RP_0035,RP,summer,5,2.5,422.26944,0.21113472
RP_0035,RP,summer,6,3.0,500.7115,0.25035575
RP_0035,RP,summer,7,3.5,508.14206,0.25407103
RP_0035,RP,summer,8,4.0,558.2935,0.27914676
RP_0035,RP,summer,9,4.5,510.47806,0.25523904
RP_0035,RP,summer,10,5.0,536.03674,0.26801836
RP_0035,RP,summer,11,5.5,534.263,0.2671315
RP_0035,RP,summer,12,6.0,696.4484,0.34822422
RP_0035,RP,summer,13,6.5,656.4426,0.32822132
RP_0035,RP,summer,14,7.0,571.45825,0.28572914
RP_0035,RP,summer,15,7.5,521.5152,0.2607576
RP_0035,RP,summer,16,8.0,472.01642,0.23600821
RP_0035,RP,summer,17,8.5,415.92944,0.20796472
RP_0035,RP,summer,18,9.0,445.72153,0.22286077
RP_0035,RP,summer,19,9.5,457.4934,0.2287467
RP_0035,RP,summer,20,10.0,472.997,0.2364985
RP_0035,RP,summer,21,10.5,454.34836,0.22717418
RP_0035,RP,summer,22,11.0,533.32355,0.26666176
RP_0035,RP,summer,23,11.5,587.1439,0.29357195
RP_0035,RP,summer,24,12.0,588.4284,0.2942142
RP_0035,RP,summer,25,12.5,567.6318,0.2838159
RP_0035,RP,summer,26,13.0,559.21814,0.27960908
RP_0035,RP,summer,27,13.5,606.75793,0.30337897
RP_0035,RP,summer,28,14.0,678.7718,0.3393859
RP_0035,RP,summer,29,14.5,553.78235,0.27689117
RP_0035,RP,summer,30,15.0,544.50714,0.27225357
RP_0035,RP,summer,31,15.5,513.75836,0.25687918
RP_0035,RP,summer,32,16.0,434.98117,0.21749058
RP_0035,RP,summer,33,16.5,363.54907,0.18177454
RP_0035,RP,summer,34,17.0,400.54968,0.20027484
RP_0035,RP,summer,35,17.5,421.91153,0.21095577
RP_0035,RP,summer,36,18.0,429.28546,0.21464273
RP_0035,RP,summer,37,18.5,446.34692,0.22317347
RP_0035,RP,summer,38,19.0,471.9632,0.2359816
RP_0035,RP,summer,39,19.5,446.40582,0.22320291
RP_0035,RP,summer,40,20.0,425.94144,0.21297072
RP_0035,RP,summer,41,20.5,381.52664,0.19076332
RP_0035,RP,summer,42,21.0,422.75247,0.21137623
RP_0035,RP,summer,43,21.5,377.77075,0.18888538
RP_0035,RP,summer,44,22.0,337.64105,0.16882053
RP_0035,RP,summer,45,22.5,299.6178,0.1498089
RP_0035,RP,summer,46,23.0,299.79242,0.1498962
RP_0035,RP,summer,47,23.5,286.22787,0.14311394
RP_0036,RP,spring,0,0.0,1429.0038,0.7145019
RP_0036,RP,spring,1,0.5,1309.6575,0.6548287
RP_0036,RP,spring,2,1.0,1378.4027,0.68920135
RP_0036,RP,spring,3,1.5,1453.662,0.726831
RP_0036,RP,spring,4,2.0,951.0938,0.4755469
RP_0036,RP,spring,5,2.5,684.1556,0.3420778
RP_0036,RP,spring,6,3.0,548.1916,0.2740958
RP_0036,RP,spring,7,3.5,541.67114,0.27083558
RP_0036,RP,spring,8,4.0,438.94003,0.21947001
RP_0036,RP,spring,9,4.5,601.763,0.3008815
RP_0036,RP,spring,10,5.0,490.1737,0.24508685
RP_0036,RP,spring,11,5.5,599.4795,0.29973975
RP_0036,RP,spring,12,6.0,439.73813,0.21986906
RP_0036,RP,spring,13,6.5,362.66742,0.1813337
RP_0036,RP,spring,14,7.0,287.11072,0.14355536
RP_0036,RP,spring,15,7.5,243.15639,0.121578194
RP_0036,RP,spring,16,8.0,174.2785,0.08713925
RP_0036,RP,spring,17,8.5,184.0452,0.0920226
RP_0036,RP,spring,18,9.0,140.18692,0.07009346
RP_0036,RP,spring,19,9.5,171.33311,0.08566656
RP_0036,RP,spring,20,10.0,126.029884,0.06301494
RP_0036,RP,spring,21,10.5,133.48172,0.06674086
RP_0036,RP,spring,22,11.0,172.95146,0.08647573
RP_0036,RP,spring,23,11.5,231.04567,0.11552283
RP_0036,RP,spring,24,12.0,312.29034,0.15614517
RP_0036,RP,spring,25,12.5,322.68842,0.1613442
RP_0036,RP,spring,26,13.0,286.46835,0.14323418
RP_0036,RP,spring,27,13.5,200.20544,0.10010272
RP_0036,RP,spring,28,14.0,140.97565,0.07048783
RP_0036,RP,spring,29,14.5,99.999794,0.049999896
RP_0036,RP,spring,30,15.0,94.04758,0.047023788
RP_0036,RP,spring,31,15.5,73.43782,0.03671891
RP_0036,RP,spring,32,16.0,85.29703,0.042648513
RP_0036,RP,spring,33,16.5,75.060326,0.03753016
RP_0036,RP,spring,34,17.0,70.47148,0.03523574
RP_0036,RP,spring,35,17.5,91.47527,0.045737635
RP_0036,RP,spring,36,18.0,97.38428,0.048692137
RP_0036,RP,spring,37,18.5,104.21139,0.052105695
RP_0036,RP,spring,38,19.0,140.27325,0.07013663
RP_0036,RP,spring,39,19.5,138.42838,0.06921419
RP_0036,RP,spring,40,20.0,124.67956,0.06233978
RP_0036,RP,spring,41,20.5,101.51637,0.050758187
RP_0036,RP,spring,42,21.0,121.181854,0.060590927
RP_0036,RP,spring,43,21.5,130.6951,0.06534755
RP_0036,RP,spring,44,22.0,243.26224,0.121631116
RP_0036,RP,spring,45,22.5,811.8245,0.40591225
RP_0036,RP,spring,46,23.0,1093.6228,0.5468114
RP_0036,RP,spring,47,23.5,1038.1213,0.5190607
RP_0037,RP,winter,0,0.0,277.29022,0.13864511
RP_0037,RP,winter,1,0.5,490.39532,0.24519767
RP_0037,RP,winter,2,1.0,1780.8116,0.89040583
RP_0037,RP,winter,3,1.5,3177.5137,1.5887568
RP_0037,RP,winter,4,2.0,3556.0107,1.7780054
RP_0037,RP,winter,5,2.5,5536.1123,2.7680562
RP_0037,RP,winter,6,3.0,3409.8408,1.7049204
RP_0037,RP,winter,7,3.5,2240.5842,1.1202921
RP_0037,RP,winter,8,4.0,1333.6406,0.6668203
RP_0037,RP,winter,9,4.5,1121.4121,0.5607061
RP_0037,RP,winter,10,5.0,598.5236,0.2992618
RP_0037,RP,winter,11,5.5,454.13562,0.22706781
RP_0037,RP,winter,12,6.0,250.19496,0.12509748
RP_0037,RP,winter,13,6.5,251.84795,0.12592398
RP_0037,RP,winter,14,7.0,94.07672,0.04703836
RP_0037,RP,winter,15,7.5,102.4482,0.051224098
RP_0037,RP,winter,16,8.0,36.78828,0.01839414
RP_0037,RP,winter,17,8.5,77.69331,0.038846657
RP_0037,RP,winter,18,9.0,103.73731,0.051868655
RP_0037,RP,winter,19,9.5,164.74417,0.082372084
RP_0037,RP,winter,20,10.0,286.56433,0.14328216
RP_0037,RP,winter,21,10.5,173.32246,0.086661234
RP_0037,RP,winter,22,11.0,224.05635,0.112028174
RP_0037,RP,winter,23,11.5,310.62433,0.15531217
RP_0037,RP,winter,24,12.0,696.2353,0.34811765
RP_0037,RP,winter,25,12.5,706.0332,0.35301661
RP_0037,RP,winter,26,13.0,800.26794,0.40013397
RP_0037,RP,winter,27,13.5,370.106,0.18505299
RP_0037,RP,winter,28,14.0,221.67357,0.11083678
RP_0037,RP,winter,29,14.5,112.776855,0.056388427
RP_0037,RP,winter,30,15.0,64.80558,0.03240279
RP_0037,RP,winter,31,15.5,28.919956,0.014459978
RP_0037,RP,winter,32,16.0,7.515584,0.003757792
RP_0037,RP,winter,33,16.5,29.80178,0.01490089
RP_0037,RP,winter,34,17.0,67.9923,0.03399615
RP_0037,RP,winter,35,17.5,65.27605,0.032638025
RP_0037,RP,winter,36,18.0,86.46382,0.043231912
RP_0037,RP,winter,37,18.5,257.29587,0.12864794
RP_0037,RP,winter,38,19.0,179.03958,0.08951979
RP_0037,RP,winter,39,19.5,343.87585,0.17193793
RP_0037,RP,winter,40,20.0,772.2271,0.38611355
RP_0037,RP,winter,41,20.5,894.5424,0.4472712
RP_0037,RP,winter,42,21.0,785.96954,0.39298478
RP_0037,RP,winter,43,21.5,709.60474,0.35480237
RP_0037,RP,winter,44,22.0,697.1269,0.34856343
RP_0037,RP,winter,45,22.5,672.57025,0.3362851
RP_0037,RP,winter,46,23.0,289.10483,0.14455241
RP_0037,RP,winter,47,23.5,188.89212,0.09444606
RP_0038,RP,spring,0,0.0,457.8195,0.22890975
RP_0038,RP,spring,1,0.5,253.96231,0.12698115
RP_0038,RP,spring,2,1.0,208.13539,0.1040677
RP_0038,RP,spring,3,1.5,199.09015,0.09954508
RP_0038,RP,spring,4,2.0,188.0921,0.09404605
RP_0038,RP,spring,5,2.5,248.10233,0.12405116
RP_0038,RP,spring,6,3.0,186.22351,0.09311175
RP_0038,RP,spring,7,3.5,217.56116,0.10878058
RP_0038,RP,spring,8,4.0,256.51865,0.12825932
RP_0038,RP,spring,9,4.5,242.99007,0.12149503
RP_0038,RP,spring,10,5.0,249.68845,0.12484422
RP_0038,RP,spring,11,5.5,265.57007,0.13278504
RP_0038,RP,spring,12,6.0,248.59004,0.12429502
RP_0038,RP,spring,13,6.5,215.90466,0.107952334
RP_0038,RP,spring,14,7.0,204.17995,0.10208997
RP_0038,RP,spring,15,7.5,268.20773,0.13410386
RP_0038,RP,spring,16,8.0,379.16348,0.18958174
RP_0038,RP,spring,17,8.5,565.3879,0.28269395
RP_0038,RP,spring,18,9.0,886.6682,0.4433341
RP_0038,RP,spring,19,9.5,945.46014,0.47273007
RP_0038,RP,spring,20,10.0,844.48395,0.422242
RP_0038,RP,spring,21,10.5,793.5223,0.39676115
RP_0038,RP,spring,22,11.0,586.9833,0.29349163
RP_0038,RP,spring,23,11.5,612.1272,0.3060636
RP_0038,RP,spring,24,12.0,658.71436,0.32935718
RP_0038,RP,spring,25,12.5,491.38043,0.24569021
RP_0038,RP,spring,26,13.0,466.44254,0.23322126
RP_0038,RP,spring,27,13.5,426.17215,0.21308607
RP_0038,RP,spring,28,14.0,354.79895,0.17739947
RP_0038,RP,spring,29,14.5,405.82156,0.20291078
RP_0038,RP,spring,30,15.0,553.612,0.276806
RP_0038,RP,spring,31,15.5,672.91724,0.33645862
RP_0038,RP,spring,32,16.0,599.69824,0.29984912
RP_0038,RP,spring,33,16.5,485.76447,0.24288224
RP_0038,RP,spring,34,17.0,450.94055,0.22547027
RP_0038,RP,spring,35,17.5,377.1002,0.1885501
RP_0038,RP,spring,36,18.0,331.57986,0.16578993
RP_0038,RP,spring,37,18.5,347.45212,0.17372605
RP_0038,RP,spring,38,19.0,348.15616,0.17407808
RP_0038,RP,spring,39,19.5,336.1478,0.1680739
RP_0038,RP,spring,40,20.0,357.0817,0.17854084
RP_0038,RP,spring,41,20.5,336.79596,0.16839798
RP_0038,RP,spring,42,21.0,301.87097,0.15093549
RP_0038,RP,spring,43,21.5,309.6822,0.1548411
RP_0038,RP,spring,44,22.0,677.327,0.33866352
RP_0038,RP,spring,45,22.5,1769.4341,0.88471705
RP_0038,RP,spring,46,23.0,1952.4541,0.97622705
RP_0038,RP,spring,47,23.5,1017.3875,0.50869375
RP_0039,RP,autumn,0,0.0,121.06591,0.060532954
RP_0039,RP,autumn,1,0.5,135.72057,0.06786028
RP_0039,RP,autumn,2,1.0,138.90335,0.069451675
RP_0039,RP,autumn,3,1.5,140.92374,0.07046187
RP_0039,RP,autumn,4,2.0,171.1049,0.085552454
RP_0039,RP,autumn,5,2.5,112.82423,0.056412112
RP_0039,RP,autumn,6,3.0,113.72598,0.05686299
RP_0039,RP,autumn,7,3.5,136.82231,0.06841116
RP_0039,RP,autumn,8,4.0,114.414764,0.057207383
RP_0039,RP,autumn,9,4.5,123.654785,0.06182739
RP_0039,RP,autumn,10,5.0,98.76206,0.049381033
RP_0039,RP,autumn,11,5.5,91.18887,0.045594435
RP_0039,RP,autumn,12,6.0,90.221436,0.045110717
RP_0039,RP,autumn,13,6.5,83.27657,0.041638285
RP_0039,RP,autumn,14,7.0,57.99542,0.02899771
RP_0039,RP,autumn,15,7.5,51.59813,0.025799064
RP_0039,RP,autumn,16,8.0,40.363083,0.020181542
RP_0039,RP,autumn,17,8.5,39.59422,0.019797109
RP_0039,RP,autumn,18,9.0,35.44293,0.017721465
RP_0039,RP,autumn,19,9.5,36.994274,0.018497137
RP_0039,RP,autumn,20,10.0,42.548355,0.021274177
RP_0039,RP,autumn,21,10.5,32.51442,0.01625721
RP_0039,RP,autumn,22,11.0,28.939894,0.014469947
RP_0039,RP,autumn,23,11.5,38.29648,0.01914824
RP_0039,RP,autumn,24,12.0,32.809906,0.016404953
RP_0039,RP,autumn,25,12.5,38.016113,0.019008057
RP_0039,RP,autumn,26,13.0,40.058594,0.020029297
RP_0039,RP,autumn,27,13.5,28.50226,0.01425113
RP_0039,RP,autumn,28,14.0,31.912243,0.01595612
RP_0039,RP,autumn,29,14.5,27.594557,0.0137972785
RP_0039,RP,autumn,30,15.0,36.491207,0.018245604
RP_0039,RP,autumn,31,15.5,32.47754,0.01623877
RP_0039,RP,autumn,32,16.0,40.343105,0.020171553
RP_0039,RP,autumn,33,16.5,45.440556,0.022720277
RP_0039,RP,autumn,34,17.0,52.87542,0.02643771
RP_0039,RP,autumn,35,17.5,53.78571,0.026892854
RP_0039,RP,autumn,36,18.0,97.55251,0.048776258
RP_0039,RP,autumn,37,18.5,102.988266,0.051494133
RP_0039,RP,autumn,38,19.0,109.50555,0.054752775
RP_0039,RP,autumn,39,19.5,157.86778,0.078933895
RP_0039,RP,autumn,40,20.0,174.86487,0.08743244
RP_0039,RP,autumn,41,20.5,154.38235,0.077191174
RP_0039,RP,autumn,42,21.0,155.05873,0.07752936
RP_0039,RP,autumn,43,21.5,119.92388,0.05996194
RP_0039,RP,autumn,44,22.0,123.15926,0.061579634
RP_0039,RP,autumn,45,22.5,115.97899,0.057989493
RP_0039,RP,autumn,46,23.0,102.444595,0.0512223
RP_0039,RP,autumn,47,23.5,106.36674,0.05318337
RP_0040,RP,summer,0,0.0,852.2528,0.4261264
RP_0040,RP,summer,1,0.5,729.3752,0.3646876
RP_0040,RP,summer,2,1.0,774.10535,0.38705269
RP_0040,RP,summer,3,1.5,841.82245,0.42091122
RP_0040,RP,summer,4,2.0,766.2343,0.38311717
RP_0040,RP,summer,5,2.5,772.3919,0.38619596
RP_0040,RP,summer,6,3.0,881.77686,0.44088843
RP_0040,RP,summer,7,3.5,830.0073,0.41500366
RP_0040,RP,summer,8,4.0,796.1126,0.3980563
RP_0040,RP,summer,9,4.5,683.49725,0.34174863
RP_0040,RP,summer,10,5.0,695.5614,0.3477807
RP_0040,RP,summer,11,5.5,631.32245,0.31566122
RP_0040,RP,summer,12,6.0,550.01624,0.2750081
RP_0040,RP,summer,13,6.5,476.46228,0.23823114
RP_0040,RP,summer,14,7.0,477.0717,0.23853584
RP_0040,RP,summer,15,7.5,484.1297,0.24206485
RP_0040,RP,summer,16,8.0,533.8959,0.26694793
RP_0040,RP,summer,17,8.5,534.3679,0.26718396
RP_0040,RP,summer,18,9.0,550.33264,0.27516633
RP_0040,RP,summer,19,9.5,571.3027,0.28565133
RP_0040,RP,summer,20,10.0,621.5456,0.3107728
RP_0040,RP,summer,21,10.5,544.1493,0.27207464
RP_0040,RP,summer,22,11.0,556.11255,0.27805626
RP_0040,RP,summer,23,11.5,499.98807,0.24999404
RP_0040,RP,summer,24,12.0,507.53885,0.25376943
RP_0040,RP,summer,25,12.5,545.828,0.272914
RP_0040,RP,summer,26,13.0,531.9467,0.26597336
RP_0040,RP,summer,27,13.5,769.2412,0.3846206
RP_0040,RP,summer,28,14.0,1272.1204,0.6360602
RP_0040,RP,summer,29,14.5,1803.2546,0.9016273
RP_0040,RP,summer,30,15.0,1902.6483,0.95132416
RP_0040,RP,summer,31,15.5,1632.9802,0.8164901
RP_0040,RP,summer,32,16.0,1434.9923,0.71749616
RP_0040,RP,summer,33,16.5,1156.7653,0.5783826
RP_0040,RP,summer,34,17.0,1045.4576,0.5227288
RP_0040,RP,summer,35,17.5,851.5687,0.42578435
RP_0040,RP,summer,36,18.0,854.68524,0.42734262
RP_0040,RP,summer,37,18.5,787.72205,0.39386103
RP_0040,RP,summer,38,19.0,799.2633,0.39963165
RP_0040,RP,summer,39,19.5,809.4575,0.40472877
RP_0040,RP,summer,40,20.0,896.443,0.4482215
RP_0040,RP,summer,41,20.5,896.49133,0.44824567
RP_0040,RP,summer,42,21.0,879.087,0.4395435
RP_0040,RP,summer,43,21.5,860.7371,0.43036857
RP_0040,RP,summer,44,22.0,836.41956,0.4182098
RP_0040,RP,summer,45,22.5,882.1398,0.44106987
RP_0040,RP,summer,46,23.0,901.3218,0.45066088
RP_0040,RP,summer,47,23.5,885.9464,0.4429732
RP_0041,RP,autumn,0,0.0,173.74207,0.086871035
RP_0041,RP,autumn,1,0.5,141.07243,0.07053622
RP_0041,RP,autumn,2,1.0,125.44959,0.0627248
RP_0041,RP,autumn,3,1.5,185.57106,0.09278553
RP_0041,RP,autumn,4,2.0,448.22803,0.22411402
RP_0041,RP,autumn,5,2.5,534.2523,0.26712617
RP_0041,RP,autumn,6,3.0,408.35944,0.20417972
RP_0041,RP,autumn,7,3.5,281.81717,0.14090858
RP_0041,RP,autumn,8,4.0,222.77641,0.11138821
RP_0041,RP,autumn,9,4.5,190.02007,0.095010035
RP_0041,RP,autumn,10,5.0,179.07118,0.089535594
RP_0041,RP,autumn,11,5.5,160.64406,0.08032203
RP_0041,RP,autumn,12,6.0,157.24956,0.07862478
RP_0041,RP,autumn,13,6.5,165.55037,0.08277518
RP_0041,RP,autumn,14,7.0,188.7359,0.09436795
RP_0041,RP,autumn,15,7.5,160.14722,0.08007361
RP_0041,RP,autumn,16,8.0,141.67957,0.070839785
RP_0041,RP,autumn,17,8.5,126.88195,0.06344098
RP_0041,RP,autumn,18,9.0,130.051,0.0650255
RP_0041,RP,autumn,19,9.5,123.72578,0.06186289
RP_0041,RP,autumn,20,10.0,106.33178,0.05316589
RP_0041,RP,autumn,21,10.5,122.529465,0.06126473
RP_0041,RP,autumn,22,11.0,106.52106,0.053260528
RP_0041,RP,autumn,23,11.5,114.11379,0.057056896
RP_0041,RP,autumn,24,12.0,110.97531,0.055487655
RP_0041,RP,autumn,25,12.5,113.0727,0.05653635
RP_0041,RP,autumn,26,13.0,143.06601,0.071533
RP_0041,RP,autumn,27,13.5,120.12407,0.060062036
RP_0041,RP,autumn,28,14.0,142.68977,0.07134489
RP_0041,RP,autumn,29,14.5,111.23275,0.055616375
RP_0041,RP,autumn,30,15.0,123.920044,0.061960023
RP_0041,RP,autumn,31,15.5,111.235695,0.055617847
RP_0041,RP,autumn,32,16.0,128.15976,0.06407988
RP_0041,RP,autumn,33,16.5,130.66206,0.065331034
RP_0041,RP,autumn,34,17.0,139.23402,0.06961701
RP_0041,RP,autumn,35,17.5,166.68672,0.083343364
RP_0041,RP,autumn,36,18.0,216.01309,0.108006544
RP_0041,RP,autumn,37,18.5,232.52776,0.11626388
RP_0041,RP,autumn,38,19.0,289.20776,0.14460388
RP_0041,RP,autumn,39,19.5,465.6586,0.2328293
RP_0041,RP,autumn,40,20.0,558.3861,0.27919304
RP_0041,RP,autumn,41,20.5,455.35565,0.22767782
RP_0041,RP,autumn,42,21.0,474.2789,0.23713945
RP_0041,RP,autumn,43,21.5,357.27948,0.17863974
RP_0041,RP,autumn,44,22.0,273.09686,0.13654843
RP_0041,RP,autumn,45,22.5,222.01222,0.11100611
RP_0041,RP,autumn,46,23.0,189.34549,0.09467275
RP_0041,RP,autumn,47,23.5,177.3163,0.08865815
RP_0042,RP,spring,0,0.0,44.67353,0.022336766
RP_0042,RP,spring,1,0.5,45.006977,0.022503488
RP_0042,RP,spring,2,1.0,42.207355,0.021103678
RP_0042,RP,spring,3,1.5,43.705605,0.021852802
RP_0042,RP,spring,4,2.0,38.258217,0.019129109
RP_0042,RP,spring,5,2.5,35.05882,0.01752941
RP_0042,RP,spring,6,3.0,29.262403,0.0146312015
RP_0042,RP,spring,7,3.5,39.242012,0.019621005
RP_0042,RP,spring,8,4.0,36.250656,0.018125327
RP_0042,RP,spring,9,4.5,31.394215,0.015697107
RP_0042,RP,spring,10,5.0,32.316452,0.016158227
RP_0042,RP,spring,11,5.5,39.460567,0.019730283
RP_0042,RP,spring,12,6.0,33.670746,0.016835373
RP_0042,RP,spring,13,6.5,32.07604,0.01603802
RP_0042,RP,spring,14,7.0,19.990751,0.009995376
RP_0042,RP,spring,15,7.5,8.906635,0.0044533177
RP_0042,RP,spring,16,8.0,1.7601736,0.0008800868
RP_0042,RP,spring,17,8.5,0.3696349,0.00018481744
RP_0042,RP,spring,18,9.0,0.3635232,0.0001817616
RP_0042,RP,spring,19,9.5,0.7193035,0.00035965175
RP_0042,RP,spring,20,10.0,0.06471681,3.2358403e-05
RP_0042,RP,spring,21,10.5,1.0814061,0.00054070307
RP_0042,RP,spring,22,11.0,3.7667036,0.0018833518
RP_0042,RP,spring,23,11.5,1.6815331,0.00084076653
RP_0042,RP,spring,24,12.0,2.2620254,0.0011310127
RP_0042,RP,spring,25,12.5,0.38582528,0.00019291264
RP_0042,RP,spring,26,13.0,1.811815,0.00090590754
RP_0042,RP,spring,27,13.5,2.6675096,0.0013337547
RP_0042,RP,spring,28,14.0,1.3439848,0.0006719924
RP_0042,RP,spring,29,14.5,2.153014,0.0010765069
RP_0042,RP,spring,30,15.0,4.5490465,0.0022745233
RP_0042,RP,spring,31,15.5,12.70961,0.006354805
RP_0042,RP,spring,32,16.0,6.2594347,0.0031297174
RP_0042,RP,spring,33,16.5,10.196298,0.0050981487
RP_0042,RP,spring,34,17.0,13.255929,0.0066279643
RP_0042,RP,spring,35,17.5,11.842104,0.005921052
RP_0042,RP,spring,36,18.0,17.222229,0.008611115
RP_0042,RP,spring,37,18.5,33.629574,0.016814787
RP_0042,RP,spring,38,19.0,29.181753,0.014590876
RP_0042,RP,spring,39,19.5,50.81845,0.025409225
RP_0042,RP,spring,40,20.0,48.006992,0.024003496
RP_0042,RP,spring,41,20.5,59.761738,0.029880868
RP_0042,RP,spring,42,21.0,44.08243,0.022041216
RP_0042,RP,spring,43,21.5,60.85179,0.030425895
RP_0042,RP,spring,44,22.0,46.338173,0.023169087
RP_0042,RP,spring,45,22.5,53.960575,0.026980288
RP_0042,RP,spring,46,23.0,63.520973,0.031760488
RP_0042,RP,spring,47,23.5,63.146683,0.03157334
RP_0043,RP,winter,0,0.0,69.33639,0.034668192
RP_0043,RP,winter,1,0.5,84.87758,0.04243879
RP_0043,RP,winter,2,1.0,92.96559,0.046482794
RP_0043,RP,winter,3,1.5,81.0537,0.040526852
RP_0043,RP,winter,4,2.0,75.84968,0.037924837
RP_0043,RP,winter,5,2.5,61.77548,0.03088774
RP_0043,RP,winter,6,3.0,57.103302,0.028551651
RP_0043,RP,winter,7,3.5,59.55574,0.02977787
RP_0043,RP,winter,8,4.0,53.359444,0.026679723
RP_0043,RP,winter,9,4.5,57.39355,0.028696775
RP_0043,RP,winter,10,5.0,54.123142,0.02706157
RP_0043,RP,winter,11,5.5,51.755333,0.025877666
RP_0043,RP,winter,12,6.0,61.137947,0.030568974
RP_0043,RP,winter,13,6.5,69.76305,0.034881525
RP_0043,RP,winter,14,7.0,64.0714,0.0320357
RP_0043,RP,winter,15,7.5,57.37562,0.02868781
RP_0043,RP,winter,16,8.0,69.87594,0.03493797
RP_0043,RP,winter,17,8.5,83.57146,0.04178573
RP_0043,RP,winter,18,9.0,81.92252,0.04096126
RP_0043,RP,winter,19,9.5,64.03561,0.032017805
RP_0043,RP,winter,20,10.0,74.16305,0.037081525
RP_0043,RP,winter,21,10.5,76.84652,0.03842326
RP_0043,RP,winter,22,11.0,65.52561,0.032762807
RP_0043,RP,winter,23,11.5,92.44153,0.046220765
RP_0043,RP,winter,24,12.0,120.82425,0.060412124
RP_0043,RP,winter,25,12.5,155.43176,0.07771588
RP_0043,RP,winter,26,13.0,183.3767,0.09168835
RP_0043,RP,winter,27,13.5,114.5012,0.0572506
RP_0043,RP,winter,28,14.0,108.38511,0.054192554
RP_0043,RP,winter,29,14.5,114.40222,0.05720111
RP_0043,RP,winter,30,15.0,107.67001,0.05383501
RP_0043,RP,winter,31,15.5,106.31116,0.05315558
RP_0043,RP,winter,32,16.0,98.38497,0.049192484
RP_0043,RP,winter,33,16.5,132.73729,0.06636865
RP_0043,RP,winter,34,17.0,168.18857,0.084094286
RP_0043,RP,winter,35,17.5,157.69879,0.0788494
RP_0043,RP,winter,36,18.0,295.11383,0.14755692
RP_0043,RP,winter,37,18.5,277.36307,0.13868153
RP_0043,RP,winter,38,19.0,243.3517,0.12167585
RP_0043,RP,winter,39,19.5,173.47389,0.08673695
RP_0043,RP,winter,40,20.0,134.67613,0.067338064
RP_0043,RP,winter,41,20.5,142.02158,0.07101079
RP_0043,RP,winter,42,21.0,123.81978,0.061909888
RP_0043,RP,winter,43,21.5,101.436966,0.050718483
RP_0043,RP,winter,44,22.0,132.24176,0.06612088
RP_0043,RP,winter,45,22.5,115.47466,0.05773733
RP_0043,RP,winter,46,23.0,82.78517,0.041392587
RP_0043,RP,winter,47,23.5,76.506836,0.03825342
RP_0044,RP,winter,0,0.0,2287.806,1.1439029
RP_0044,RP,winter,1,0.5,1866.5522,0.9332761
RP_0044,RP,winter,2,1.0,1125.7616,0.5628808
RP_0044,RP,winter,3,1.5,625.7295,0.31286475
RP_0044,RP,winter,4,2.0,474.91638,0.23745818
RP_0044,RP,winter,5,2.5,433.4805,0.21674025
RP_0044,RP,winter,6,3.0,358.93875,0.17946938
RP_0044,RP,winter,7,3.5,359.66016,0.17983007
RP_0044,RP,winter,8,4.0,378.94818,0.18947409
RP_0044,RP,winter,9,4.5,396.62747,0.19831374
RP_0044,RP,winter,10,5.0,421.68552,0.21084276
RP_0044,RP,winter,11,5.5,423.75568,0.21187784
RP_0044,RP,winter,12,6.0,469.7254,0.2348627
RP_0044,RP,winter,13,6.5,565.2021,0.28260106
RP_0044,RP,winter,14,7.0,516.4852,0.2582426
RP_0044,RP,winter,15,7.5,451.4859,0.22574295
RP_0044,RP,winter,16,8.0,457.291,0.22864549
RP_0044,RP,winter,17,8.5,460.65225,0.23032613
RP_0044,RP,winter,18,9.0,453.11868,0.22655934
RP_0044,RP,winter,19,9.5,452.3902,0.2261951
RP_0044,RP,winter,20,10.0,501.57346,0.25078672
RP_0044,RP,winter,21,10.5,546.964,0.273482
RP_0044,RP,winter,22,11.0,568.7288,0.2843644
RP_0044,RP,winter,23,11.5,547.37384,0.27368692
RP_0044,RP,winter,24,12.0,615.923,0.3079615
RP_0044,RP,winter,25,12.5,605.4457,0.30272284
RP_0044,RP,winter,26,13.0,512.5174,0.2562587
RP_0044,RP,winter,27,13.5,429.03214,0.21451607
RP_0044,RP,winter,28,14.0,413.12045,0.20656022
RP_0044,RP,winter,29,14.5,447.36624,0.22368312
RP_0044,RP,winter,30,15.0,373.45737,0.18672869
RP_0044,RP,winter,31,15.5,352.40536,0.17620268
RP_0044,RP,winter,32,16.0,387.24185,0.19362092
RP_0044,RP,winter,33,16.5,439.94962,0.2199748
RP_0044,RP,winter,34,17.0,473.7482,0.2368741
RP_0044,RP,winter,35,17.5,464.14258,0.2320713
RP_0044,RP,winter,36,18.0,501.8971,0.25094855
RP_0044,RP,winter,37,18.5,612.1199,0.30605993
RP_0044,RP,winter,38,19.0,596.4734,0.2982367
RP_0044,RP,winter,39,19.5,551.5098,0.2757549
RP_0044,RP,winter,40,20.0,578.7724,0.2893862
RP_0044,RP,winter,41,20.5,528.0391,0.26401955
RP_0044,RP,winter,42,21.0,490.15427,0.24507713
RP_0044,RP,winter,43,21.5,389.54813,0.19477406
RP_0044,RP,winter,44,22.0,384.91052,0.19245526
RP_0044,RP,winter,45,22.5,655.7145,0.32785723
RP_0044,RP,winter,46,23.0,1340.3646,0.6701823
RP_0044,RP,winter,47,23.5,2171.386,1.085693
RP_0045,RP,spring,0,0.0,382.16522,0.19108261
RP_0045,RP,spring,1,0.5,371.51724,0.18575862
RP_0045,RP,spring,2,1.0,417.93524,0.20896763
RP_0045,RP,spring,3,1.5,447.59204,0.22379602
RP_0045,RP,spring,4,2.0,479.52835,0.23976417
RP_0045,RP,spring,5,2.5,439.40515,0.21970257
RP_0045,RP,spring,6,3.0,566.89966,0.28344983
RP_0045,RP,spring,7,3.5,581.0929,0.29054645
RP_0045,RP,spring,8,4.0,628.5027,0.31425133
RP_0045,RP,spring,9,4.5,547.4256,0.2737128
RP_0045,RP,spring,10,5.0,605.91113,0.30295557
RP_0045,RP,spring,11,5.5,764.0394,0.38201973
RP_0045,RP,spring,12,6.0,906.0623,0.45303115
RP_0045,RP,spring,13,6.5,880.317,0.44015852
RP_0045,RP,spring,14,7.0,853.35486,0.42667744
RP_0045,RP,spring,15,7.5,705.869,0.3529345
RP_0045,RP,spring,16,8.0,569.4965,0.28474826
RP_0045,RP,spring,17,8.5,462.87543,0.23143771
RP_0045,RP,spring,18,9.0,413.08313,0.20654157
RP_0045,RP,spring,19,9.5,409.32428,0.20466214
RP_0045,RP,spring,20,10.0,402.90848,0.20145424
RP_0045,RP,spring,21,10.5,421.42963,0.21071482
RP_0045,RP,spring,22,11.0,519.8893,0.25994465
RP_0045,RP,spring,23,11.5,576.277,0.28813848
RP_0045,RP,spring,24,12.0,713.1269,0.35656345
RP_0045,RP,spring,25,12.5,726.4358,0.3632179
RP_0045,RP,spring,26,13.0,1060.1912,0.5300956
RP_0045,RP,spring,27,13.5,1098.9912,0.5494956
RP_0045,RP,spring,28,14.0,1266.77,0.633385
RP_0045,RP,spring,29,14.5,1355.9911,0.67799556
RP_0045,RP,spring,30,15.0,1431.4292,0.7157146
RP_0045,RP,spring,31,15.5,1211.9365,0.60596824
RP_0045,RP,spring,32,16.0,1126.7361,0.563368
RP_0045,RP,spring,33,16.5,1057.0953,0.52854764
RP_0045,RP,spring,34,17.0,1098.8448,0.54942244
RP_0045,RP,spring,35,17.5,1257.7922,0.6288961
RP_0045,RP,spring,36,18.0,1532.5806,0.7662903
RP_0045,RP,spring,37,18.5,1835.3608,0.91768044
RP_0045,RP,spring,38,19.0,1919.6356,0.9598178
RP_0045,RP,spring,39,19.5,1791.8091,0.89590454
RP_0045,RP,spring,40,20.0,1778.3545,0.88917726
RP_0045,RP,spring,41,20.5,1506.6737,0.75333685
RP_0045,RP,spring,42,21.0,1219.701,0.6098505
RP_0045,RP,spring,43,21.5,1105.5209,0.5527604
RP_0045,RP,spring,44,22.0,933.2104,0.4666052
RP_0045,RP,spring,45,22.5,708.81464,0.3544073
RP_0045,RP,spring,46,23.0,516.7318,0.2583659
RP_0045,RP,spring,47,23.5,500.39816,0.25019908
RP_0046,RP,summer,0,0.0,614.26135,0.30713066
RP_0046,RP,summer,1,0.5,638.8722,0.3194361
RP_0046,RP,summer,2,1.0,639.8859,0.31994295
RP_0046,RP,summer,3,1.5,736.5789,0.36828947
RP_0046,RP,summer,4,2.0,475.42523,0.23771262
RP_0046,RP,summer,5,2.5,336.16354,0.16808178
RP_0046,RP,summer,6,3.0,398.7068,0.1993534
RP_0046,RP,summer,7,3.5,363.665,0.1818325
RP_0046,RP,summer,8,4.0,263.07822,0.1315391
RP_0046,RP,summer,9,4.5,268.38135,0.13419068
RP_0046,RP,summer,10,5.0,425.4039,0.21270195
RP_0046,RP,summer,11,5.5,417.0299,0.20851496
RP_0046,RP,summer,12,6.0,122.17003,0.061085016
RP_0046,RP,summer,13,6.5,104.44,0.05222
RP_0046,RP,summer,14,7.0,239.20105,0.11960053
RP_0046,RP,summer,15,7.5,88.1863,0.04409315
RP_0046,RP,summer,16,8.0,56.72015,0.028360074
RP_0046,RP,summer,17,8.5,52.74147,0.026370736
RP_0046,RP,summer,18,9.0,11.795088,0.005897544
RP_0046,RP,summer,19,9.5,0.0,0.0
RP_0046,RP,summer,20,10.0,0.0,0.0
RP_0046,RP,summer,21,10.5,4.6706276,0.0023353137
RP_0046,RP,summer,22,11.0,0.21403174,0.00010701587
RP_0046,RP,summer,23,11.5,0.62024105,0.00031012052
RP_0046,RP,summer,24,12.0,3.778319,0.0018891594
RP_0046,RP,summer,25,12.5,13.68676,0.00684338
RP_0046,RP,summer,26,13.0,3.3937545,0.0016968773
RP_0046,RP,summer,27,13.5,6.9441805,0.0034720902
RP_0046,RP,summer,28,14.0,0.7419033,0.00037095166
RP_0046,RP,summer,29,14.5,3.270208,0.001635104
RP_0046,RP,summer,30,15.0,1.6881905,0.00084409525
RP_0046,RP,summer,31,15.5,10.582166,0.005291083
RP_0046,RP,summer,32,16.0,21.480612,0.010740306
RP_0046,RP,summer,33,16.5,10.965369,0.005482685
RP_0046,RP,summer,34,17.0,3.0164924,0.0015082462
RP_0046,RP,summer,35,17.5,7.1205454,0.0035602727
RP_0046,RP,summer,36,18.0,3.7682338,0.0018841169
RP_0046,RP,summer,37,18.5,7.143179,0.0035715895
RP_0046,RP,summer,38,19.0,34.72862,0.01736431
RP_0046,RP,summer,39,19.5,123.69967,0.061849836
RP_0046,RP,summer,40,20.0,108.83533,0.054417662
RP_0046,RP,summer,41,20.5,315.6437,0.15782185
RP_0046,RP,summer,42,21.0,529.1194,0.2645597
RP_0046,RP,summer,43,21.5,504.44177,0.2522209
RP_0046,RP,summer,44,22.0,370.20172,0.18510085
RP_0046,RP,summer,45,22.5,430.4654,0.2152327
RP_0046,RP,summer,46,23.0,323.81198,0.16190599
RP_0046,RP,summer,47,23.5,408.0849,0.20404245
RP_0047,RP,autumn,0,0.0,232.11644,0.11605822
RP_0047,RP,autumn,1,0.5,213.1921,0.106596045
RP_0047,RP,autumn,2,1.0,205.08762,0.10254381
RP_0047,RP,autumn,3,1.5,179.33395,0.08966698
RP_0047,RP,autumn,4,2.0,217.67802,0.10883901
RP_0047,RP,autumn,5,2.5,191.98792,0.09599396
RP_0047,RP,autumn,6,3.0,196.23787,0.09811893
RP_0047,RP,autumn,7,3.5,209.60045,0.104800224
RP_0047,RP,autumn,8,4.0,198.81155,0.09940578
RP_0047,RP,autumn,9,4.5,212.8234,0.106411695
RP_0047,RP,autumn,10,5.0,232.49236,0.11624618
RP_0047,RP,autumn,11,5.5,220.08235,0.11004118
RP_0047,RP,autumn,12,6.0,443.8484,0.2219242
RP_0047,RP,autumn,13,6.5,574.6749,0.28733745
RP_0047,RP,autumn,14,7.0,588.5158,0.2942579
RP_0047,RP,autumn,15,7.5,348.28787,0.17414394
RP_0047,RP,autumn,16,8.0,235.09334,0.11754667
RP_0047,RP,autumn,17,8.5,162.12025,0.08106013
RP_0047,RP,autumn,18,9.0,129.18115,0.06459057
RP_0047,RP,autumn,19,9.5,112.109825,0.056054913
RP_0047,RP,autumn,20,10.0,113.04861,0.056524303
RP_0047,RP,autumn,21,10.5,107.27092,0.05363546
RP_0047,RP,autumn,22,11.0,105.91593,0.052957967
RP_0047,RP,autumn,23,11.5,104.95307,0.052476536
RP_0047,RP,autumn,24,12.0,111.03224,0.05551612
RP_0047,RP,autumn,25,12.5,94.458626,0.047229312
RP_0047,RP,autumn,26,13.0,79.95722,0.039978612
RP_0047,RP,autumn,27,13.5,60.02399,0.030011995
RP_0047,RP,autumn,28,14.0,62.26373,0.031131865
RP_0047,RP,autumn,29,14.5,54.271194,0.027135598
RP_0047,RP,autumn,30,15.0,61.311314,0.030655656
RP_0047,RP,autumn,31,15.5,75.21727,0.037608635
RP_0047,RP,autumn,32,16.0,91.45252,0.045726262
RP_0047,RP,autumn,33,16.5,109.40737,0.054703686
RP_0047,RP,autumn,34,17.0,136.09424,0.06804712
RP_0047,RP,autumn,35,17.5,147.57559,0.07378779
RP_0047,RP,autumn,36,18.0,205.62537,0.102812685
RP_0047,RP,autumn,37,18.5,263.38614,0.13169307
RP_0047,RP,autumn,38,19.0,227.86922,0.11393461
RP_0047,RP,autumn,39,19.5,222.56395,0.111281976
RP_0047,RP,autumn,40,20.0,186.44879,0.0932244
RP_0047,RP,autumn,41,20.5,176.75974,0.08837987
RP_0047,RP,autumn,42,21.0,186.8724,0.093436204
RP_0047,RP,autumn,43,21.5,165.06291,0.08253146
RP_0047,RP,autumn,44,22.0,166.41261,0.0832063
RP_0047,RP,autumn,45,22.5,155.66788,0.077833936
RP_0047,RP,autumn,46,23.0,146.64673,0.07332336
RP_0047,RP,autumn,47,23.5,167.93994,0.08396997
RP_0048,RP,spring,0,0.0,756.23956,0.37811977
RP_0048,RP,spring,1,0.5,624.92194,0.31246096
RP_0048,RP,spring,2,1.0,760.89294,0.38044646
RP_0048,RP,spring,3,1.5,721.8391,0.36091956
RP_0048,RP,spring,4,2.0,931.5698,0.4657849
RP_0048,RP,spring,5,2.5,814.9012,0.4074506
RP_0048,RP,spring,6,3.0,848.8813,0.42444065
RP_0048,RP,spring,7,3.5,827.1082,0.4135541
RP_0048,RP,spring,8,4.0,902.4175,0.45120874
RP_0048,RP,spring,9,4.5,886.0665,0.44303328
RP_0048,RP,spring,10,5.0,954.8001,0.47740006
RP_0048,RP,spring,11,5.5,1026.7485,0.51337427
RP_0048,RP,spring,12,6.0,1169.133,0.58456653
RP_0048,RP,spring,13,6.5,1231.6704,0.6158352
RP_0048,RP,spring,14,7.0,1398.3658,0.6991829
RP_0048,RP,spring,15,7.5,1314.961,0.65748054
RP_0048,RP,spring,16,8.0,1409.9688,0.70498437
RP_0048,RP,spring,17,8.5,1431.4313,0.71571565
RP_0048,RP,spring,18,9.0,1502.5844,0.75129217
RP_0048,RP,spring,19,9.5,1507.3259,0.75366294
RP_0048,RP,spring,20,10.0,1573.0344,0.7865172
RP_0048,RP,spring,21,10.5,1539.7506,0.7698753
RP_0048,RP,spring,22,11.0,1557.179,0.7785895
RP_0048,RP,spring,23,11.5,1619.9081,0.80995405
RP_0048,RP,spring,24,12.0,1603.1451,0.80157256
RP_0048,RP,spring,25,12.5,1720.2584,0.86012924
RP_0048,RP,spring,26,13.0,1746.9574,0.8734787
RP_0048,RP,spring,27,13.5,1669.4302,0.83471507
RP_0048,RP,spring,28,14.0,1518.3043,0.7591522
RP_0048,RP,spring,29,14.5,1507.9431,0.7539716
RP_0048,RP,spring,30,15.0,1469.4799,0.7347399
RP_0048,RP,spring,31,15.5,1392.5061,0.69625306
RP_0048,RP,spring,32,16.0,1433.9984,0.71699923
RP_0048,RP,spring,33,16.5,1396.4534,0.6982267
RP_0048,RP,spring,34,17.0,1407.8356,0.7039178
RP_0048,RP,spring,35,17.5,1420.2671,0.71013355
RP_0048,RP,spring,36,18.0,1505.5533,0.7527767
RP_0048,RP,spring,37,18.5,1568.4918,0.7842459
RP_0048,RP,spring,38,19.0,1684.9568,0.8424784
RP_0048,RP,spring,39,19.5,1687.4701,0.84373504
RP_0048,RP,spring,40,20.0,1630.1256,0.8150628
RP_0048,RP,spring,41,20.5,1644.9949,0.8224974
RP_0048,RP,spring,42,21.0,1589.654,0.79482704
RP_0048,RP,spring,43,21.5,1444.4796,0.7222398
RP_0048,RP,spring,44,22.0,1253.3618,0.6266809
RP_0048,RP,spring,45,22.5,1256.807,0.6284035
RP_0048,RP,spring,46,23.0,1075.4382,0.53771913
RP_0048,RP,spring,47,23.5,901.1308,0.4505654
RP_0049,RP,spring,0,0.0,1340.63,0.670315
RP_0049,RP,spring,1,0.5,3403.299,1.7016495
RP_0049,RP,spring,2,1.0,3544.8542,1.7724271
RP_0049,RP,spring,3,1.5,2211.6143,1.1058072
RP_0049,RP,spring,4,2.0,3010.093,1.5050465
RP_0049,RP,spring,5,2.5,3071.2712,1.5356356
RP_0049,RP,spring,6,3.0,2654.0132,1.3270066
RP_0049,RP,spring,7,3.5,1601.7582,0.80087906
RP_0049,RP,spring,8,4.0,571.0855,0.28554276
RP_0049,RP,spring,9,4.5,592.03815,0.29601908
RP_0049,RP,spring,10,5.0,446.93585,0.22346793
RP_0049,RP,spring,11,5.5,327.34552,0.16367276
RP_0049,RP,spring,12,6.0,250.5109,0.12525545
RP_0049,RP,spring,13,6.5,265.42508,0.13271254
RP_0049,RP,spring,14,7.0,113.45399,0.056726992
RP_0049,RP,spring,15,7.5,116.18299,0.058091495
RP_0049,RP,spring,16,8.0,41.68482,0.020842409
RP_0049,RP,spring,17,8.5,68.90126,0.03445063
RP_0049,RP,spring,18,9.0,64.227844,0.03211392
RP_0049,RP,spring,19,9.5,60.33187,0.030165935
RP_0049,RP,spring,20,10.0,58.146366,0.029073182
RP_0049,RP,spring,21,10.5,90.04939,0.045024697
RP_0049,RP,spring,22,11.0,85.52105,0.042760525
RP_0049,RP,spring,23,11.5,90.27156,0.04513578
RP_0049,RP,spring,24,12.0,94.92473,0.047462363
RP_0049,RP,spring,25,12.5,112.28179,0.056140896
RP_0049,RP,spring,26,13.0,173.55511,0.08677756
RP_0049,RP,spring,27,13.5,167.27336,0.08363668
RP_0049,RP,spring,28,14.0,221.80336,0.11090168
RP_0049,RP,spring,29,14.5,137.69579,0.068847895
RP_0049,RP,spring,30,15.0,113.298386,0.056649193
RP_0049,RP,spring,31,15.5,85.45964,0.04272982
RP_0049,RP,spring,32,16.0,65.329414,0.03266471
RP_0049,RP,spring,33,16.5,84.9369,0.042468447
RP_0049,RP,spring,34,17.0,106.32661,0.053163305
RP_0049,RP,spring,35,17.5,41.11069,0.020555345
RP_0049,RP,spring,36,18.0,29.338736,0.014669368
RP_0049,RP,spring,37,18.5,51.29853,0.025649264
RP_0049,RP,spring,38,19.0,43.3459,0.021672951
RP_0049,RP,spring,39,19.5,164.42282,0.08221141
RP_0049,RP,spring,40,20.0,203.12105,0.101560526
RP_0049,RP,spring,41,20.5,149.09203,0.07454601
RP_0049,RP,spring,42,21.0,247.16844,0.12358422
RP_0049,RP,spring,43,21.5,177.67053,0.08883527
RP_0049,RP,spring,44,22.0,151.25461,0.075627305
RP_0049,RP,spring,45,22.5,93.44003,0.046720017
RP_0049,RP,spring,46,23.0,43.696716,0.021848358
RP_0049,RP,spring,47,23.5,135.20949,0.06760474
RP_0050,RP,spring,0,0.0,107.32566,0.05366283
RP_0050,RP,spring,1,0.5,111.36721,0.055683605
RP_0050,RP,spring,2,1.0,108.35158,0.05417579
RP_0050,RP,spring,3,1.5,50.77729,0.025388645
RP_0050,RP,spring,4,2.0,50.849396,0.025424698
RP_0050,RP,spring,5,2.5,42.96911,0.021484554
RP_0050,RP,spring,6,3.0,18.567747,0.009283873
RP_0050,RP,spring,7,3.5,38.64929,0.019324644
RP_0050,RP,spring,8,4.0,46.268406,0.023134204
RP_0050,RP,spring,9,4.5,73.20948,0.03660474
RP_0050,RP,spring,10,5.0,52.961292,0.026480647
RP_0050,RP,spring,11,5.5,71.42971,0.035714854
RP_0050,RP,spring,12,6.0,91.62488,0.04581244
RP_0050,RP,spring,13,6.5,86.556206,0.0432781
RP_0050,RP,spring,14,7.0,889.57196,0.44478598
RP_0050,RP,spring,15,7.5,43.7131,0.02185655
RP_0050,RP,spring,16,8.0,10.832584,0.005416292
RP_0050,RP,spring,17,8.5,2.4987695,0.0012493847
RP_0050,RP,spring,18,9.0,0.0,0.0
RP_0050,RP,spring,19,9.5,0.0,0.0
RP_0050,RP,spring,20,10.0,0.0,0.0
RP_0050,RP,spring,21,10.5,0.0,0.0
RP_0050,RP,spring,22,11.0,0.16277489,8.138744e-05
RP_0050,RP,spring,23,11.5,0.25959125,0.00012979562
RP_0050,RP,spring,24,12.0,0.0,0.0
RP_0050,RP,spring,25,12.5,0.0,0.0
RP_0050,RP,spring,26,13.0,0.0,0.0
RP_0050,RP,spring,27,13.5,0.0,0.0
RP_0050,RP,spring,28,14.0,0.0,0.0
RP_0050,RP,spring,29,14.5,0.0,0.0
RP_0050,RP,spring,30,15.0,0.0,0.0
RP_0050,RP,spring,31,15.5,0.0,0.0
RP_0050,RP,spring,32,16.0,0.0,0.0
RP_0050,RP,spring,33,16.5,0.0,0.0
RP_0050,RP,spring,34,17.0,0.0,0.0
RP_0050,RP,spring,35,17.5,0.0,0.0
RP_0050,RP,spring,36,18.0,0.0,0.0
RP_0050,RP,spring,37,18.5,0.1198577,5.992885e-05
RP_0050,RP,spring,38,19.0,0.0,0.0
RP_0050,RP,spring,39,19.5,0.77497995,0.00038748997
RP_0050,RP,spring,40,20.0,453.19385,0.22659692
RP_0050,RP,spring,41,20.5,849.7031,0.42485157
RP_0050,RP,spring,42,21.0,638.38934,0.31919467
RP_0050,RP,spring,43,21.5,678.82983,0.33941492
RP_0050,RP,spring,44,22.0,382.38272,0.19119136
RP_0050,RP,spring,45,22.5,214.06805,0.10703403
RP_0050,RP,spring,46,23.0,358.6459,0.17932296
RP_0050,RP,spring,47,23.5,221.86403,0.110932015
RP_0051,RP,spring,0,0.0,617.7899,0.30889496
RP_0051,RP,spring,1,0.5,277.72156,0.13886078
RP_0051,RP,spring,2,1.0,155.95059,0.077975295
RP_0051,RP,spring,3,1.5,143.13121,0.071565606
RP_0051,RP,spring,4,2.0,116.13511,0.058067553
RP_0051,RP,spring,5,2.5,157.52937,0.078764684
RP_0051,RP,spring,6,3.0,142.81932,0.07140966
RP_0051,RP,spring,7,3.5,177.26631,0.08863316
RP_0051,RP,spring,8,4.0,169.51024,0.08475512
RP_0051,RP,spring,9,4.5,162.75845,0.08137923
RP_0051,RP,spring,10,5.0,179.30548,0.08965274
RP_0051,RP,spring,11,5.5,210.64542,0.10532271
RP_0051,RP,spring,12,6.0,727.93823,0.36396912
RP_0051,RP,spring,13,6.5,1769.3396,0.8846698
RP_0051,RP,spring,14,7.0,2064.3535,1.0321767
RP_0051,RP,spring,15,7.5,1098.7448,0.5493724
RP_0051,RP,spring,16,8.0,544.38983,0.27219492
RP_0051,RP,spring,17,8.5,327.79987,0.16389993
RP_0051,RP,spring,18,9.0,205.68321,0.10284161
RP_0051,RP,spring,19,9.5,191.11833,0.095559165
RP_0051,RP,spring,20,10.0,133.31892,0.066659465
RP_0051,RP,spring,21,10.5,147.90092,0.07395046
RP_0051,RP,spring,22,11.0,152.7066,0.076353304
RP_0051,RP,spring,23,11.5,257.71695,0.12885848
RP_0051,RP,spring,24,12.0,256.0147,0.12800735
RP_0051,RP,spring,25,12.5,249.54039,0.124770194
RP_0051,RP,spring,26,13.0,197.22807,0.09861404
RP_0051,RP,spring,27,13.5,152.32567,0.07616284
RP_0051,RP,spring,28,14.0,113.651665,0.05682583
RP_0051,RP,spring,29,14.5,86.83567,0.043417834
RP_0051,RP,spring,30,15.0,91.5196,0.0457598
RP_0051,RP,spring,31,15.5,119.39427,0.059697136
RP_0051,RP,spring,32,16.0,128.70375,0.06435187
RP_0051,RP,spring,33,16.5,135.95847,0.06797923
RP_0051,RP,spring,34,17.0,168.66199,0.08433099
RP_0051,RP,spring,35,17.5,159.18329,0.07959165
RP_0051,RP,spring,36,18.0,233.26631,0.116633154
RP_0051,RP,spring,37,18.5,314.42654,0.15721327
RP_0051,RP,spring,38,19.0,368.44772,0.18422386
RP_0051,RP,spring,39,19.5,339.17984,0.16958992
RP_0051,RP,spring,40,20.0,364.38055,0.18219028
RP_0051,RP,spring,41,20.5,341.47717,0.1707386
RP_0051,RP,spring,42,21.0,406.8057,0.20340285
RP_0051,RP,spring,43,21.5,296.0016,0.14800079
RP_0051,RP,spring,44,22.0,589.6495,0.29482475
RP_0051,RP,spring,45,22.5,1474.7101,0.73735505
RP_0051,RP,spring,46,23.0,2030.1237,1.0150619
RP_0051,RP,spring,47,23.5,1998.7169,0.9993585
RP_0052,RP,winter,0,0.0,1123.7963,0.5618981
RP_0052,RP,winter,1,0.5,1264.1986,0.63209933
RP_0052,RP,winter,2,1.0,1419.5299,0.70976496
RP_0052,RP,winter,3,1.5,1625.012,0.81250596
RP_0052,RP,winter,4,2.0,1500.7622,0.7503811
RP_0052,RP,winter,5,2.5,1542.8578,0.7714289
RP_0052,RP,winter,6,3.0,1605.6576,0.8028288
RP_0052,RP,winter,7,3.5,1535.3817,0.76769084
RP_0052,RP,winter,8,4.0,1634.2358,0.8171179
RP_0052,RP,winter,9,4.5,1520.6447,0.76032233
RP_0052,RP,winter,10,5.0,1438.5449,0.71927243
RP_0052,RP,winter,11,5.5,1076.2058,0.5381029
RP_0052,RP,winter,12,6.0,1238.3787,0.6191893
RP_0052,RP,winter,13,6.5,1490.0989,0.7450494
RP_0052,RP,winter,14,7.0,1621.3788,0.8106894
RP_0052,RP,winter,15,7.5,1399.9174,0.6999587
RP_0052,RP,winter,16,8.0,1656.6497,0.82832485
RP_0052,RP,winter,17,8.5,1033.7563,0.5168782
RP_0052,RP,winter,18,9.0,774.8497,0.38742483
RP_0052,RP,winter,19,9.5,278.75946,0.13937972
RP_0052,RP,winter,20,10.0,119.52219,0.059761092
RP_0052,RP,winter,21,10.5,76.93852,0.038469262
RP_0052,RP,winter,22,11.0,26.355244,0.013177622
RP_0052,RP,winter,23,11.5,44.408535,0.022204267
RP_0052,RP,winter,24,12.0,232.25198,0.11612599
RP_0052,RP,winter,25,12.5,424.6602,0.21233009
RP_0052,RP,winter,26,13.0,219.01314,0.10950657
RP_0052,RP,winter,27,13.5,365.5599,0.18277995
RP_0052,RP,winter,28,14.0,492.725,0.2463625
RP_0052,RP,winter,29,14.5,350.97888,0.17548944
RP_0052,RP,winter,30,15.0,371.7644,0.1858822
RP_0052,RP,winter,31,15.5,414.14542,0.2070727
RP_0052,RP,winter,32,16.0,323.82346,0.16191173
RP_0052,RP,winter,33,16.5,331.61237,0.16580619
RP_0052,RP,winter,34,17.0,414.4904,0.2072452
RP_0052,RP,winter,35,17.5,407.00876,0.20350438
RP_0052,RP,winter,36,18.0,458.1016,0.2290508
RP_0052,RP,winter,37,18.5,626.3362,0.31316808
RP_0052,RP,winter,38,19.0,714.06494,0.35703248
RP_0052,RP,winter,39,19.5,814.1215,0.40706077
RP_0052,RP,winter,40,20.0,929.3127,0.46465635
RP_0052,RP,winter,41,20.5,810.5291,0.40526456
RP_0052,RP,winter,42,21.0,771.1181,0.38555905
RP_0052,RP,winter,43,21.5,660.1923,0.33009616
RP_0052,RP,winter,44,22.0,694.6207,0.34731036
RP_0052,RP,winter,45,22.5,834.9781,0.41748905
RP_0052,RP,winter,46,23.0,813.71893,0.40685946
RP_0052,RP,winter,47,23.5,850.82104,0.4254105
RP_0053,RP,winter,0,0.0,2568.6262,1.2843131
RP_0053,RP,winter,1,0.5,2637.138,1.318569
RP_0053,RP,winter,2,1.0,2943.0112,1.4715056
RP_0053,RP,winter,3,1.5,3715.626,1.857813
RP_0053,RP,winter,4,2.0,3032.1035,1.5160518
RP_0053,RP,winter,5,2.5,2517.616,1.258808
RP_0053,RP,winter,6,3.0,2491.2244,1.2456121
RP_0053,RP,winter,7,3.5,2017.2783,1.0086392
RP_0053,RP,winter,8,4.0,1767.566,0.88378304
RP_0053,RP,winter,9,4.5,1646.3666,0.8231833
RP_0053,RP,winter,10,5.0,1604.1016,0.80205077
RP_0053,RP,winter,11,5.5,1136.6893,0.56834465
RP_0053,RP,winter,12,6.0,1128.4641,0.56423205
RP_0053,RP,winter,13,6.5,1091.9757,0.54598784
RP_0053,RP,winter,14,7.0,375.07697,0.18753849
RP_0053,RP,winter,15,7.5,206.62665,0.10331333
RP_0053,RP,winter,16,8.0,93.03646,0.04651823
RP_0053,RP,winter,17,8.5,68.5768,0.0342884
RP_0053,RP,winter,18,9.0,56.487144,0.028243572
RP_0053,RP,winter,19,9.5,69.63329,0.034816645
RP_0053,RP,winter,20,10.0,120.72733,0.060363665
RP_0053,RP,winter,21,10.5,121.707504,0.060853753
RP_0053,RP,winter,22,11.0,59.133446,0.029566722
RP_0053,RP,winter,23,11.5,24.1547,0.012077349
RP_0053,RP,winter,24,12.0,32.769394,0.016384697
RP_0053,RP,winter,25,12.5,50.988876,0.025494438
RP_0053,RP,winter,26,13.0,45.101727,0.022550864
RP_0053,RP,winter,27,13.5,22.330553,0.011165276
RP_0053,RP,winter,28,14.0,19.12266,0.00956133
RP_0053,RP,winter,29,14.5,14.104569,0.0070522847
RP_0053,RP,winter,30,15.0,11.772356,0.005886178
RP_0053,RP,winter,31,15.5,13.500223,0.0067501115
RP_0053,RP,winter,32,16.0,7.064889,0.0035324446
RP_0053,RP,winter,33,16.5,16.247993,0.008123997
RP_0053,RP,winter,34,17.0,32.637737,0.016318869
RP_0053,RP,winter,35,17.5,68.61868,0.034309343
RP_0053,RP,winter,36,18.0,86.44706,0.04322353
RP_0053,RP,winter,37,18.5,222.76564,0.11138282
RP_0053,RP,winter,38,19.0,228.3147,0.11415735
RP_0053,RP,winter,39,19.5,511.21417,0.2556071
RP_0053,RP,winter,40,20.0,770.6087,0.38530436
RP_0053,RP,winter,41,20.5,633.6021,0.31680104
RP_0053,RP,winter,42,21.0,817.263,0.4086315
RP_0053,RP,winter,43,21.5,970.6836,0.4853418
RP_0053,RP,winter,44,22.0,1091.6052,0.5458026
RP_0053,RP,winter,45,22.5,1145.1702,0.5725851
RP_0053,RP,winter,46,23.0,1016.4071,0.50820357
RP_0053,RP,winter,47,23.5,1193.4113,0.5967056
RP_0054,RP,winter,0,0.0,361.48892,0.18074445
RP_0054,RP,winter,1,0.5,274.72522,0.13736261
RP_0054,RP,winter,2,1.0,395.24844,0.19762422
RP_0054,RP,winter,3,1.5,804.5175,0.40225875
RP_0054,RP,winter,4,2.0,1418.5109,0.70925546
RP_0054,RP,winter,5,2.5,1448.1505,0.72407526
RP_0054,RP,winter,6,3.0,1230.4841,0.61524206
RP_0054,RP,winter,7,3.5,1013.8735,0.5069367
RP_0054,RP,winter,8,4.0,673.0445,0.33652225
RP_0054,RP,winter,9,4.5,480.70227,0.24035114
RP_0054,RP,winter,10,5.0,342.83466,0.17141733
RP_0054,RP,winter,11,5.5,292.10056,0.14605027
RP_0054,RP,winter,12,6.0,276.989,0.1384945
RP_0054,RP,winter,13,6.5,302.72223,0.15136111
RP_0054,RP,winter,14,7.0,332.4052,0.1662026
RP_0054,RP,winter,15,7.5,276.08658,0.13804328
RP_0054,RP,winter,16,8.0,211.89525,0.10594762
RP_0054,RP,winter,17,8.5,229.41077,0.114705384
RP_0054,RP,winter,18,9.0,255.35364,0.12767681
RP_0054,RP,winter,19,9.5,247.10336,0.12355168
RP_0054,RP,winter,20,10.0,305.93234,0.15296617
RP_0054,RP,winter,21,10.5,259.9797,0.12998985
RP_0054,RP,winter,22,11.0,325.3365,0.16266824
RP_0054,RP,winter,23,11.5,575.9382,0.28796908
RP_0054,RP,winter,24,12.0,1128.3969,0.56419843
RP_0054,RP,winter,25,12.5,1255.3354,0.6276677
RP_0054,RP,winter,26,13.0,1413.8352,0.7069176
RP_0054,RP,winter,27,13.5,917.4777,0.45873886
RP_0054,RP,winter,28,14.0,690.6128,0.3453064
RP_0054,RP,winter,29,14.5,706.2547,0.35312736
RP_0054,RP,winter,30,15.0,603.819,0.30190948
RP_0054,RP,winter,31,15.5,525.92206,0.26296103
RP_0054,RP,winter,32,16.0,636.24536,0.31812268
RP_0054,RP,winter,33,16.5,635.88385,0.31794193
RP_0054,RP,winter,34,17.0,782.81805,0.39140904
RP_0054,RP,winter,35,17.5,863.2815,0.43164074
RP_0054,RP,winter,36,18.0,1084.0164,0.54200816
RP_0054,RP,winter,37,18.5,1226.1371,0.6130685
RP_0054,RP,winter,38,19.0,1175.9573,0.58797866
RP_0054,RP,winter,39,19.5,1250.2161,0.625108
RP_0054,RP,winter,40,20.0,1232.3917,0.61619586
RP_0054,RP,winter,41,20.5,1249.3625,0.6246813
RP_0054,RP,winter,42,21.0,1139.4138,0.5697069
RP_0054,RP,winter,43,21.5,971.4753,0.48573765
RP_0054,RP,winter,44,22.0,1064.5056,0.5322528
RP_0054,RP,winter,45,22.5,996.7715,0.49838573
RP_0054,RP,winter,46,23.0,714.4371,0.35721853
RP_0054,RP,winter,47,23.5,540.2821,0.27014107
RP_0055,RP,winter,0,0.0,2580.815,1.2904074
RP_0055,RP,winter,1,0.5,2523.9143,1.2619572
RP_0055,RP,winter,2,1.0,2511.6062,1.2558031
RP_0055,RP,winter,3,1.5,3257.3955,1.6286978
RP_0055,RP,winter,4,2.0,2570.4158,1.2852079
RP_0055,RP,winter,5,2.5,2614.5078,1.307254
RP_0055,RP,winter,6,3.0,2779.394,1.3896971
RP_0055,RP,winter,7,3.5,2739.6223,1.3698112
RP_0055,RP,winter,8,4.0,2686.0679,1.3430339
RP_0055,RP,winter,9,4.5,3337.7693,1.6688846
RP_0055,RP,winter,10,5.0,3206.931,1.6034654
RP_0055,RP,winter,11,5.5,3058.9287,1.5294644
RP_0055,RP,winter,12,6.0,2591.4316,1.2957158
RP_0055,RP,winter,13,6.5,2471.4585,1.2357292
RP_0055,RP,winter,14,7.0,1860.6016,0.9303008
RP_0055,RP,winter,15,7.5,1745.7651,0.87288254
RP_0055,RP,winter,16,8.0,1744.14,0.87207
RP_0055,RP,winter,17,8.5,1461.5554,0.7307777
RP_0055,RP,winter,18,9.0,1360.1964,0.6800982
RP_0055,RP,winter,19,9.5,1342.1772,0.67108864
RP_0055,RP,winter,20,10.0,1465.4319,0.73271596
RP_0055,RP,winter,21,10.5,1284.3254,0.64216274
RP_0055,RP,winter,22,11.0,1412.6862,0.70634305
RP_0055,RP,winter,23,11.5,1119.5757,0.55978787
RP_0055,RP,winter,24,12.0,1017.2516,0.5086258
RP_0055,RP,winter,25,12.5,734.96246,0.36748123
RP_0055,RP,winter,26,13.0,901.6084,0.4508042
RP_0055,RP,winter,27,13.5,743.08936,0.3715447
RP_0055,RP,winter,28,14.0,888.6382,0.4443191
RP_0055,RP,winter,29,14.5,733.9518,0.3669759
RP_0055,RP,winter,30,15.0,656.2167,0.32810834
RP_0055,RP,winter,31,15.5,512.10596,0.25605297
RP_0055,RP,winter,32,16.0,621.2198,0.3106099
RP_0055,RP,winter,33,16.5,698.92114,0.34946057
RP_0055,RP,winter,34,17.0,851.1924,0.42559618
RP_0055,RP,winter,35,17.5,910.7787,0.45538935
RP_0055,RP,winter,36,18.0,1128.97,0.564485
RP_0055,RP,winter,37,18.5,1181.2423,0.5906212
RP_0055,RP,winter,38,19.0,1372.9791,0.6864896
RP_0055,RP,winter,39,19.5,1308.3625,0.6541813
RP_0055,RP,winter,40,20.0,1207.036,0.603518
RP_0055,RP,winter,41,20.5,1271.6816,0.63584083
RP_0055,RP,winter,42,21.0,1171.532,0.585766
RP_0055,RP,winter,43,21.5,1184.0186,0.5920093
RP_0055,RP,winter,44,22.0,1139.683,0.5698415
RP_0055,RP,winter,45,22.5,1256.7008,0.6283504
RP_0055,RP,winter,46,23.0,1242.3458,0.6211729
RP_0055,RP,winter,47,23.5,1501.8574,0.7509287
RP_0056,RP,winter,0,0.0,1841.8372,0.9209186
RP_0056,RP,winter,1,0.5,1694.4868,0.8472434
RP_0056,RP,winter,2,1.0,1832.5164,0.91625816
RP_0056,RP,winter,3,1.5,1737.3115,0.86865574
RP_0056,RP,winter,4,2.0,2201.5615,1.1007807
RP_0056,RP,winter,5,2.5,2046.3458,1.0231729
RP_0056,RP,winter,6,3.0,1839.3766,0.9196883
RP_0056,RP,winter,7,3.5,1960.0474,0.9800237
RP_0056,RP,winter,8,4.0,1679.846,0.83992296
RP_0056,RP,winter,9,4.5,2140.6167,1.0703083
RP_0056,RP,winter,10,5.0,2376.9736,1.1884868
RP_0056,RP,winter,11,5.5,1886.4304,0.9432152
RP_0056,RP,winter,12,6.0,1840.178,0.920089
RP_0056,RP,winter,13,6.5,1704.0098,0.8520049
RP_0056,RP,winter,14,7.0,1561.2789,0.78063947
RP_0056,RP,winter,15,7.5,1313.6503,0.6568251
RP_0056,RP,winter,16,8.0,1289.2988,0.6446494
RP_0056,RP,winter,17,8.5,801.9776,0.4009888
RP_0056,RP,winter,18,9.0,451.2415,0.22562075
RP_0056,RP,winter,19,9.5,341.67615,0.17083807
RP_0056,RP,winter,20,10.0,411.56497,0.20578249
RP_0056,RP,winter,21,10.5,325.99228,0.16299614
RP_0056,RP,winter,22,11.0,338.47205,0.16923602
RP_0056,RP,winter,23,11.5,484.77438,0.24238719
RP_0056,RP,winter,24,12.0,336.8786,0.1684393
RP_0056,RP,winter,25,12.5,422.97745,0.21148872
RP_0056,RP,winter,26,13.0,164.31511,0.08215755
RP_0056,RP,winter,27,13.5,35.254906,0.017627453
RP_0056,RP,winter,28,14.0,24.108353,0.012054176
RP_0056,RP,winter,29,14.5,33.395393,0.016697697
RP_0056,RP,winter,30,15.0,99.5354,0.0497677
RP_0056,RP,winter,31,15.5,151.44742,0.07572371
RP_0056,RP,winter,32,16.0,298.62305,0.14931153
RP_0056,RP,winter,33,16.5,643.8926,0.3219463
RP_0056,RP,winter,34,17.0,1092.0841,0.546042
RP_0056,RP,winter,35,17.5,1263.2047,0.63160235
RP_0056,RP,winter,36,18.0,1500.6089,0.75030446
RP_0056,RP,winter,37,18.5,1831.2761,0.9156381
RP_0056,RP,winter,38,19.0,1987.6941,0.9938471
RP_0056,RP,winter,39,19.5,2138.3489,1.0691744
RP_0056,RP,winter,40,20.0,1895.2367,0.94761837
RP_0056,RP,winter,41,20.5,1521.3893,0.7606946
RP_0056,RP,winter,42,21.0,1481.7184,0.7408592
RP_0056,RP,winter,43,21.5,1409.8557,0.70492786
RP_0056,RP,winter,44,22.0,1353.1199,0.6765599
RP_0056,RP,winter,45,22.5,1548.7465,0.77437323
RP_0056,RP,winter,46,23.0,1240.4962,0.6202481
RP_0056,RP,winter,47,23.5,1391.442,0.69572103
RP_0057,RP,winter,0,0.0,1775.406,0.887703
RP_0057,RP,winter,1,0.5,1232.0448,0.6160224
RP_0057,RP,winter,2,1.0,904.09564,0.45204782
RP_0057,RP,winter,3,1.5,555.03265,0.27751634
RP_0057,RP,winter,4,2.0,549.9014,0.2749507
RP_0057,RP,winter,5,2.5,410.3806,0.2051903
RP_0057,RP,winter,6,3.0,410.6208,0.20531039
RP_0057,RP,winter,7,3.5,397.30322,0.19865161
RP_0057,RP,winter,8,4.0,491.3957,0.24569784
RP_0057,RP,winter,9,4.5,529.217,0.2646085
RP_0057,RP,winter,10,5.0,479.0117,0.23950584
RP_0057,RP,winter,11,5.5,417.58423,0.20879212
RP_0057,RP,winter,12,6.0,759.6892,0.3798446
RP_0057,RP,winter,13,6.5,975.1013,0.48755065
RP_0057,RP,winter,14,7.0,981.9781,0.49098903
RP_0057,RP,winter,15,7.5,1283.0139,0.64150697
RP_0057,RP,winter,16,8.0,1508.4462,0.7542231
RP_0057,RP,winter,17,8.5,1790.4281,0.895214
RP_0057,RP,winter,18,9.0,1838.6825,0.91934127
RP_0057,RP,winter,19,9.5,1981.0719,0.990536
RP_0057,RP,winter,20,10.0,1849.919,0.9249595
RP_0057,RP,winter,21,10.5,1935.5643,0.96778214
RP_0057,RP,winter,22,11.0,2036.5435,1.0182717
RP_0057,RP,winter,23,11.5,2196.683,1.0983416
RP_0057,RP,winter,24,12.0,1800.7545,0.9003773
RP_0057,RP,winter,25,12.5,2088.2468,1.0441234
RP_0057,RP,winter,26,13.0,2292.2312,1.1461155
RP_0057,RP,winter,27,13.5,1821.3169,0.9106584
RP_0057,RP,winter,28,14.0,1872.6918,0.9363459
RP_0057,RP,winter,29,14.5,1252.826,0.62641305
RP_0057,RP,winter,30,15.0,1069.1923,0.53459615
RP_0057,RP,winter,31,15.5,1009.7144,0.5048572
RP_0057,RP,winter,32,16.0,1302.2594,0.6511297
RP_0057,RP,winter,33,16.5,1160.3282,0.58016413
RP_0057,RP,winter,34,17.0,1436.978,0.718489
RP_0057,RP,winter,35,17.5,1554.6562,0.77732813
RP_0057,RP,winter,36,18.0,1811.653,0.90582645
RP_0057,RP,winter,37,18.5,1632.8384,0.8164192
RP_0057,RP,winter,38,19.0,1293.3864,0.64669317
RP_0057,RP,winter,39,19.5,1168.1381,0.584069
RP_0057,RP,winter,40,20.0,979.24316,0.48962158
RP_0057,RP,winter,41,20.5,957.18945,0.47859472
RP_0057,RP,winter,42,21.0,900.331,0.4501655
RP_0057,RP,winter,43,21.5,667.1791,0.33358952
RP_0057,RP,winter,44,22.0,755.95764,0.37797883
RP_0057,RP,winter,45,22.5,866.1997,0.43309987
RP_0057,RP,winter,46,23.0,1063.0922,0.53154606
RP_0057,RP,winter,47,23.5,1803.6522,0.9018261
RP_0058,RP,summer,0,0.0,467.23312,0.23361656
RP_0058,RP,summer,1,0.5,205.32626,0.10266313
RP_0058,RP,summer,2,1.0,128.94244,0.06447122
RP_0058,RP,summer,3,1.5,106.70414,0.05335207
RP_0058,RP,summer,4,2.0,77.356766,0.03867838
RP_0058,RP,summer,5,2.5,119.635345,0.05981767
RP_0058,RP,summer,6,3.0,113.24558,0.056622792
RP_0058,RP,summer,7,3.5,161.27556,0.08063778
RP_0058,RP,summer,8,4.0,145.22403,0.07261202
RP_0058,RP,summer,9,4.5,149.09653,0.07454827
RP_0058,RP,summer,10,5.0,146.54327,0.07327164
RP_0058,RP,summer,11,5.5,147.08826,0.07354413
RP_0058,RP,summer,12,6.0,143.45349,0.07172675
RP_0058,RP,summer,13,6.5,133.75125,0.06687563
RP_0058,RP,summer,14,7.0,137.25146,0.06862573
RP_0058,RP,summer,15,7.5,171.38498,0.08569249
RP_0058,RP,summer,16,8.0,175.63452,0.08781726
RP_0058,RP,summer,17,8.5,142.74117,0.07137058
RP_0058,RP,summer,18,9.0,196.35858,0.09817929
RP_0058,RP,summer,19,9.5,202.65749,0.101328745
RP_0058,RP,summer,20,10.0,219.63004,0.10981502
RP_0058,RP,summer,21,10.5,237.26884,0.118634425
RP_0058,RP,summer,22,11.0,240.10783,0.12005392
RP_0058,RP,summer,23,11.5,308.46918,0.15423459
RP_0058,RP,summer,24,12.0,374.15637,0.1870782
RP_0058,RP,summer,25,12.5,259.92096,0.12996048
RP_0058,RP,summer,26,13.0,298.16092,0.14908046
RP_0058,RP,summer,27,13.5,229.11333,0.11455666
RP_0058,RP,summer,28,14.0,188.43704,0.09421852
RP_0058,RP,summer,29,14.5,137.44266,0.06872133
RP_0058,RP,summer,30,15.0,153.97198,0.07698599
RP_0058,RP,summer,31,15.5,164.58769,0.082293846
RP_0058,RP,summer,32,16.0,164.81667,0.08240833
RP_0058,RP,summer,33,16.5,163.01509,0.08150755
RP_0058,RP,summer,34,17.0,176.52933,0.08826467
RP_0058,RP,summer,35,17.5,194.07341,0.097036704
RP_0058,RP,summer,36,18.0,212.3017,0.10615085
RP_0058,RP,summer,37,18.5,235.49275,0.117746376
RP_0058,RP,summer,38,19.0,283.53384,0.14176692
RP_0058,RP,summer,39,19.5,282.48334,0.14124167
RP_0058,RP,summer,40,20.0,276.39462,0.13819732
RP_0058,RP,summer,41,20.5,218.66458,0.10933229
RP_0058,RP,summer,42,21.0,220.04208,0.11002104
RP_0058,RP,summer,43,21.5,207.14975,0.10357487
RP_0058,RP,summer,44,22.0,737.3217,0.36866087
RP_0058,RP,summer,45,22.5,2231.6396,1.1158198
RP_0058,RP,summer,46,23.0,2554.847,1.2774235
RP_0058,RP,summer,47,23.5,1247.1151,0.62355757
RP_0059,RP,spring,0,0.0,441.2773,0.22063866
RP_0059,RP,spring,1,0.5,399.5497,0.19977486
RP_0059,RP,spring,2,1.0,366.7495,0.18337476
RP_0059,RP,spring,3,1.5,378.71725,0.18935862
RP_0059,RP,spring,4,2.0,393.44736,0.19672368
RP_0059,RP,spring,5,2.5,326.1345,0.16306725
RP_0059,RP,spring,6,3.0,354.8948,0.17744741
RP_0059,RP,spring,7,3.5,328.77133,0.16438566
RP_0059,RP,spring,8,4.0,332.49808,0.16624904
RP_0059,RP,spring,9,4.5,311.46545,0.15573272
RP_0059,RP,spring,10,5.0,330.4825,0.16524126
RP_0059,RP,spring,11,5.5,312.16132,0.15608066
RP_0059,RP,spring,12,6.0,326.47427,0.16323714
RP_0059,RP,spring,13,6.5,306.42084,0.15321042
RP_0059,RP,spring,14,7.0,311.26544,0.15563272
RP_0059,RP,spring,15,7.5,318.32462,0.15916231
RP_0059,RP,spring,16,8.0,346.31763,0.17315881
RP_0059,RP,spring,17,8.5,333.51562,0.1667578
RP_0059,RP,spring,18,9.0,361.36777,0.18068388
RP_0059,RP,spring,19,9.5,344.7838,0.1723919
RP_0059,RP,spring,20,10.0,366.44785,0.18322392
RP_0059,RP,spring,21,10.5,323.15997,0.16157998
RP_0059,RP,spring,22,11.0,358.80817,0.17940408
RP_0059,RP,spring,23,11.5,371.854,0.185927
RP_0059,RP,spring,24,12.0,373.05655,0.18652828
RP_0059,RP,spring,25,12.5,346.39432,0.17319717
RP_0059,RP,spring,26,13.0,365.5433,0.18277165
RP_0059,RP,spring,27,13.5,306.64212,0.15332106
RP_0059,RP,spring,28,14.0,295.57928,0.14778964
RP_0059,RP,spring,29,14.5,297.86935,0.14893468
RP_0059,RP,spring,30,15.0,311.83728,0.15591864
RP_0059,RP,spring,31,15.5,321.11328,0.16055664
RP_0059,RP,spring,32,16.0,347.438,0.17371899
RP_0059,RP,spring,33,16.5,358.77246,0.17938623
RP_0059,RP,spring,34,17.0,402.6882,0.2013441
RP_0059,RP,spring,35,17.5,394.83163,0.19741581
RP_0059,RP,spring,36,18.0,474.186,0.237093
RP_0059,RP,spring,37,18.5,479.9575,0.23997875
RP_0059,RP,spring,38,19.0,565.714,0.282857
RP_0059,RP,spring,39,19.5,554.8195,0.27740976
RP_0059,RP,spring,40,20.0,573.0193,0.28650963
RP_0059,RP,spring,41,20.5,578.961,0.2894805
RP_0059,RP,spring,42,21.0,648.2496,0.32412478
RP_0059,RP,spring,43,21.5,680.6921,0.34034604
RP_0059,RP,spring,44,22.0,863.9461,0.43197304
RP_0059,RP,spring,45,22.5,902.5885,0.45129424
RP_0059,RP,spring,46,23.0,708.08154,0.35404077
RP_0059,RP,spring,47,23.5,533.4456,0.2667228
RP_0060,RP,autumn,0,0.0,884.30444,0.44215223
RP_0060,RP,autumn,1,0.5,1139.9855,0.5699927
RP_0060,RP,autumn,2,1.0,1628.7922,0.81439614
RP_0060,RP,autumn,3,1.5,1695.1354,0.8475677
RP_0060,RP,autumn,4,2.0,1304.9847,0.65249234
RP_0060,RP,autumn,5,2.5,947.5511,0.47377554
RP_0060,RP,autumn,6,3.0,1016.82874,0.5084144
RP_0060,RP,autumn,7,3.5,795.4477,0.39772385
RP_0060,RP,autumn,8,4.0,713.18854,0.35659426
RP_0060,RP,autumn,9,4.5,582.9419,0.29147094
RP_0060,RP,autumn,10,5.0,656.86444,0.32843223
RP_0060,RP,autumn,11,5.5,635.6367,0.31781837
RP_0060,RP,autumn,12,6.0,675.0173,0.33750865
RP_0060,RP,autumn,13,6.5,670.3027,0.33515134
RP_0060,RP,autumn,14,7.0,882.2055,0.44110274
RP_0060,RP,autumn,15,7.5,779.7883,0.38989416
RP_0060,RP,autumn,16,8.0,617.63153,0.30881578
RP_0060,RP,autumn,17,8.5,366.3636,0.18318179
RP_0060,RP,autumn,18,9.0,228.93137,0.11446568
RP_0060,RP,autumn,19,9.5,121.90965,0.060954828
RP_0060,RP,autumn,20,10.0,65.47919,0.032739595
RP_0060,RP,autumn,21,10.5,69.59255,0.034796275
RP_0060,RP,autumn,22,11.0,38.53497,0.019267485
RP_0060,RP,autumn,23,11.5,32.210213,0.016105106
RP_0060,RP,autumn,24,12.0,55.886364,0.027943183
RP_0060,RP,autumn,25,12.5,59.266125,0.029633062
RP_0060,RP,autumn,26,13.0,33.778034,0.016889017
RP_0060,RP,autumn,27,13.5,36.847553,0.018423777
RP_0060,RP,autumn,28,14.0,37.29665,0.018648325
RP_0060,RP,autumn,29,14.5,36.64481,0.018322404
RP_0060,RP,autumn,30,15.0,37.248634,0.018624317
RP_0060,RP,autumn,31,15.5,75.28763,0.037643813
RP_0060,RP,autumn,32,16.0,141.20798,0.07060399
RP_0060,RP,autumn,33,16.5,156.9422,0.0784711
RP_0060,RP,autumn,34,17.0,185.00061,0.09250031
RP_0060,RP,autumn,35,17.5,287.68362,0.14384182
RP_0060,RP,autumn,36,18.0,316.36853,0.15818426
RP_0060,RP,autumn,37,18.5,413.70834,0.20685416
RP_0060,RP,autumn,38,19.0,516.5553,0.25827765
RP_0060,RP,autumn,39,19.5,628.2242,0.3141121
RP_0060,RP,autumn,40,20.0,565.19293,0.28259647
RP_0060,RP,autumn,41,20.5,466.44788,0.23322394
RP_0060,RP,autumn,42,21.0,427.73447,0.21386723
RP_0060,RP,autumn,43,21.5,427.64185,0.21382092
RP_0060,RP,autumn,44,22.0,357.65842,0.17882921
RP_0060,RP,autumn,45,22.5,351.14288,0.17557144
RP_0060,RP,autumn,46,23.0,385.67236,0.19283618
RP_0060,RP,autumn,47,23.5,550.4036,0.27520183
RP_0061,RP,winter,0,0.0,671.61255,0.33580628
RP_0061,RP,winter,1,0.5,605.82434,0.30291218
RP_0061,RP,winter,2,1.0,682.9214,0.3414607
RP_0061,RP,winter,3,1.5,595.93884,0.29796943
RP_0061,RP,winter,4,2.0,671.60516,0.33580258
RP_0061,RP,winter,5,2.5,541.4562,0.27072808
RP_0061,RP,winter,6,3.0,634.62024,0.31731012
RP_0061,RP,winter,7,3.5,732.8665,0.36643326
RP_0061,RP,winter,8,4.0,1186.1512,0.59307563
RP_0061,RP,winter,9,4.5,1221.505,0.6107525
RP_0061,RP,winter,10,5.0,1407.1129,0.7035565
RP_0061,RP,winter,11,5.5,1602.5762,0.80128807
RP_0061,RP,winter,12,6.0,1627.7092,0.81385463
RP_0061,RP,winter,13,6.5,1659.4082,0.8297041
RP_0061,RP,winter,14,7.0,1444.4941,0.72224706
RP_0061,RP,winter,15,7.5,1218.9236,0.6094618
RP_0061,RP,winter,16,8.0,968.2606,0.48413032
RP_0061,RP,winter,17,8.5,792.9917,0.39649585
RP_0061,RP,winter,18,9.0,720.676,0.360338
RP_0061,RP,winter,19,9.5,707.1166,0.3535583
RP_0061,RP,winter,20,10.0,874.7968,0.4373984
RP_0061,RP,winter,21,10.5,863.7939,0.43189695
RP_0061,RP,winter,22,11.0,963.1086,0.4815543
RP_0061,RP,winter,23,11.5,989.03174,0.49451587
RP_0061,RP,winter,24,12.0,1053.5559,0.526778
RP_0061,RP,winter,25,12.5,1087.7291,0.54386455
RP_0061,RP,winter,26,13.0,902.43945,0.45121974
RP_0061,RP,winter,27,13.5,803.83527,0.40191764
RP_0061,RP,winter,28,14.0,852.36224,0.4261811
RP_0061,RP,winter,29,14.5,806.62164,0.40331084
RP_0061,RP,winter,30,15.0,777.5046,0.38875228
RP_0061,RP,winter,31,15.5,731.3019,0.36565095
RP_0061,RP,winter,32,16.0,728.66675,0.36433336
RP_0061,RP,winter,33,16.5,740.89813,0.37044907
RP_0061,RP,winter,34,17.0,689.16425,0.3445821
RP_0061,RP,winter,35,17.5,639.2864,0.3196432
RP_0061,RP,winter,36,18.0,753.2295,0.37661475
RP_0061,RP,winter,37,18.5,753.1212,0.3765606
RP_0061,RP,winter,38,19.0,699.35016,0.3496751
RP_0061,RP,winter,39,19.5,603.3133,0.30165663
RP_0061,RP,winter,40,20.0,631.8096,0.3159048
RP_0061,RP,winter,41,20.5,593.17175,0.2965859
RP_0061,RP,winter,42,21.0,508.10806,0.25405404
RP_0061,RP,winter,43,21.5,426.53262,0.21326631
RP_0061,RP,winter,44,22.0,373.52844,0.18676423
RP_0061,RP,winter,45,22.5,389.41705,0.19470853
RP_0061,RP,winter,46,23.0,410.34686,0.20517343
RP_0061,RP,winter,47,23.5,420.37244,0.21018621
RP_0062,RP,spring,0,0.0,197.20132,0.09860066
RP_0062,RP,spring,1,0.5,173.71191,0.086855955
RP_0062,RP,spring,2,1.0,164.86134,0.08243067
RP_0062,RP,spring,3,1.5,187.82153,0.09391077
RP_0062,RP,spring,4,2.0,182.32889,0.09116445
RP_0062,RP,spring,5,2.5,174.22058,0.08711029
RP_0062,RP,spring,6,3.0,205.4226,0.102711305
RP_0062,RP,spring,7,3.5,219.44559,0.10972279
RP_0062,RP,spring,8,4.0,264.46118,0.1322306
RP_0062,RP,spring,9,4.5,255.67435,0.12783717
RP_0062,RP,spring,10,5.0,272.05038,0.13602519
RP_0062,RP,spring,11,5.5,271.29236,0.13564618
RP_0062,RP,spring,12,6.0,340.7615,0.17038076
RP_0062,RP,spring,13,6.5,225.5464,0.1127732
RP_0062,RP,spring,14,7.0,199.60068,0.09980034
RP_0062,RP,spring,15,7.5,152.4271,0.076213546
RP_0062,RP,spring,16,8.0,126.07913,0.06303956
RP_0062,RP,spring,17,8.5,108.389595,0.054194797
RP_0062,RP,spring,18,9.0,118.93348,0.05946674
RP_0062,RP,spring,19,9.5,153.81201,0.076906
RP_0062,RP,spring,20,10.0,199.20363,0.09960181
RP_0062,RP,spring,21,10.5,302.31714,0.15115857
RP_0062,RP,spring,22,11.0,456.38412,0.22819206
RP_0062,RP,spring,23,11.5,585.32635,0.2926632
RP_0062,RP,spring,24,12.0,538.4948,0.2692474
RP_0062,RP,spring,25,12.5,307.06268,0.15353134
RP_0062,RP,spring,26,13.0,274.3098,0.1371549
RP_0062,RP,spring,27,13.5,264.85272,0.13242637
RP_0062,RP,spring,28,14.0,229.06714,0.114533566
RP_0062,RP,spring,29,14.5,232.77432,0.11638716
RP_0062,RP,spring,30,15.0,254.5658,0.1272829
RP_0062,RP,spring,31,15.5,228.60071,0.114300355
RP_0062,RP,spring,32,16.0,249.06332,0.124531664
RP_0062,RP,spring,33,16.5,226.47038,0.11323519
RP_0062,RP,spring,34,17.0,319.66492,0.15983246
RP_0062,RP,spring,35,17.5,337.95914,0.16897957
RP_0062,RP,spring,36,18.0,487.34863,0.24367432
RP_0062,RP,spring,37,18.5,588.3477,0.29417387
RP_0062,RP,spring,38,19.0,593.87366,0.29693684
RP_0062,RP,spring,39,19.5,480.27612,0.24013807
RP_0062,RP,spring,40,20.0,441.76495,0.22088248
RP_0062,RP,spring,41,20.5,358.06448,0.17903224
RP_0062,RP,spring,42,21.0,291.87088,0.14593545
RP_0062,RP,spring,43,21.5,293.65475,0.14682737
RP_0062,RP,spring,44,22.0,267.81366,0.13390683
RP_0062,RP,spring,45,22.5,244.1294,0.122064695
RP_0062,RP,spring,46,23.0,239.08391,0.11954195
RP_0062,RP,spring,47,23.5,199.53564,0.09976782
RP_0063,RP,spring,0,0.0,1442.6901,0.721345
RP_0063,RP,spring,1,0.5,874.8139,0.43740696
RP_0063,RP,spring,2,1.0,572.40814,0.28620407
RP_0063,RP,spring,3,1.5,503.93158,0.2519658
RP_0063,RP,spring,4,2.0,394.17215,0.19708608
RP_0063,RP,spring,5,2.5,487.45273,0.24372636
RP_0063,RP,spring,6,3.0,440.41663,0.22020832
RP_0063,RP,spring,7,3.5,494.7673,0.24738365
RP_0063,RP,spring,8,4.0,634.56964,0.31728482
RP_0063,RP,spring,9,4.5,579.7112,0.2898556
RP_0063,RP,spring,10,5.0,536.51276,0.26825637
RP_0063,RP,spring,11,5.5,623.6226,0.3118113
RP_0063,RP,spring,12,6.0,593.6006,0.2968003
RP_0063,RP,spring,13,6.5,606.9527,0.30347636
RP_0063,RP,spring,14,7.0,639.6318,0.31981587
RP_0063,RP,spring,15,7.5,942.60223,0.4713011
RP_0063,RP,spring,16,8.0,1118.222,0.559111
RP_0063,RP,spring,17,8.5,791.94556,0.3959728
RP_0063,RP,spring,18,9.0,795.13446,0.39756724
RP_0063,RP,spring,19,9.5,815.23895,0.40761948
RP_0063,RP,spring,20,10.0,906.3989,0.45319948
RP_0063,RP,spring,21,10.5,853.8504,0.4269252
RP_0063,RP,spring,22,11.0,913.85547,0.45692775
RP_0063,RP,spring,23,11.5,973.55725,0.48677862
RP_0063,RP,spring,24,12.0,1023.6389,0.5118195
RP_0063,RP,spring,25,12.5,850.4507,0.42522535
RP_0063,RP,spring,26,13.0,825.74274,0.41287136
RP_0063,RP,spring,27,13.5,839.9982,0.41999912
RP_0063,RP,spring,28,14.0,629.37286,0.31468642
RP_0063,RP,spring,29,14.5,595.4702,0.2977351
RP_0063,RP,spring,30,15.0,651.03687,0.32551843
RP_0063,RP,spring,31,15.5,631.75287,0.31587642
RP_0063,RP,spring,32,16.0,559.4864,0.2797432
RP_0063,RP,spring,33,16.5,537.71387,0.26885694
RP_0063,RP,spring,34,17.0,510.6993,0.25534967
RP_0063,RP,spring,35,17.5,569.647,0.28482348
RP_0063,RP,spring,36,18.0,601.0371,0.30051854
RP_0063,RP,spring,37,18.5,664.0021,0.33200103
RP_0063,RP,spring,38,19.0,737.02325,0.36851162
RP_0063,RP,spring,39,19.5,657.6915,0.32884577
RP_0063,RP,spring,40,20.0,747.9965,0.37399825
RP_0063,RP,spring,41,20.5,687.25714,0.3436286
RP_0063,RP,spring,42,21.0,851.6106,0.4258053
RP_0063,RP,spring,43,21.5,1389.5723,0.69478613
RP_0063,RP,spring,44,22.0,2496.8079,1.2484039
RP_0063,RP,spring,45,22.5,3206.68,1.6033399
RP_0063,RP,spring,46,23.0,3125.7117,1.5628558
RP_0063,RP,spring,47,23.5,2494.3054,1.2471527
RP_0064,RP,winter,0,0.0,655.15265,0.32757634
RP_0064,RP,winter,1,0.5,629.9695,0.31498474
RP_0064,RP,winter,2,1.0,765.0813,0.38254064
RP_0064,RP,winter,3,1.5,881.9756,0.4409878
RP_0064,RP,winter,4,2.0,1178.3623,0.5891811
RP_0064,RP,winter,5,2.5,1126.87,0.563435
RP_0064,RP,winter,6,3.0,1150.0161,0.57500803
RP_0064,RP,winter,7,3.5,1053.0402,0.5265201
RP_0064,RP,winter,8,4.0,1095.3373,0.54766864
RP_0064,RP,winter,9,4.5,996.4794,0.4982397
RP_0064,RP,winter,10,5.0,977.40094,0.48870048
RP_0064,RP,winter,11,5.5,1040.7562,0.5203781
RP_0064,RP,winter,12,6.0,1049.4717,0.52473587
RP_0064,RP,winter,13,6.5,1078.4955,0.53924775
RP_0064,RP,winter,14,7.0,1038.8812,0.5194406
RP_0064,RP,winter,15,7.5,880.8975,0.44044876
RP_0064,RP,winter,16,8.0,754.50946,0.37725472
RP_0064,RP,winter,17,8.5,684.7318,0.34236592
RP_0064,RP,winter,18,9.0,636.968,0.318484
RP_0064,RP,winter,19,9.5,530.33795,0.26516896
RP_0064,RP,winter,20,10.0,603.98395,0.30199197
RP_0064,RP,winter,21,10.5,574.3341,0.28716704
RP_0064,RP,winter,22,11.0,591.185,0.2955925
RP_0064,RP,winter,23,11.5,678.3314,0.33916572
RP_0064,RP,winter,24,12.0,793.9278,0.3969639
RP_0064,RP,winter,25,12.5,982.8189,0.49140945
RP_0064,RP,winter,26,13.0,1057.3058,0.5286529
RP_0064,RP,winter,27,13.5,991.3633,0.49568164
RP_0064,RP,winter,28,14.0,1162.4,0.5812
RP_0064,RP,winter,29,14.5,1176.0493,0.5880247
RP_0064,RP,winter,30,15.0,1022.9507,0.5114753
RP_0064,RP,winter,31,15.5,835.2089,0.41760448
RP_0064,RP,winter,32,16.0,856.5773,0.42828864
RP_0064,RP,winter,33,16.5,742.05615,0.37102807
RP_0064,RP,winter,34,17.0,746.44775,0.37322387
RP_0064,RP,winter,35,17.5,704.48,0.35224
RP_0064,RP,winter,36,18.0,872.57416,0.43628708
RP_0064,RP,winter,37,18.5,867.3807,0.43369034
RP_0064,RP,winter,38,19.0,855.9191,0.42795956
RP_0064,RP,winter,39,19.5,771.581,0.3857905
RP_0064,RP,winter,40,20.0,820.38336,0.41019168
RP_0064,RP,winter,41,20.5,770.7283,0.38536415
RP_0064,RP,winter,42,21.0,727.268,0.363634
RP_0064,RP,winter,43,21.5,627.7626,0.31388128
RP_0064,RP,winter,44,22.0,603.5641,0.30178204
RP_0064,RP,winter,45,22.5,569.83093,0.28491548
RP_0064,RP,winter,46,23.0,486.20474,0.24310237
RP_0064,RP,winter,47,23.5,505.83893,0.25291947
RP_0065,RP,autumn,0,0.0,947.7008,0.4738504
RP_0065,RP,autumn,1,0.5,879.749,0.4398745
RP_0065,RP,autumn,2,1.0,908.7397,0.45436984
RP_0065,RP,autumn,3,1.5,815.2401,0.40762004
RP_0065,RP,autumn,4,2.0,921.793,0.46089652
RP_0065,RP,autumn,5,2.5,919.99774,0.45999888
RP_0065,RP,autumn,6,3.0,838.927,0.41946352
RP_0065,RP,autumn,7,3.5,844.3606,0.4221803
RP_0065,RP,autumn,8,4.0,889.65607,0.44482803
RP_0065,RP,autumn,9,4.5,884.79974,0.44239986
RP_0065,RP,autumn,10,5.0,976.4045,0.48820224
RP_0065,RP,autumn,11,5.5,1022.5973,0.51129866
RP_0065,RP,autumn,12,6.0,1133.8746,0.5669373
RP_0065,RP,autumn,13,6.5,1102.9816,0.5514908
RP_0065,RP,autumn,14,7.0,1279.5629,0.6397814
RP_0065,RP,autumn,15,7.5,1470.4218,0.7352109
RP_0065,RP,autumn,16,8.0,1636.7712,0.8183856
RP_0065,RP,autumn,17,8.5,1779.7202,0.8898601
RP_0065,RP,autumn,18,9.0,1870.489,0.9352445
RP_0065,RP,autumn,19,9.5,1836.1534,0.9180767
RP_0065,RP,autumn,20,10.0,1784.0883,0.8920441
RP_0065,RP,autumn,21,10.5,1771.7369,0.8858685
RP_0065,RP,autumn,22,11.0,1580.7532,0.7903766
RP_0065,RP,autumn,23,11.5,1390.5227,0.69526136
RP_0065,RP,autumn,24,12.0,1155.896,0.577948
RP_0065,RP,autumn,25,12.5,1086.5575,0.54327875
RP_0065,RP,autumn,26,13.0,868.08734,0.43404368
RP_0065,RP,autumn,27,13.5,745.0715,0.37253574
RP_0065,RP,autumn,28,14.0,857.8917,0.42894587
RP_0065,RP,autumn,29,14.5,724.91046,0.36245522
RP_0065,RP,autumn,30,15.0,719.9682,0.3599841
RP_0065,RP,autumn,31,15.5,848.5511,0.42427555
RP_0065,RP,autumn,32,16.0,970.84485,0.48542243
RP_0065,RP,autumn,33,16.5,955.73035,0.47786516
RP_0065,RP,autumn,34,17.0,1131.231,0.5656155
RP_0065,RP,autumn,35,17.5,1053.3855,0.52669275
RP_0065,RP,autumn,36,18.0,1196.05,0.598025
RP_0065,RP,autumn,37,18.5,1400.5308,0.7002654
RP_0065,RP,autumn,38,19.0,1532.4504,0.7662252
RP_0065,RP,autumn,39,19.5,1410.987,0.7054935
RP_0065,RP,autumn,40,20.0,1347.1224,0.6735612
RP_0065,RP,autumn,41,20.5,1314.4742,0.6572371
RP_0065,RP,autumn,42,21.0,1297.3196,0.64865977
RP_0065,RP,autumn,43,21.5,1184.3074,0.59215367
RP_0065,RP,autumn,44,22.0,1154.5001,0.57725006
RP_0065,RP,autumn,45,22.5,1153.5259,0.5767629
RP_0065,RP,autumn,46,23.0,995.46063,0.4977303
RP_0065,RP,autumn,47,23.5,937.50916,0.4687546
RP_0066,RP,winter,0,0.0,185.66388,0.09283194
RP_0066,RP,winter,1,0.5,162.87538,0.08143769
RP_0066,RP,winter,2,1.0,188.62257,0.09431129
RP_0066,RP,winter,3,1.5,177.30473,0.088652365
RP_0066,RP,winter,4,2.0,211.38716,0.10569358
RP_0066,RP,winter,5,2.5,248.19345,0.12409673
RP_0066,RP,winter,6,3.0,278.3706,0.13918531
RP_0066,RP,winter,7,3.5,248.44109,0.12422054
RP_0066,RP,winter,8,4.0,299.6453,0.14982265
RP_0066,RP,winter,9,4.5,256.05673,0.12802836
RP_0066,RP,winter,10,5.0,255.57254,0.12778626
RP_0066,RP,winter,11,5.5,227.17696,0.113588475
RP_0066,RP,winter,12,6.0,229.1694,0.1145847
RP_0066,RP,winter,13,6.5,232.85939,0.116429694
RP_0066,RP,winter,14,7.0,272.29254,0.13614628
RP_0066,RP,winter,15,7.5,322.16068,0.16108033
RP_0066,RP,winter,16,8.0,369.5071,0.18475355
RP_0066,RP,winter,17,8.5,343.34393,0.17167197
RP_0066,RP,winter,18,9.0,370.73932,0.18536966
RP_0066,RP,winter,19,9.5,340.78903,0.17039451
RP_0066,RP,winter,20,10.0,404.95633,0.20247817
RP_0066,RP,winter,21,10.5,359.99875,0.17999938
RP_0066,RP,winter,22,11.0,450.32013,0.22516006
RP_0066,RP,winter,23,11.5,486.43433,0.24321717
RP_0066,RP,winter,24,12.0,486.56775,0.24328387
RP_0066,RP,winter,25,12.5,535.58777,0.2677939
RP_0066,RP,winter,26,13.0,739.9344,0.3699672
RP_0066,RP,winter,27,13.5,1081.5461,0.5407731
RP_0066,RP,winter,28,14.0,1969.291,0.9846455
RP_0066,RP,winter,29,14.5,1743.1434,0.8715717
RP_0066,RP,winter,30,15.0,910.6952,0.4553476
RP_0066,RP,winter,31,15.5,543.86554,0.27193278
RP_0066,RP,winter,32,16.0,449.7145,0.22485726
RP_0066,RP,winter,33,16.5,386.68317,0.19334158
RP_0066,RP,winter,34,17.0,368.79492,0.18439746
RP_0066,RP,winter,35,17.5,409.96948,0.20498474
RP_0066,RP,winter,36,18.0,451.53378,0.2257669
RP_0066,RP,winter,37,18.5,569.57733,0.28478867
RP_0066,RP,winter,38,19.0,668.1825,0.33409125
RP_0066,RP,winter,39,19.5,775.777,0.3878885
RP_0066,RP,winter,40,20.0,794.47723,0.3972386
RP_0066,RP,winter,41,20.5,766.5168,0.3832584
RP_0066,RP,winter,42,21.0,631.688,0.315844
RP_0066,RP,winter,43,21.5,545.26117,0.27263057
RP_0066,RP,winter,44,22.0,436.16486,0.21808243
RP_0066,RP,winter,45,22.5,348.22495,0.17411247
RP_0066,RP,winter,46,23.0,287.7994,0.14389971
RP_0066,RP,winter,47,23.5,252.92738,0.1264637
RP_0067,RP,autumn,0,0.0,236.02766,0.11801383
RP_0067,RP,autumn,1,0.5,211.68268,0.10584134
RP_0067,RP,autumn,2,1.0,193.52501,0.09676251
RP_0067,RP,autumn,3,1.5,213.70584,0.10685292
RP_0067,RP,autumn,4,2.0,196.6216,0.0983108
RP_0067,RP,autumn,5,2.5,189.19606,0.09459803
RP_0067,RP,autumn,6,3.0,244.99107,0.12249554
RP_0067,RP,autumn,7,3.5,258.82965,0.12941483
RP_0067,RP,autumn,8,4.0,317.83713,0.15891856
RP_0067,RP,autumn,9,4.5,295.124,0.147562
RP_0067,RP,autumn,10,5.0,332.17844,0.16608922
RP_0067,RP,autumn,11,5.5,324.49606,0.16224803
RP_0067,RP,autumn,12,6.0,405.9403,0.20297015
RP_0067,RP,autumn,13,6.5,302.14246,0.15107122
RP_0067,RP,autumn,14,7.0,277.19534,0.13859767
RP_0067,RP,autumn,15,7.5,266.9754,0.1334877
RP_0067,RP,autumn,16,8.0,227.8019,0.113900945
RP_0067,RP,autumn,17,8.5,215.49384,0.107746914
RP_0067,RP,autumn,18,9.0,224.80344,0.11240172
RP_0067,RP,autumn,19,9.5,276.2949,0.13814744
RP_0067,RP,autumn,20,10.0,313.66684,0.15683343
RP_0067,RP,autumn,21,10.5,345.60788,0.17280394
RP_0067,RP,autumn,22,11.0,354.67664,0.17733832
RP_0067,RP,autumn,23,11.5,352.2411,0.17612055
RP_0067,RP,autumn,24,12.0,313.91077,0.15695538
RP_0067,RP,autumn,25,12.5,189.71089,0.09485544
RP_0067,RP,autumn,26,13.0,208.86934,0.10443467
RP_0067,RP,autumn,27,13.5,206.92566,0.10346283
RP_0067,RP,autumn,28,14.0,188.00034,0.09400017
RP_0067,RP,autumn,29,14.5,189.48468,0.09474234
RP_0067,RP,autumn,30,15.0,233.47261,0.11673631
RP_0067,RP,autumn,31,15.5,254.15825,0.12707913
RP_0067,RP,autumn,32,16.0,330.64233,0.16532117
RP_0067,RP,autumn,33,16.5,364.55676,0.18227838
RP_0067,RP,autumn,34,17.0,489.90536,0.24495268
RP_0067,RP,autumn,35,17.5,568.7489,0.28437445
RP_0067,RP,autumn,36,18.0,666.3846,0.3331923
RP_0067,RP,autumn,37,18.5,859.9674,0.4299837
RP_0067,RP,autumn,38,19.0,944.45245,0.47222623
RP_0067,RP,autumn,39,19.5,891.3467,0.44567335
RP_0067,RP,autumn,40,20.0,795.1227,0.39756134
RP_0067,RP,autumn,41,20.5,636.89685,0.31844842
RP_0067,RP,autumn,42,21.0,573.60895,0.28680447
RP_0067,RP,autumn,43,21.5,555.4923,0.27774614
RP_0067,RP,autumn,44,22.0,461.76767,0.23088384
RP_0067,RP,autumn,45,22.5,385.15826,0.19257914
RP_0067,RP,autumn,46,23.0,349.75632,0.17487817
RP_0067,RP,autumn,47,23.5,295.23584,0.14761792
RP_0068,RP,autumn,0,0.0,1096.714,0.548357
RP_0068,RP,autumn,1,0.5,842.1529,0.42107645
RP_0068,RP,autumn,2,1.0,794.30164,0.3971508
RP_0068,RP,autumn,3,1.5,910.87085,0.45543543
RP_0068,RP,autumn,4,2.0,1131.8076,0.5659038
RP_0068,RP,autumn,5,2.5,927.74805,0.463874
RP_0068,RP,autumn,6,3.0,1045.5818,0.5227909
RP_0068,RP,autumn,7,3.5,1029.448,0.514724
RP_0068,RP,autumn,8,4.0,1117.9707,0.55898535
RP_0068,RP,autumn,9,4.5,1114.5717,0.55728585
RP_0068,RP,autumn,10,5.0,1160.4811,0.58024055
RP_0068,RP,autumn,11,5.5,1186.7566,0.5933783
RP_0068,RP,autumn,12,6.0,1254.5107,0.6272554
RP_0068,RP,autumn,13,6.5,1312.4591,0.65622956
RP_0068,RP,autumn,14,7.0,1425.2849,0.71264243
RP_0068,RP,autumn,15,7.5,1423.7507,0.7118754
RP_0068,RP,autumn,16,8.0,1336.0261,0.66801304
RP_0068,RP,autumn,17,8.5,1314.2784,0.65713924
RP_0068,RP,autumn,18,9.0,1301.5325,0.65076625
RP_0068,RP,autumn,19,9.5,1321.5247,0.6607623
RP_0068,RP,autumn,20,10.0,1438.8827,0.71944135
RP_0068,RP,autumn,21,10.5,1349.6621,0.67483103
RP_0068,RP,autumn,22,11.0,1382.2896,0.69114476
RP_0068,RP,autumn,23,11.5,1512.2267,0.75611335
RP_0068,RP,autumn,24,12.0,1380.7299,0.69036496
RP_0068,RP,autumn,25,12.5,1433.7014,0.7168507
RP_0068,RP,autumn,26,13.0,1512.4519,0.75622594
RP_0068,RP,autumn,27,13.5,1575.2395,0.78761977
RP_0068,RP,autumn,28,14.0,1372.7445,0.6863723
RP_0068,RP,autumn,29,14.5,1426.9406,0.7134703
RP_0068,RP,autumn,30,15.0,1572.0664,0.7860332
RP_0068,RP,autumn,31,15.5,1540.9382,0.7704691
RP_0068,RP,autumn,32,16.0,1577.8333,0.78891665
RP_0068,RP,autumn,33,16.5,1820.0782,0.9100391
RP_0068,RP,autumn,34,17.0,2027.7618,1.013881
RP_0068,RP,autumn,35,17.5,1969.9563,0.98497814
RP_0068,RP,autumn,36,18.0,2107.2844,1.0536422
RP_0068,RP,autumn,37,18.5,2088.3762,1.0441881
RP_0068,RP,autumn,38,19.0,2427.2212,1.2136106
RP_0068,RP,autumn,39,19.5,2546.4832,1.2732415
RP_0068,RP,autumn,40,20.0,2396.452,1.198226
RP_0068,RP,autumn,41,20.5,2428.8035,1.2144017
RP_0068,RP,autumn,42,21.0,2467.019,1.2335095
RP_0068,RP,autumn,43,21.5,2481.0288,1.2405144
RP_0068,RP,autumn,44,22.0,2368.968,1.184484
RP_0068,RP,autumn,45,22.5,2682.2295,1.3411148
RP_0068,RP,autumn,46,23.0,2403.2222,1.201611
RP_0068,RP,autumn,47,23.5,1923.9779,0.9619889
RP_0069,RP,summer,0,0.0,318.13693,0.15906847
RP_0069,RP,summer,1,0.5,307.92383,0.15396191
RP_0069,RP,summer,2,1.0,350.42712,0.17521356
RP_0069,RP,summer,3,1.5,376.5793,0.18828966
RP_0069,RP,summer,4,2.0,388.3982,0.1941991
RP_0069,RP,summer,5,2.5,417.3801,0.20869005
RP_0069,RP,summer,6,3.0,430.56088,0.21528044
RP_0069,RP,summer,7,3.5,406.42688,0.20321344
RP_0069,RP,summer,8,4.0,455.30777,0.22765389
RP_0069,RP,summer,9,4.5,367.88898,0.1839445
RP_0069,RP,summer,10,5.0,394.30087,0.19715044
RP_0069,RP,summer,11,5.5,498.24268,0.24912134
RP_0069,RP,summer,12,6.0,795.3125,0.39765626
RP_0069,RP,summer,13,6.5,1149.0642,0.5745321
RP_0069,RP,summer,14,7.0,1067.6161,0.53380805
RP_0069,RP,summer,15,7.5,1002.5775,0.5012888
RP_0069,RP,summer,16,8.0,951.641,0.47582048
RP_0069,RP,summer,17,8.5,684.68146,0.34234074
RP_0069,RP,summer,18,9.0,606.2076,0.3031038
RP_0069,RP,summer,19,9.5,526.849,0.2634245
RP_0069,RP,summer,20,10.0,592.8177,0.29640883
RP_0069,RP,summer,21,10.5,508.20978,0.25410488
RP_0069,RP,summer,22,11.0,542.1322,0.2710661
RP_0069,RP,summer,23,11.5,642.6177,0.32130885
RP_0069,RP,summer,24,12.0,773.4396,0.3867198
RP_0069,RP,summer,25,12.5,989.657,0.4948285
RP_0069,RP,summer,26,13.0,1033.4362,0.5167181
RP_0069,RP,summer,27,13.5,965.98474,0.48299238
RP_0069,RP,summer,28,14.0,1038.4741,0.51923704
RP_0069,RP,summer,29,14.5,686.929,0.3434645
RP_0069,RP,summer,30,15.0,494.1521,0.24707605
RP_0069,RP,summer,31,15.5,453.85205,0.22692603
RP_0069,RP,summer,32,16.0,474.1049,0.23705244
RP_0069,RP,summer,33,16.5,412.4037,0.20620184
RP_0069,RP,summer,34,17.0,419.1087,0.20955434
RP_0069,RP,summer,35,17.5,475.97055,0.23798527
RP_0069,RP,summer,36,18.0,530.0684,0.2650342
RP_0069,RP,summer,37,18.5,743.9357,0.37196785
RP_0069,RP,summer,38,19.0,937.4698,0.4687349
RP_0069,RP,summer,39,19.5,920.2789,0.46013942
RP_0069,RP,summer,40,20.0,818.3336,0.4091668
RP_0069,RP,summer,41,20.5,711.74945,0.35587472
RP_0069,RP,summer,42,21.0,708.99335,0.3544967
RP_0069,RP,summer,43,21.5,562.6753,0.28133765
RP_0069,RP,summer,44,22.0,449.41245,0.22470622
RP_0069,RP,summer,45,22.5,388.8569,0.19442846
RP_0069,RP,summer,46,23.0,391.9015,0.19595075
RP_0069,RP,summer,47,23.5,330.086,0.165043
RP_0070,RP,summer,0,0.0,318.1535,0.15907675
RP_0070,RP,summer,1,0.5,554.6756,0.2773378
RP_0070,RP,summer,2,1.0,1471.4851,0.73574257
RP_0070,RP,summer,3,1.5,1643.847,0.8219235
RP_0070,RP,summer,4,2.0,897.4252,0.4487126
RP_0070,RP,summer,5,2.5,507.99762,0.25399882
RP_0070,RP,summer,6,3.0,434.66278,0.2173314
RP_0070,RP,summer,7,3.5,392.2679,0.19613396
RP_0070,RP,summer,8,4.0,368.36386,0.18418193
RP_0070,RP,summer,9,4.5,301.33795,0.15066898
RP_0070,RP,summer,10,5.0,344.01056,0.17200528
RP_0070,RP,summer,11,5.5,346.1335,0.17306675
RP_0070,RP,summer,12,6.0,294.88672,0.14744335
RP_0070,RP,summer,13,6.5,371.85223,0.18592611
RP_0070,RP,summer,14,7.0,407.97897,0.20398949
RP_0070,RP,summer,15,7.5,517.88745,0.25894374
RP_0070,RP,summer,16,8.0,459.0215,0.22951075
RP_0070,RP,summer,17,8.5,424.58713,0.21229357
RP_0070,RP,summer,18,9.0,410.41867,0.20520933
RP_0070,RP,summer,19,9.5,400.7573,0.20037864
RP_0070,RP,summer,20,10.0,379.2572,0.1896286
RP_0070,RP,summer,21,10.5,315.18732,0.15759365
RP_0070,RP,summer,22,11.0,294.8787,0.14743935
RP_0070,RP,summer,23,11.5,283.55582,0.1417779
RP_0070,RP,summer,24,12.0,384.24567,0.19212283
RP_0070,RP,summer,25,12.5,530.3486,0.2651743
RP_0070,RP,summer,26,13.0,556.4867,0.27824333
RP_0070,RP,summer,27,13.5,651.762,0.325881
RP_0070,RP,summer,28,14.0,782.24194,0.39112097
RP_0070,RP,summer,29,14.5,639.713,0.3198565
RP_0070,RP,summer,30,15.0,417.9804,0.2089902
RP_0070,RP,summer,31,15.5,343.8099,0.17190495
RP_0070,RP,summer,32,16.0,275.58972,0.13779487
RP_0070,RP,summer,33,16.5,226.70415,0.113352075
RP_0070,RP,summer,34,17.0,198.90639,0.099453196
RP_0070,RP,summer,35,17.5,245.9196,0.1229598
RP_0070,RP,summer,36,18.0,178.20476,0.08910238
RP_0070,RP,summer,37,18.5,218.74263,0.10937131
RP_0070,RP,summer,38,19.0,258.79767,0.12939884
RP_0070,RP,summer,39,19.5,349.37048,0.17468524
RP_0070,RP,summer,40,20.0,331.7829,0.16589145
RP_0070,RP,summer,41,20.5,284.11133,0.14205566
RP_0070,RP,summer,42,21.0,322.24203,0.16112101
RP_0070,RP,summer,43,21.5,297.17795,0.14858897
RP_0070,RP,summer,44,22.0,285.23706,0.14261854
RP_0070,RP,summer,45,22.5,242.10583,0.12105292
RP_0070,RP,summer,46,23.0,221.67601,0.110838
RP_0070,RP,summer,47,23.5,233.42108,0.11671054
RP_0071,RP,summer,0,0.0,862.93665,0.4314683
RP_0071,RP,summer,1,0.5,830.1884,0.4150942
RP_0071,RP,summer,2,1.0,903.16046,0.45158023
RP_0071,RP,summer,3,1.5,909.68024,0.45484012
RP_0071,RP,summer,4,2.0,1004.22266,0.5021113
RP_0071,RP,summer,5,2.5,869.7088,0.4348544
RP_0071,RP,summer,6,3.0,994.96136,0.4974807
RP_0071,RP,summer,7,3.5,987.9914,0.4939957
RP_0071,RP,summer,8,4.0,1030.806,0.51540303
RP_0071,RP,summer,9,4.5,932.5162,0.46625808
RP_0071,RP,summer,10,5.0,970.2792,0.48513958
RP_0071,RP,summer,11,5.5,916.8206,0.45841032
RP_0071,RP,summer,12,6.0,905.3632,0.4526816
RP_0071,RP,summer,13,6.5,792.0677,0.39603385
RP_0071,RP,summer,14,7.0,831.5915,0.41579574
RP_0071,RP,summer,15,7.5,800.6845,0.40034226
RP_0071,RP,summer,16,8.0,1153.5363,0.5767681
RP_0071,RP,summer,17,8.5,1294.4021,0.64720106
RP_0071,RP,summer,18,9.0,1623.9128,0.8119564
RP_0071,RP,summer,19,9.5,1636.9727,0.81848633
RP_0071,RP,summer,20,10.0,1822.2295,0.91111475
RP_0071,RP,summer,21,10.5,1940.3953,0.9701976
RP_0071,RP,summer,22,11.0,1925.2487,0.9626243
RP_0071,RP,summer,23,11.5,2081.015,1.0405074
RP_0071,RP,summer,24,12.0,1890.0825,0.94504124
RP_0071,RP,summer,25,12.5,2210.22,1.1051099
RP_0071,RP,summer,26,13.0,1942.8593,0.97142965
RP_0071,RP,summer,27,13.5,2292.183,1.1460916
RP_0071,RP,summer,28,14.0,2559.3457,1.2796729
RP_0071,RP,summer,29,14.5,2516.1511,1.2580756
RP_0071,RP,summer,30,15.0,2622.238,1.311119
RP_0071,RP,summer,31,15.5,2298.4893,1.1492447
RP_0071,RP,summer,32,16.0,2235.368,1.117684
RP_0071,RP,summer,33,16.5,1871.5583,0.93577915
RP_0071,RP,summer,34,17.0,1917.244,0.95862204
RP_0071,RP,summer,35,17.5,1658.7701,0.82938504
RP_0071,RP,summer,36,18.0,1604.5004,0.8022502
RP_0071,RP,summer,37,18.5,1733.7955,0.86689776
RP_0071,RP,summer,38,19.0,1642.8865,0.82144326
RP_0071,RP,summer,39,19.5,1500.145,0.75007254
RP_0071,RP,summer,40,20.0,1452.4064,0.7262032
RP_0071,RP,summer,41,20.5,1404.4927,0.7022463
RP_0071,RP,summer,42,21.0,1364.4283,0.6822142
RP_0071,RP,summer,43,21.5,1329.9286,0.6649643
RP_0071,RP,summer,44,22.0,1395.8158,0.6979079
RP_0071,RP,summer,45,22.5,1199.3218,0.5996609
RP_0071,RP,summer,46,23.0,1049.4426,0.5247213
RP_0071,RP,summer,47,23.5,926.4682,0.4632341
RP_0072,RP,spring,0,0.0,868.0306,0.4340153
RP_0072,RP,spring,1,0.5,1104.0176,0.5520088
RP_0072,RP,spring,2,1.0,1202.7269,0.6013635
RP_0072,RP,spring,3,1.5,1302.8225,0.65141124
RP_0072,RP,spring,4,2.0,1546.3445,0.77317226
RP_0072,RP,spring,5,2.5,1221.5092,0.61075455
RP_0072,RP,spring,6,3.0,1239.8251,0.61991256
RP_0072,RP,spring,7,3.5,1335.1102,0.6675551
RP_0072,RP,spring,8,4.0,1241.5616,0.6207808
RP_0072,RP,spring,9,4.5,1174.8005,0.58740026
RP_0072,RP,spring,10,5.0,1422.4509,0.71122545
RP_0072,RP,spring,11,5.5,1116.8081,0.558404
RP_0072,RP,spring,12,6.0,1122.0165,0.5610082
RP_0072,RP,spring,13,6.5,1129.8016,0.5649008
RP_0072,RP,spring,14,7.0,1201.036,0.600518
RP_0072,RP,spring,15,7.5,1011.3133,0.50565666
RP_0072,RP,spring,16,8.0,878.7609,0.43938047
RP_0072,RP,spring,17,8.5,643.2284,0.3216142
RP_0072,RP,spring,18,9.0,721.0454,0.36052272
RP_0072,RP,spring,19,9.5,599.5622,0.29978108
RP_0072,RP,spring,20,10.0,1108.1415,0.5540707
RP_0072,RP,spring,21,10.5,721.5293,0.36076465
RP_0072,RP,spring,22,11.0,433.94855,0.21697427
RP_0072,RP,spring,23,11.5,405.14377,0.20257188
RP_0072,RP,spring,24,12.0,244.48897,0.122244485
RP_0072,RP,spring,25,12.5,352.90182,0.17645091
RP_0072,RP,spring,26,13.0,272.47333,0.13623667
RP_0072,RP,spring,27,13.5,194.381,0.0971905
RP_0072,RP,spring,28,14.0,65.0244,0.0325122
RP_0072,RP,spring,29,14.5,85.86925,0.042934623
RP_0072,RP,spring,30,15.0,48.401558,0.024200778
RP_0072,RP,spring,31,15.5,44.03847,0.022019235
RP_0072,RP,spring,32,16.0,9.856694,0.004928347
RP_0072,RP,spring,33,16.5,18.788279,0.009394139
RP_0072,RP,spring,34,17.0,7.1731243,0.0035865621
RP_0072,RP,spring,35,17.5,17.229021,0.00861451
RP_0072,RP,spring,36,18.0,20.32383,0.010161915
RP_0072,RP,spring,37,18.5,90.53276,0.04526638
RP_0072,RP,spring,38,19.0,212.24821,0.10612411
RP_0072,RP,spring,39,19.5,489.31094,0.24465548
RP_0072,RP,spring,40,20.0,708.2145,0.35410723
RP_0072,RP,spring,41,20.5,785.5036,0.3927518
RP_0072,RP,spring,42,21.0,949.4971,0.47474852
RP_0072,RP,spring,43,21.5,1160.1621,0.58008105
RP_0072,RP,spring,44,22.0,1033.824,0.516912
RP_0072,RP,spring,45,22.5,890.4064,0.44520319
RP_0072,RP,spring,46,23.0,877.1536,0.43857682
RP_0072,RP,spring,47,23.5,982.5421,0.49127105
RP_0073,RP,summer,0,0.0,41.43158,0.02071579
RP_0073,RP,summer,1,0.5,42.329807,0.021164903
RP_0073,RP,summer,2,1.0,30.76333,0.015381665
RP_0073,RP,summer,3,1.5,26.242632,0.013121316
RP_0073,RP,summer,4,2.0,26.456652,0.013228326
RP_0073,RP,summer,5,2.5,34.981846,0.017490923
RP_0073,RP,summer,6,3.0,18.85801,0.009429005
RP_0073,RP,summer,7,3.5,33.77412,0.01688706
RP_0073,RP,summer,8,4.0,25.934286,0.012967143
RP_0073,RP,summer,9,4.5,30.932917,0.015466458
RP_0073,RP,summer,10,5.0,29.340847,0.014670423
RP_0073,RP,summer,11,5.5,33.00078,0.01650039
RP_0073,RP,summer,12,6.0,41.82782,0.02091391
RP_0073,RP,summer,13,6.5,70.47039,0.035235196
RP_0073,RP,summer,14,7.0,190.72993,0.095364965
RP_0073,RP,summer,15,7.5,277.31104,0.13865551
RP_0073,RP,summer,16,8.0,276.67545,0.13833772
RP_0073,RP,summer,17,8.5,135.86714,0.067933574
RP_0073,RP,summer,18,9.0,130.0515,0.06502575
RP_0073,RP,summer,19,9.5,54.74181,0.027370906
RP_0073,RP,summer,20,10.0,38.782166,0.019391082
RP_0073,RP,summer,21,10.5,33.638557,0.01681928
RP_0073,RP,summer,22,11.0,21.614447,0.010807224
RP_0073,RP,summer,23,11.5,44.578693,0.022289347
RP_0073,RP,summer,24,12.0,31.03833,0.015519165
RP_0073,RP,summer,25,12.5,28.585815,0.014292908
RP_0073,RP,summer,26,13.0,37.725544,0.018862773
RP_0073,RP,summer,27,13.5,24.831343,0.012415672
RP_0073,RP,summer,28,14.0,26.194324,0.013097162
RP_0073,RP,summer,29,14.5,22.44772,0.01122386
RP_0073,RP,summer,30,15.0,22.900576,0.011450288
RP_0073,RP,summer,31,15.5,24.701868,0.012350934
RP_0073,RP,summer,32,16.0,31.244698,0.0156223485
RP_0073,RP,summer,33,16.5,28.565943,0.014282972
RP_0073,RP,summer,34,17.0,28.974936,0.014487468
RP_0073,RP,summer,35,17.5,34.76111,0.017380554
RP_0073,RP,summer,36,18.0,35.243103,0.01762155
RP_0073,RP,summer,37,18.5,42.254025,0.021127012
RP_0073,RP,summer,38,19.0,21.695877,0.010847938
RP_0073,RP,summer,39,19.5,24.95366,0.01247683
RP_0073,RP,summer,40,20.0,25.652994,0.012826497
RP_0073,RP,summer,41,20.5,38.602318,0.01930116
RP_0073,RP,summer,42,21.0,30.927977,0.015463988
RP_0073,RP,summer,43,21.5,28.0381,0.01401905
RP_0073,RP,summer,44,22.0,62.821358,0.03141068
RP_0073,RP,summer,45,22.5,82.44066,0.04122033
RP_0073,RP,summer,46,23.0,66.66132,0.03333066
RP_0073,RP,summer,47,23.5,53.444553,0.026722277
RP_0074,RP,winter,0,0.0,265.71933,0.13285966
RP_0074,RP,winter,1,0.5,245.46625,0.12273312
RP_0074,RP,winter,2,1.0,237.45581,0.11872791
RP_0074,RP,winter,3,1.5,234.53459,0.117267296
RP_0074,RP,winter,4,2.0,242.02377,0.12101188
RP_0074,RP,winter,5,2.5,305.3862,0.1526931
RP_0074,RP,winter,6,3.0,324.63577,0.16231789
RP_0074,RP,winter,7,3.5,446.9572,0.2234786
RP_0074,RP,winter,8,4.0,673.5023,0.33675116
RP_0074,RP,winter,9,4.5,759.51624,0.37975812
RP_0074,RP,winter,10,5.0,1025.1566,0.5125783
RP_0074,RP,winter,11,5.5,1110.7169,0.55535847
RP_0074,RP,winter,12,6.0,1687.359,0.8436795
RP_0074,RP,winter,13,6.5,1247.6044,0.6238022
RP_0074,RP,winter,14,7.0,1436.0875,0.71804374
RP_0074,RP,winter,15,7.5,1543.7451,0.7718726
RP_0074,RP,winter,16,8.0,2493.5393,1.2467697
RP_0074,RP,winter,17,8.5,2328.179,1.1640894
RP_0074,RP,winter,18,9.0,2402.3923,1.2011962
RP_0074,RP,winter,19,9.5,2645.466,1.322733
RP_0074,RP,winter,20,10.0,2258.0876,1.1290438
RP_0074,RP,winter,21,10.5,1851.8766,0.9259383
RP_0074,RP,winter,22,11.0,767.3729,0.38368645
RP_0074,RP,winter,23,11.5,471.59167,0.23579584
RP_0074,RP,winter,24,12.0,446.43973,0.22321986
RP_0074,RP,winter,25,12.5,216.83035,0.10841518
RP_0074,RP,winter,26,13.0,94.93722,0.04746861
RP_0074,RP,winter,27,13.5,115.775185,0.05788759
RP_0074,RP,winter,28,14.0,77.745445,0.038872723
RP_0074,RP,winter,29,14.5,185.93439,0.0929672
RP_0074,RP,winter,30,15.0,127.03204,0.06351602
RP_0074,RP,winter,31,15.5,113.857735,0.056928866
RP_0074,RP,winter,32,16.0,108.76758,0.05438379
RP_0074,RP,winter,33,16.5,149.48474,0.07474237
RP_0074,RP,winter,34,17.0,174.06332,0.08703166
RP_0074,RP,winter,35,17.5,320.1468,0.1600734
RP_0074,RP,winter,36,18.0,519.86816,0.25993407
RP_0074,RP,winter,37,18.5,704.1205,0.35206023
RP_0074,RP,winter,38,19.0,984.7423,0.49237114
RP_0074,RP,winter,39,19.5,1102.6794,0.55133975
RP_0074,RP,winter,40,20.0,1311.4755,0.65573776
RP_0074,RP,winter,41,20.5,1363.5061,0.68175304
RP_0074,RP,winter,42,21.0,950.4516,0.4752258
RP_0074,RP,winter,43,21.5,688.5606,0.3442803
RP_0074,RP,winter,44,22.0,681.47986,0.34073994
RP_0074,RP,winter,45,22.5,485.6382,0.2428191
RP_0074,RP,winter,46,23.0,308.65192,0.15432596
RP_0074,RP,winter,47,23.5,268.74948,0.13437474
RP_0075,RP,winter,0,0.0,422.68036,0.21134017
RP_0075,RP,winter,1,0.5,325.08856,0.16254428
RP_0075,RP,winter,2,1.0,343.50308,0.17175154
RP_0075,RP,winter,3,1.5,275.0074,0.1375037
RP_0075,RP,winter,4,2.0,425.6268,0.2128134
RP_0075,RP,winter,5,2.5,417.8296,0.2089148
RP_0075,RP,winter,6,3.0,402.7055,0.20135275
RP_0075,RP,winter,7,3.5,413.96786,0.20698394
RP_0075,RP,winter,8,4.0,503.01508,0.25150755
RP_0075,RP,winter,9,4.5,545.9068,0.2729534
RP_0075,RP,winter,10,5.0,608.0443,0.30402216
RP_0075,RP,winter,11,5.5,707.24286,0.35362142
RP_0075,RP,winter,12,6.0,1115.1926,0.5575963
RP_0075,RP,winter,13,6.5,1366.0323,0.6830162
RP_0075,RP,winter,14,7.0,1878.2708,0.9391354
RP_0075,RP,winter,15,7.5,2187.3794,1.0936897
RP_0075,RP,winter,16,8.0,2271.513,1.1357565
RP_0075,RP,winter,17,8.5,2601.6167,1.3008083
RP_0075,RP,winter,18,9.0,2369.201,1.1846005
RP_0075,RP,winter,19,9.5,2351.6084,1.1758043
RP_0075,RP,winter,20,10.0,2593.5203,1.2967601
RP_0075,RP,winter,21,10.5,2651.8062,1.325903
RP_0075,RP,winter,22,11.0,2134.262,1.0671309
RP_0075,RP,winter,23,11.5,1774.4558,0.8872279
RP_0075,RP,winter,24,12.0,1734.7579,0.86737895
RP_0075,RP,winter,25,12.5,1672.9425,0.83647126
RP_0075,RP,winter,26,13.0,1220.4067,0.6102034
RP_0075,RP,winter,27,13.5,1165.6732,0.5828366
RP_0075,RP,winter,28,14.0,906.0675,0.45303375
RP_0075,RP,winter,29,14.5,861.8193,0.43090963
RP_0075,RP,winter,30,15.0,746.22327,0.37311164
RP_0075,RP,winter,31,15.5,715.8334,0.35791668
RP_0075,RP,winter,32,16.0,795.09576,0.39754787
RP_0075,RP,winter,33,16.5,865.55896,0.4327795
RP_0075,RP,winter,34,17.0,1208.4666,0.60423326
RP_0075,RP,winter,35,17.5,1307.9293,0.65396464
RP_0075,RP,winter,36,18.0,1659.2174,0.8296087
RP_0075,RP,winter,37,18.5,1738.2443,0.86912215
RP_0075,RP,winter,38,19.0,2057.9934,1.0289967
RP_0075,RP,winter,39,19.5,2280.7925,1.1403962
RP_0075,RP,winter,40,20.0,2297.2197,1.1486099
RP_0075,RP,winter,41,20.5,2736.2659,1.368133
RP_0075,RP,winter,42,21.0,2441.6912,1.2208456
RP_0075,RP,winter,43,21.5,2103.318,1.0516591
RP_0075,RP,winter,44,22.0,2191.9778,1.0959889
RP_0075,RP,winter,45,22.5,2499.625,1.2498125
RP_0075,RP,winter,46,23.0,1513.1376,0.7565688
RP_0075,RP,winter,47,23.5,1031.5393,0.51576966
RP_0076,RP,spring,0,0.0,175.66383,0.087831914
RP_0076,RP,spring,1,0.5,168.24425,0.08412212
RP_0076,RP,spring,2,1.0,177.25926,0.08862963
RP_0076,RP,spring,3,1.5,206.11435,0.103057176
RP_0076,RP,spring,4,2.0,244.59096,0.12229548
RP_0076,RP,spring,5,2.5,185.0282,0.0925141
RP_0076,RP,spring,6,3.0,214.85484,0.10742742
RP_0076,RP,spring,7,3.5,243.99127,0.121995635
RP_0076,RP,spring,8,4.0,224.53485,0.11226743
RP_0076,RP,spring,9,4.5,239.98381,0.119991906
RP_0076,RP,spring,10,5.0,193.78008,0.09689004
RP_0076,RP,spring,11,5.5,203.7828,0.101891406
RP_0076,RP,spring,12,6.0,182.56656,0.09128328
RP_0076,RP,spring,13,6.5,160.24736,0.08012368
RP_0076,RP,spring,14,7.0,164.25577,0.082127884
RP_0076,RP,spring,15,7.5,201.5341,0.10076705
RP_0076,RP,spring,16,8.0,172.22719,0.086113594
RP_0076,RP,spring,17,8.5,151.62976,0.07581488
RP_0076,RP,spring,18,9.0,209.56339,0.104781695
RP_0076,RP,spring,19,9.5,282.10806,0.14105403
RP_0076,RP,spring,20,10.0,463.84457,0.23192228
RP_0076,RP,spring,21,10.5,278.55157,0.13927579
RP_0076,RP,spring,22,11.0,359.56937,0.17978469
RP_0076,RP,spring,23,11.5,197.73517,0.09886759
RP_0076,RP,spring,24,12.0,170.69531,0.08534766
RP_0076,RP,spring,25,12.5,30.183815,0.015091907
RP_0076,RP,spring,26,13.0,105.638954,0.052819476
RP_0076,RP,spring,27,13.5,38.0098,0.0190049
RP_0076,RP,spring,28,14.0,25.927975,0.012963987
RP_0076,RP,spring,29,14.5,20.074238,0.010037119
RP_0076,RP,spring,30,15.0,27.438158,0.013719079
RP_0076,RP,spring,31,15.5,13.816317,0.0069081583
RP_0076,RP,spring,32,16.0,6.803712,0.003401856
RP_0076,RP,spring,33,16.5,15.717428,0.007858714
RP_0076,RP,spring,34,17.0,13.5224905,0.0067612454
RP_0076,RP,spring,35,17.5,20.602781,0.010301391
RP_0076,RP,spring,36,18.0,29.874332,0.014937166
RP_0076,RP,spring,37,18.5,37.26309,0.018631544
RP_0076,RP,spring,38,19.0,43.030224,0.021515112
RP_0076,RP,spring,39,19.5,64.6815,0.03234075
RP_0076,RP,spring,40,20.0,70.519005,0.035259504
RP_0076,RP,spring,41,20.5,71.70952,0.03585476
RP_0076,RP,spring,42,21.0,99.07437,0.049537186
RP_0076,RP,spring,43,21.5,147.05557,0.07352778
RP_0076,RP,spring,44,22.0,160.83008,0.08041504
RP_0076,RP,spring,45,22.5,164.29698,0.08214849
RP_0076,RP,spring,46,23.0,154.1129,0.07705645
RP_0076,RP,spring,47,23.5,143.65546,0.071827725
RP_0077,RP,summer,0,0.0,1630.0844,0.8150422
RP_0077,RP,summer,1,0.5,1419.244,0.709622
RP_0077,RP,summer,2,1.0,997.98254,0.49899128
RP_0077,RP,summer,3,1.5,700.1227,0.35006133
RP_0077,RP,summer,4,2.0,662.46155,0.33123076
RP_0077,RP,summer,5,2.5,542.1527,0.27107635
RP_0077,RP,summer,6,3.0,419.38666,0.20969333
RP_0077,RP,summer,7,3.5,336.53207,0.16826604
RP_0077,RP,summer,8,4.0,267.38947,0.13369474
RP_0077,RP,summer,9,4.5,332.01752,0.16600876
RP_0077,RP,summer,10,5.0,312.15875,0.15607938
RP_0077,RP,summer,11,5.5,345.19,0.172595
RP_0077,RP,summer,12,6.0,319.8131,0.15990655
RP_0077,RP,summer,13,6.5,310.12976,0.15506488
RP_0077,RP,summer,14,7.0,335.46457,0.16773228
RP_0077,RP,summer,15,7.5,282.13535,0.14106767
RP_0077,RP,summer,16,8.0,203.2338,0.1016169
RP_0077,RP,summer,17,8.5,169.85167,0.08492584
RP_0077,RP,summer,18,9.0,130.209,0.0651045
RP_0077,RP,summer,19,9.5,97.12276,0.04856138
RP_0077,RP,summer,20,10.0,57.01601,0.028508006
RP_0077,RP,summer,21,10.5,82.7101,0.041355047
RP_0077,RP,summer,22,11.0,61.98179,0.030990895
RP_0077,RP,summer,23,11.5,109.06822,0.05453411
RP_0077,RP,summer,24,12.0,113.23829,0.056619145
RP_0077,RP,summer,25,12.5,146.29268,0.073146336
RP_0077,RP,summer,26,13.0,133.19672,0.066598356
RP_0077,RP,summer,27,13.5,109.38368,0.05469184
RP_0077,RP,summer,28,14.0,94.8769,0.04743845
RP_0077,RP,summer,29,14.5,80.93402,0.04046701
RP_0077,RP,summer,30,15.0,81.602394,0.040801197
RP_0077,RP,summer,31,15.5,76.904,0.038452
RP_0077,RP,summer,32,16.0,101.91864,0.05095932
RP_0077,RP,summer,33,16.5,105.66387,0.052831937
RP_0077,RP,summer,34,17.0,102.49695,0.051248476
RP_0077,RP,summer,35,17.5,156.41266,0.07820633
RP_0077,RP,summer,36,18.0,207.45935,0.10372967
RP_0077,RP,summer,37,18.5,228.06804,0.11403402
RP_0077,RP,summer,38,19.0,309.65137,0.15482569
RP_0077,RP,summer,39,19.5,460.77753,0.23038876
RP_0077,RP,summer,40,20.0,380.88385,0.19044192
RP_0077,RP,summer,41,20.5,359.77713,0.17988856
RP_0077,RP,summer,42,21.0,432.10248,0.21605124
RP_0077,RP,summer,43,21.5,372.287,0.18614349
RP_0077,RP,summer,44,22.0,532.8682,0.2664341
RP_0077,RP,summer,45,22.5,910.0594,0.4550297
RP_0077,RP,summer,46,23.0,1008.0242,0.5040121
RP_0077,RP,summer,47,23.5,1372.2828,0.68614143
RP_0078,RP,autumn,0,0.0,170.87822,0.08543911
RP_0078,RP,autumn,1,0.5,104.1153,0.05205765
RP_0078,RP,autumn,2,1.0,204.83601,0.102418005
RP_0078,RP,autumn,3,1.5,171.84096,0.085920475
RP_0078,RP,autumn,4,2.0,215.00856,0.10750428
RP_0078,RP,autumn,5,2.5,118.76226,0.05938113
RP_0078,RP,autumn,6,3.0,129.50821,0.064754106
RP_0078,RP,autumn,7,3.5,133.56253,0.06678127
RP_0078,RP,autumn,8,4.0,86.49653,0.043248266
RP_0078,RP,autumn,9,4.5,122.64526,0.061322633
RP_0078,RP,autumn,10,5.0,107.3874,0.0536937
RP_0078,RP,autumn,11,5.5,152.5497,0.07627485
RP_0078,RP,autumn,12,6.0,47.66995,0.023834974
RP_0078,RP,autumn,13,6.5,85.84365,0.042921826
RP_0078,RP,autumn,14,7.0,72.987305,0.03649365
RP_0078,RP,autumn,15,7.5,104.49824,0.05224912
RP_0078,RP,autumn,16,8.0,48.868046,0.024434023
RP_0078,RP,autumn,17,8.5,59.844254,0.029922126
RP_0078,RP,autumn,18,9.0,21.537804,0.010768902
RP_0078,RP,autumn,19,9.5,19.986528,0.009993264
RP_0078,RP,autumn,20,10.0,16.21534,0.00810767
RP_0078,RP,autumn,21,10.5,7.055459,0.0035277295
RP_0078,RP,autumn,22,11.0,0.4418606,0.00022093029
RP_0078,RP,autumn,23,11.5,0.52141166,0.00026070583
RP_0078,RP,autumn,24,12.0,5.004004,0.002502002
RP_0078,RP,autumn,25,12.5,96.68593,0.048342966
RP_0078,RP,autumn,26,13.0,781.72894,0.39086446
RP_0078,RP,autumn,27,13.5,538.65436,0.2693272
RP_0078,RP,autumn,28,14.0,14.20884,0.00710442
RP_0078,RP,autumn,29,14.5,5.314093,0.0026570465
RP_0078,RP,autumn,30,15.0,2.6948998,0.0013474498
RP_0078,RP,autumn,31,15.5,2.9302382,0.0014651191
RP_0078,RP,autumn,32,16.0,2.49702,0.00124851
RP_0078,RP,autumn,33,16.5,4.0662336,0.0020331168
RP_0078,RP,autumn,34,17.0,3.0186667,0.0015093334
RP_0078,RP,autumn,35,17.5,15.386,0.0076929997
RP_0078,RP,autumn,36,18.0,30.64066,0.01532033
RP_0078,RP,autumn,37,18.5,29.098417,0.014549209
RP_0078,RP,autumn,38,19.0,89.54915,0.044774573
RP_0078,RP,autumn,39,19.5,147.74011,0.073870055
RP_0078,RP,autumn,40,20.0,110.61138,0.05530569
RP_0078,RP,autumn,41,20.5,285.85587,0.14292793
RP_0078,RP,autumn,42,21.0,346.11185,0.17305592
RP_0078,RP,autumn,43,21.5,300.68704,0.15034352
RP_0078,RP,autumn,44,22.0,223.02667,0.11151334
RP_0078,RP,autumn,45,22.5,332.00134,0.16600066
RP_0078,RP,autumn,46,23.0,180.08517,0.09004258
RP_0078,RP,autumn,47,23.5,164.01111,0.08200555
RP_0079,RP,winter,0,0.0,1204.6444,0.6023222
RP_0079,RP,winter,1,0.5,708.90265,0.35445133
RP_0079,RP,winter,2,1.0,464.55466,0.23227733
RP_0079,RP,winter,3,1.5,400.29358,0.2001468
RP_0079,RP,winter,4,2.0,444.6352,0.22231759
RP_0079,RP,winter,5,2.5,391.35666,0.19567832
RP_0079,RP,winter,6,3.0,313.3504,0.1566752
RP_0079,RP,winter,7,3.5,305.27548,0.15263774
RP_0079,RP,winter,8,4.0,364.75397,0.18237698
RP_0079,RP,winter,9,4.5,412.7766,0.20638831
RP_0079,RP,winter,10,5.0,353.88956,0.17694478
RP_0079,RP,winter,11,5.5,293.79108,0.14689554
RP_0079,RP,winter,12,6.0,334.65887,0.16732943
RP_0079,RP,winter,13,6.5,321.9085,0.16095425
RP_0079,RP,winter,14,7.0,311.06805,0.15553403
RP_0079,RP,winter,15,7.5,361.4058,0.1807029
RP_0079,RP,winter,16,8.0,624.535,0.31226748
RP_0079,RP,winter,17,8.5,714.0557,0.35702786
RP_0079,RP,winter,18,9.0,674.92285,0.3374614
RP_0079,RP,winter,19,9.5,675.9802,0.3379901
RP_0079,RP,winter,20,10.0,855.3191,0.42765954
RP_0079,RP,winter,21,10.5,708.8786,0.3544393
RP_0079,RP,winter,22,11.0,424.07196,0.21203598
RP_0079,RP,winter,23,11.5,218.3942,0.109197095
RP_0079,RP,winter,24,12.0,204.89638,0.10244819
RP_0079,RP,winter,25,12.5,93.18747,0.046593733
RP_0079,RP,winter,26,13.0,35.04852,0.01752426
RP_0079,RP,winter,27,13.5,16.580742,0.008290371
RP_0079,RP,winter,28,14.0,20.91302,0.01045651
RP_0079,RP,winter,29,14.5,14.276034,0.007138017
RP_0079,RP,winter,30,15.0,39.347946,0.019673973
RP_0079,RP,winter,31,15.5,84.31409,0.042157043
RP_0079,RP,winter,32,16.0,65.92374,0.032961868
RP_0079,RP,winter,33,16.5,140.91771,0.07045885
RP_0079,RP,winter,34,17.0,236.6484,0.118324205
RP_0079,RP,winter,35,17.5,292.45087,0.14622544
RP_0079,RP,winter,36,18.0,544.05316,0.27202657
RP_0079,RP,winter,37,18.5,529.9955,0.26499775
RP_0079,RP,winter,38,19.0,699.53687,0.34976843
RP_0079,RP,winter,39,19.5,752.068,0.376034
RP_0079,RP,winter,40,20.0,1024.5177,0.5122588
RP_0079,RP,winter,41,20.5,871.263,0.4356315
RP_0079,RP,winter,42,21.0,919.0005,0.45950025
RP_0079,RP,winter,43,21.5,1009.00714,0.50450355
RP_0079,RP,winter,44,22.0,1238.6642,0.6193321
RP_0079,RP,winter,45,22.5,1695.3085,0.8476542
RP_0079,RP,winter,46,23.0,1916.325,0.9581625
RP_0079,RP,winter,47,23.5,1799.5178,0.89975893
RP_0080,RP,autumn,0,0.0,743.527,0.3717635
RP_0080,RP,autumn,1,0.5,615.62946,0.30781472
RP_0080,RP,autumn,2,1.0,605.1693,0.30258465
RP_0080,RP,autumn,3,1.5,586.504,0.29325202
RP_0080,RP,autumn,4,2.0,578.0585,0.28902924
RP_0080,RP,autumn,5,2.5,493.136,0.246568
RP_0080,RP,autumn,6,3.0,440.00238,0.22000119
RP_0080,RP,autumn,7,3.5,422.62216,0.21131109
RP_0080,RP,autumn,8,4.0,465.27512,0.23263755
RP_0080,RP,autumn,9,4.5,428.11896,0.21405947
RP_0080,RP,autumn,10,5.0,448.09888,0.22404943
RP_0080,RP,autumn,11,5.5,488.09717,0.24404858
RP_0080,RP,autumn,12,6.0,479.26285,0.23963143
RP_0080,RP,autumn,13,6.5,528.54034,0.2642702
RP_0080,RP,autumn,14,7.0,690.8051,0.34540257
RP_0080,RP,autumn,15,7.5,897.8927,0.44894636
RP_0080,RP,autumn,16,8.0,1132.2247,0.56611234
RP_0080,RP,autumn,17,8.5,1104.9258,0.5524629
RP_0080,RP,autumn,18,9.0,999.21185,0.49960592
RP_0080,RP,autumn,19,9.5,963.53345,0.48176673
RP_0080,RP,autumn,20,10.0,843.3087,0.42165434
RP_0080,RP,autumn,21,10.5,689.6752,0.34483758
RP_0080,RP,autumn,22,11.0,558.0922,0.27904612
RP_0080,RP,autumn,23,11.5,656.5229,0.32826144
RP_0080,RP,autumn,24,12.0,822.53723,0.41126862
RP_0080,RP,autumn,25,12.5,946.46936,0.47323468
RP_0080,RP,autumn,26,13.0,785.98114,0.39299056
RP_0080,RP,autumn,27,13.5,603.41473,0.30170736
RP_0080,RP,autumn,28,14.0,521.99304,0.26099652
RP_0080,RP,autumn,29,14.5,453.46292,0.22673146
RP_0080,RP,autumn,30,15.0,390.762,0.195381
RP_0080,RP,autumn,31,15.5,416.66388,0.20833194
RP_0080,RP,autumn,32,16.0,449.72504,0.22486252
RP_0080,RP,autumn,33,16.5,433.72418,0.2168621
RP_0080,RP,autumn,34,17.0,523.258,0.261629
RP_0080,RP,autumn,35,17.5,526.28876,0.26314437
RP_0080,RP,autumn,36,18.0,719.72864,0.35986432
RP_0080,RP,autumn,37,18.5,782.13367,0.39106682
RP_0080,RP,autumn,38,19.0,1000.8371,0.50041854
RP_0080,RP,autumn,39,19.5,1177.137,0.5885685
RP_0080,RP,autumn,40,20.0,1262.6449,0.63132244
RP_0080,RP,autumn,41,20.5,1487.7267,0.74386334
RP_0080,RP,autumn,42,21.0,1652.9381,0.82646906
RP_0080,RP,autumn,43,21.5,1506.3833,0.75319165
RP_0080,RP,autumn,44,22.0,1540.0018,0.77000093
RP_0080,RP,autumn,45,22.5,1535.7913,0.76789564
RP_0080,RP,autumn,46,23.0,1365.0413,0.6825206
RP_0080,RP,autumn,47,23.5,1115.076,0.55753803
RP_0081,RP,winter,0,0.0,438.62213,0.21931106
RP_0081,RP,winter,1,0.5,579.7078,0.2898539
RP_0081,RP,winter,2,1.0,1155.1753,0.57758766
RP_0081,RP,winter,3,1.5,1233.5845,0.61679226
RP_0081,RP,winter,4,2.0,714.0687,0.35703436
RP_0081,RP,winter,5,2.5,527.02875,0.26351437
RP_0081,RP,winter,6,3.0,489.96506,0.24498253
RP_0081,RP,winter,7,3.5,434.90198,0.21745099
RP_0081,RP,winter,8,4.0,499.6029,0.24980146
RP_0081,RP,winter,9,4.5,451.9133,0.22595665
RP_0081,RP,winter,10,5.0,415.62698,0.20781349
RP_0081,RP,winter,11,5.5,421.1886,0.2105943
RP_0081,RP,winter,12,6.0,448.93524,0.22446762
RP_0081,RP,winter,13,6.5,450.16736,0.22508368
RP_0081,RP,winter,14,7.0,410.2053,0.20510265
RP_0081,RP,winter,15,7.5,356.2714,0.1781357
RP_0081,RP,winter,16,8.0,338.0812,0.1690406
RP_0081,RP,winter,17,8.5,350.0302,0.1750151
RP_0081,RP,winter,18,9.0,374.3328,0.1871664
RP_0081,RP,winter,19,9.5,382.7807,0.19139035
RP_0081,RP,winter,20,10.0,423.92322,0.21196161
RP_0081,RP,winter,21,10.5,384.80878,0.19240439
RP_0081,RP,winter,22,11.0,501.4074,0.2507037
RP_0081,RP,winter,23,11.5,520.71954,0.26035976
RP_0081,RP,winter,24,12.0,676.747,0.3383735
RP_0081,RP,winter,25,12.5,571.4861,0.28574303
RP_0081,RP,winter,26,13.0,430.23132,0.21511567
RP_0081,RP,winter,27,13.5,409.34207,0.20467104
RP_0081,RP,winter,28,14.0,470.08536,0.23504268
RP_0081,RP,winter,29,14.5,451.1822,0.2255911
RP_0081,RP,winter,30,15.0,557.65173,0.27882588
RP_0081,RP,winter,31,15.5,588.8313,0.29441565
RP_0081,RP,winter,32,16.0,652.94305,0.32647154
RP_0081,RP,winter,33,16.5,555.42334,0.27771166
RP_0081,RP,winter,34,17.0,582.3878,0.2911939
RP_0081,RP,winter,35,17.5,591.9748,0.2959874
RP_0081,RP,winter,36,18.0,691.98145,0.34599072
RP_0081,RP,winter,37,18.5,675.72327,0.33786163
RP_0081,RP,winter,38,19.0,624.75604,0.31237802
RP_0081,RP,winter,39,19.5,450.3068,0.2251534
RP_0081,RP,winter,40,20.0,468.46182,0.2342309
RP_0081,RP,winter,41,20.5,413.54602,0.20677301
RP_0081,RP,winter,42,21.0,322.95493,0.16147746
RP_0081,RP,winter,43,21.5,248.37032,0.12418516
RP_0081,RP,winter,44,22.0,243.97842,0.12198921
RP_0081,RP,winter,45,22.5,211.71939,0.1058597
RP_0081,RP,winter,46,23.0,153.73112,0.07686556
RP_0081,RP,winter,47,23.5,184.11041,0.09205521
RP_0082,RP,spring,0,0.0,155.40306,0.07770153
RP_0082,RP,spring,1,0.5,135.28148,0.06764074
RP_0082,RP,spring,2,1.0,124.41686,0.062208433
RP_0082,RP,spring,3,1.5,183.37318,0.09168659
RP_0082,RP,spring,4,2.0,268.294,0.134147
RP_0082,RP,spring,5,2.5,235.99094,0.11799547
RP_0082,RP,spring,6,3.0,171.99754,0.08599877
RP_0082,RP,spring,7,3.5,154.45499,0.077227496
RP_0082,RP,spring,8,4.0,159.95592,0.07997796
RP_0082,RP,spring,9,4.5,162.0201,0.08101005
RP_0082,RP,spring,10,5.0,166.7991,0.08339955
RP_0082,RP,spring,11,5.5,156.13332,0.078066655
RP_0082,RP,spring,12,6.0,152.7915,0.07639575
RP_0082,RP,spring,13,6.5,152.75983,0.07637991
RP_0082,RP,spring,14,7.0,163.27925,0.081639625
RP_0082,RP,spring,15,7.5,141.67964,0.07083982
RP_0082,RP,spring,16,8.0,164.41682,0.08220841
RP_0082,RP,spring,17,8.5,158.27002,0.07913501
RP_0082,RP,spring,18,9.0,163.8697,0.081934854
RP_0082,RP,spring,19,9.5,161.48392,0.08074196
RP_0082,RP,spring,20,10.0,175.10385,0.08755193
RP_0082,RP,spring,21,10.5,150.26993,0.07513496
RP_0082,RP,spring,22,11.0,147.92542,0.07396271
RP_0082,RP,spring,23,11.5,166.05217,0.08302608
RP_0082,RP,spring,24,12.0,182.16374,0.09108187
RP_0082,RP,spring,25,12.5,206.15553,0.10307777
RP_0082,RP,spring,26,13.0,209.78741,0.10489371
RP_0082,RP,spring,27,13.5,186.49992,0.09324996
RP_0082,RP,spring,28,14.0,202.87941,0.10143971
RP_0082,RP,spring,29,14.5,173.2318,0.0866159
RP_0082,RP,spring,30,15.0,157.9679,0.07898395
RP_0082,RP,spring,31,15.5,138.90115,0.06945058
RP_0082,RP,spring,32,16.0,155.75935,0.077879675
RP_0082,RP,spring,33,16.5,147.26915,0.07363457
RP_0082,RP,spring,34,17.0,147.49513,0.07374757
RP_0082,RP,spring,35,17.5,184.8671,0.09243355
RP_0082,RP,spring,36,18.0,231.59436,0.11579718
RP_0082,RP,spring,37,18.5,251.81454,0.12590727
RP_0082,RP,spring,38,19.0,338.4792,0.1692396
RP_0082,RP,spring,39,19.5,386.91245,0.19345622
RP_0082,RP,spring,40,20.0,392.51517,0.19625758
RP_0082,RP,spring,41,20.5,333.11102,0.16655551
RP_0082,RP,spring,42,21.0,336.48508,0.16824254
RP_0082,RP,spring,43,21.5,299.2197,0.14960985
RP_0082,RP,spring,44,22.0,218.30508,0.10915254
RP_0082,RP,spring,45,22.5,196.40826,0.09820413
RP_0082,RP,spring,46,23.0,198.80289,0.099401444
RP_0082,RP,spring,47,23.5,167.54463,0.08377232
RP_0083,RP,spring,0,0.0,262.38165,0.13119082
RP_0083,RP,spring,1,0.5,204.81471,0.10240736
RP_0083,RP,spring,2,1.0,186.5983,0.09329915
RP_0083,RP,spring,3,1.5,186.70183,0.09335092
RP_0083,RP,spring,4,2.0,194.23393,0.09711697
RP_0083,RP,spring,5,2.5,185.02518,0.092512585
RP_0083,RP,spring,6,3.0,197.88438,0.09894219
RP_0083,RP,spring,7,3.5,203.04602,0.10152301
RP_0083,RP,spring,8,4.0,184.75775,0.09237888
RP_0083,RP,spring,9,4.5,155.32932,0.07766466
RP_0083,RP,spring,10,5.0,170.34453,0.085172266
RP_0083,RP,spring,11,5.5,184.8242,0.0924121
RP_0083,RP,spring,12,6.0,537.84,0.26892
RP_0083,RP,spring,13,6.5,1124.5636,0.5622818
RP_0083,RP,spring,14,7.0,1496.9917,0.7484959
RP_0083,RP,spring,15,7.5,901.61615,0.45080808
RP_0083,RP,spring,16,8.0,493.04813,0.24652407
RP_0083,RP,spring,17,8.5,297.8156,0.14890781
RP_0083,RP,spring,18,9.0,242.66998,0.12133499
RP_0083,RP,spring,19,9.5,180.07196,0.09003598
RP_0083,RP,spring,20,10.0,165.09402,0.08254701
RP_0083,RP,spring,21,10.5,151.08293,0.07554147
RP_0083,RP,spring,22,11.0,150.2855,0.075142756
RP_0083,RP,spring,23,11.5,205.46828,0.10273414
RP_0083,RP,spring,24,12.0,180.69876,0.09034938
RP_0083,RP,spring,25,12.5,195.37918,0.09768959
RP_0083,RP,spring,26,13.0,185.90399,0.092952
RP_0083,RP,spring,27,13.5,153.21661,0.07660831
RP_0083,RP,spring,28,14.0,153.70221,0.07685111
RP_0083,RP,spring,29,14.5,151.04602,0.07552301
RP_0083,RP,spring,30,15.0,169.86348,0.08493174
RP_0083,RP,spring,31,15.5,207.35164,0.10367582
RP_0083,RP,spring,32,16.0,237.92885,0.118964426
RP_0083,RP,spring,33,16.5,220.63618,0.110318094
RP_0083,RP,spring,34,17.0,257.28195,0.12864098
RP_0083,RP,spring,35,17.5,244.91203,0.122456014
RP_0083,RP,spring,36,18.0,280.07642,0.1400382
RP_0083,RP,spring,37,18.5,391.9693,0.19598465
RP_0083,RP,spring,38,19.0,415.08914,0.20754457
RP_0083,RP,spring,39,19.5,439.9328,0.2199664
RP_0083,RP,spring,40,20.0,435.1577,0.21757886
RP_0083,RP,spring,41,20.5,375.8311,0.18791555
RP_0083,RP,spring,42,21.0,406.89944,0.20344973
RP_0083,RP,spring,43,21.5,327.0901,0.16354504
RP_0083,RP,spring,44,22.0,321.06415,0.16053207
RP_0083,RP,spring,45,22.5,339.99188,0.16999593
RP_0083,RP,spring,46,23.0,318.90833,0.15945417
RP_0083,RP,spring,47,23.5,341.54315,0.17077157
RP_0084,RP,spring,0,0.0,601.9024,0.3009512
RP_0084,RP,spring,1,0.5,585.49524,0.29274762
RP_0084,RP,spring,2,1.0,797.93,0.398965
RP_0084,RP,spring,3,1.5,885.0697,0.44253486
RP_0084,RP,spring,4,2.0,1000.86865,0.50043434
RP_0084,RP,spring,5,2.5,853.73346,0.42686674
RP_0084,RP,spring,6,3.0,819.89667,0.40994832
RP_0084,RP,spring,7,3.5,772.8335,0.38641673
RP_0084,RP,spring,8,4.0,807.03766,0.40351883
RP_0084,RP,spring,9,4.5,772.60657,0.38630328
RP_0084,RP,spring,10,5.0,782.67346,0.39133674
RP_0084,RP,spring,11,5.5,730.5808,0.3652904
RP_0084,RP,spring,12,6.0,745.0338,0.3725169
RP_0084,RP,spring,13,6.5,713.81714,0.35690856
RP_0084,RP,spring,14,7.0,672.3349,0.33616745
RP_0084,RP,spring,15,7.5,613.7921,0.30689606
RP_0084,RP,spring,16,8.0,664.10297,0.3320515
RP_0084,RP,spring,17,8.5,710.6756,0.3553378
RP_0084,RP,spring,18,9.0,849.6338,0.4248169
RP_0084,RP,spring,19,9.5,956.5153,0.47825766
RP_0084,RP,spring,20,10.0,1006.3723,0.50318617
RP_0084,RP,spring,21,10.5,952.45087,0.47622544
RP_0084,RP,spring,22,11.0,1101.5402,0.5507701
RP_0084,RP,spring,23,11.5,1172.1796,0.5860898
RP_0084,RP,spring,24,12.0,1150.0309,0.5750154
RP_0084,RP,spring,25,12.5,1210.2627,0.6051313
RP_0084,RP,spring,26,13.0,1154.0991,0.57704955
RP_0084,RP,spring,27,13.5,1145.6321,0.572816
RP_0084,RP,spring,28,14.0,1185.6697,0.59283483
RP_0084,RP,spring,29,14.5,1064.2511,0.53212553
RP_0084,RP,spring,30,15.0,1005.35016,0.50267506
RP_0084,RP,spring,31,15.5,858.0515,0.42902577
RP_0084,RP,spring,32,16.0,783.9132,0.3919566
RP_0084,RP,spring,33,16.5,641.3891,0.32069454
RP_0084,RP,spring,34,17.0,665.5774,0.3327887
RP_0084,RP,spring,35,17.5,619.81177,0.3099059
RP_0084,RP,spring,36,18.0,640.2439,0.32012194
RP_0084,RP,spring,37,18.5,671.1361,0.33556804
RP_0084,RP,spring,38,19.0,751.8935,0.37594676
RP_0084,RP,spring,39,19.5,775.7451,0.38787255
RP_0084,RP,spring,40,20.0,754.38196,0.37719098
RP_0084,RP,spring,41,20.5,712.09247,0.35604623
RP_0084,RP,spring,42,21.0,746.99005,0.373495
RP_0084,RP,spring,43,21.5,661.3457,0.33067286
RP_0084,RP,spring,44,22.0,671.9494,0.3359747
RP_0084,RP,spring,45,22.5,617.1488,0.3085744
RP_0084,RP,spring,46,23.0,572.17334,0.28608668
RP_0084,RP,spring,47,23.5,531.9594,0.2659797
RP_0085,RP,winter,0,0.0,113.82888,0.05691444
RP_0085,RP,winter,1,0.5,111.52281,0.055761404
RP_0085,RP,winter,2,1.0,261.7478,0.1308739
RP_0085,RP,winter,3,1.5,918.5812,0.4592906
RP_0085,RP,winter,4,2.0,1159.768,0.579884
RP_0085,RP,winter,5,2.5,612.78186,0.30639094
RP_0085,RP,winter,6,3.0,237.012,0.118506
RP_0085,RP,winter,7,3.5,156.42926,0.07821463
RP_0085,RP,winter,8,4.0,140.89836,0.07044918
RP_0085,RP,winter,9,4.5,123.86419,0.061932094
RP_0085,RP,winter,10,5.0,133.45882,0.06672941
RP_0085,RP,winter,11,5.5,146.49565,0.07324783
RP_0085,RP,winter,12,6.0,306.0666,0.1530333
RP_0085,RP,winter,13,6.5,494.40384,0.24720192
RP_0085,RP,winter,14,7.0,528.5206,0.26426032
RP_0085,RP,winter,15,7.5,405.13504,0.20256752
RP_0085,RP,winter,16,8.0,283.069,0.1415345
RP_0085,RP,winter,17,8.5,169.91425,0.08495712
RP_0085,RP,winter,18,9.0,131.92136,0.065960675
RP_0085,RP,winter,19,9.5,108.013695,0.05400685
RP_0085,RP,winter,20,10.0,79.41106,0.03970553
RP_0085,RP,winter,21,10.5,102.293274,0.051146638
RP_0085,RP,winter,22,11.0,106.66763,0.053333815
RP_0085,RP,winter,23,11.5,106.853905,0.05342695
RP_0085,RP,winter,24,12.0,185.5184,0.0927592
RP_0085,RP,winter,25,12.5,108.686165,0.054343082
RP_0085,RP,winter,26,13.0,105.662346,0.052831173
RP_0085,RP,winter,27,13.5,84.91133,0.042455666
RP_0085,RP,winter,28,14.0,73.83064,0.03691532
RP_0085,RP,winter,29,14.5,75.39808,0.03769904
RP_0085,RP,winter,30,15.0,69.86898,0.03493449
RP_0085,RP,winter,31,15.5,73.018326,0.036509164
RP_0085,RP,winter,32,16.0,74.6001,0.03730005
RP_0085,RP,winter,33,16.5,113.602745,0.05680137
RP_0085,RP,winter,34,17.0,164.9653,0.08248265
RP_0085,RP,winter,35,17.5,184.63733,0.09231866
RP_0085,RP,winter,36,18.0,260.75626,0.13037813
RP_0085,RP,winter,37,18.5,445.00467,0.22250234
RP_0085,RP,winter,38,19.0,514.71484,0.25735742
RP_0085,RP,winter,39,19.5,485.12613,0.24256307
RP_0085,RP,winter,40,20.0,473.76065,0.23688033
RP_0085,RP,winter,41,20.5,337.82196,0.16891098
RP_0085,RP,winter,42,21.0,280.80823,0.14040412
RP_0085,RP,winter,43,21.5,180.14561,0.09007281
RP_0085,RP,winter,44,22.0,174.75085,0.087375425
RP_0085,RP,winter,45,22.5,158.99603,0.079498015
RP_0085,RP,winter,46,23.0,127.29062,0.06364531
RP_0085,RP,winter,47,23.5,100.3894,0.0501947
RP_0086,RP,summer,0,0.0,28.755995,0.014377997
RP_0086,RP,summer,1,0.5,18.753624,0.009376812
RP_0086,RP,summer,2,1.0,15.594587,0.007797294
RP_0086,RP,summer,3,1.5,13.904523,0.0069522616
RP_0086,RP,summer,4,2.0,12.008987,0.0060044937
RP_0086,RP,summer,5,2.5,16.713211,0.008356606
RP_0086,RP,summer,6,3.0,17.059721,0.0085298605
RP_0086,RP,summer,7,3.5,24.422844,0.0122114215
RP_0086,RP,summer,8,4.0,23.36231,0.011681155
RP_0086,RP,summer,9,4.5,16.005915,0.008002957
RP_0086,RP,summer,10,5.0,18.47496,0.00923748
RP_0086,RP,summer,11,5.5,17.052404,0.008526202
RP_0086,RP,summer,12,6.0,16.891445,0.008445723
RP_0086,RP,summer,13,6.5,22.04824,0.01102412
RP_0086,RP,summer,14,7.0,22.442633,0.011221317
RP_0086,RP,summer,15,7.5,22.913439,0.01145672
RP_0086,RP,summer,16,8.0,26.807173,0.013403586
RP_0086,RP,summer,17,8.5,17.00246,0.00850123
RP_0086,RP,summer,18,9.0,22.581852,0.011290926
RP_0086,RP,summer,19,9.5,19.535444,0.009767722
RP_0086,RP,summer,20,10.0,25.172693,0.012586347
RP_0086,RP,summer,21,10.5,29.5173,0.01475865
RP_0086,RP,summer,22,11.0,25.097427,0.012548714
RP_0086,RP,summer,23,11.5,25.687466,0.012843733
RP_0086,RP,summer,24,12.0,36.90207,0.018451035
RP_0086,RP,summer,25,12.5,19.529312,0.009764656
RP_0086,RP,summer,26,13.0,28.4526,0.014226301
RP_0086,RP,summer,27,13.5,17.66079,0.008830395
RP_0086,RP,summer,28,14.0,16.893599,0.0084468
RP_0086,RP,summer,29,14.5,12.83874,0.00641937
RP_0086,RP,summer,30,15.0,18.302294,0.009151147
RP_0086,RP,summer,31,15.5,23.411558,0.0117057795
RP_0086,RP,summer,32,16.0,25.797112,0.012898556
RP_0086,RP,summer,33,16.5,31.833416,0.015916709
RP_0086,RP,summer,34,17.0,35.0153,0.01750765
RP_0086,RP,summer,35,17.5,40.469154,0.020234577
RP_0086,RP,summer,36,18.0,62.798992,0.031399496
RP_0086,RP,summer,37,18.5,81.42019,0.040710095
RP_0086,RP,summer,38,19.0,105.98427,0.052992135
RP_0086,RP,summer,39,19.5,110.61447,0.055307236
RP_0086,RP,summer,40,20.0,105.86134,0.05293067
RP_0086,RP,summer,41,20.5,78.55079,0.039275393
RP_0086,RP,summer,42,21.0,77.17237,0.038586184
RP_0086,RP,summer,43,21.5,73.65337,0.036826685
RP_0086,RP,summer,44,22.0,205.50797,0.10275398
RP_0086,RP,summer,45,22.5,393.03076,0.19651538
RP_0086,RP,summer,46,23.0,323.18423,0.16159211
RP_0086,RP,summer,47,23.5,122.773796,0.0613869
RP_0087,RP,autumn,0,0.0,481.27454,0.24063727
RP_0087,RP,autumn,1,0.5,419.1057,0.20955285
RP_0087,RP,autumn,2,1.0,502.68448,0.25134224
RP_0087,RP,autumn,3,1.5,804.5125,0.40225625
RP_0087,RP,autumn,4,2.0,1347.649,0.67382455
RP_0087,RP,autumn,5,2.5,1617.2036,0.8086018
RP_0087,RP,autumn,6,3.0,1924.2009,0.96210045
RP_0087,RP,autumn,7,3.5,2169.0027,1.0845014
RP_0087,RP,autumn,8,4.0,2155.679,1.0778395
RP_0087,RP,autumn,9,4.5,1901.4424,0.9507212
RP_0087,RP,autumn,10,5.0,1210.7329,0.60536647
RP_0087,RP,autumn,11,5.5,748.3456,0.37417278
RP_0087,RP,autumn,12,6.0,507.42563,0.2537128
RP_0087,RP,autumn,13,6.5,382.41818,0.1912091
RP_0087,RP,autumn,14,7.0,294.74426,0.14737213
RP_0087,RP,autumn,15,7.5,185.65132,0.09282566
RP_0087,RP,autumn,16,8.0,84.22923,0.042114615
RP_0087,RP,autumn,17,8.5,94.401566,0.047200784
RP_0087,RP,autumn,18,9.0,81.70297,0.040851485
RP_0087,RP,autumn,19,9.5,149.14958,0.07457479
RP_0087,RP,autumn,20,10.0,284.84204,0.14242102
RP_0087,RP,autumn,21,10.5,264.45218,0.1322261
RP_0087,RP,autumn,22,11.0,387.4148,0.19370739
RP_0087,RP,autumn,23,11.5,373.16592,0.18658297
RP_0087,RP,autumn,24,12.0,342.66138,0.17133069
RP_0087,RP,autumn,25,12.5,415.85748,0.20792875
RP_0087,RP,autumn,26,13.0,420.79462,0.2103973
RP_0087,RP,autumn,27,13.5,372.16348,0.18608174
RP_0087,RP,autumn,28,14.0,456.01962,0.2280098
RP_0087,RP,autumn,29,14.5,365.62424,0.18281212
RP_0087,RP,autumn,30,15.0,308.90024,0.15445012
RP_0087,RP,autumn,31,15.5,308.70404,0.15435202
RP_0087,RP,autumn,32,16.0,266.2395,0.13311975
RP_0087,RP,autumn,33,16.5,305.1017,0.15255086
RP_0087,RP,autumn,34,17.0,304.8769,0.15243845
RP_0087,RP,autumn,35,17.5,354.33862,0.17716931
RP_0087,RP,autumn,36,18.0,385.98538,0.19299269
RP_0087,RP,autumn,37,18.5,447.7799,0.22388995
RP_0087,RP,autumn,38,19.0,458.00507,0.22900254
RP_0087,RP,autumn,39,19.5,436.46387,0.21823193
RP_0087,RP,autumn,40,20.0,446.0194,0.2230097
RP_0087,RP,autumn,41,20.5,473.904,0.23695199
RP_0087,RP,autumn,42,21.0,469.56384,0.23478192
RP_0087,RP,autumn,43,21.5,488.73053,0.24436526
RP_0087,RP,autumn,44,22.0,512.6102,0.25630513
RP_0087,RP,autumn,45,22.5,488.89658,0.24444829
RP_0087,RP,autumn,46,23.0,400.71823,0.20035912
RP_0087,RP,autumn,47,23.5,458.63452,0.22931726
RP_0088,RP,spring,0,0.0,540.21497,0.27010748
RP_0088,RP,spring,1,0.5,606.844,0.303422
RP_0088,RP,spring,2,1.0,1133.3103,0.56665516
RP_0088,RP,spring,3,1.5,1287.7819,0.6438909
RP_0088,RP,spring,4,2.0,1301.8182,0.6509091
RP_0088,RP,spring,5,2.5,869.0834,0.43454167
RP_0088,RP,spring,6,3.0,648.45764,0.32422882
RP_0088,RP,spring,7,3.5,538.65125,0.2693256
RP_0088,RP,spring,8,4.0,520.52875,0.26026437
RP_0088,RP,spring,9,4.5,427.5501,0.21377505
RP_0088,RP,spring,10,5.0,449.36905,0.22468452
RP_0088,RP,spring,11,5.5,475.02103,0.23751052
RP_0088,RP,spring,12,6.0,477.17725,0.23858862
RP_0088,RP,spring,13,6.5,482.4578,0.2412289
RP_0088,RP,spring,14,7.0,568.77747,0.28438872
RP_0088,RP,spring,15,7.5,594.97955,0.29748976
RP_0088,RP,spring,16,8.0,745.3818,0.3726909
RP_0088,RP,spring,17,8.5,781.767,0.3908835
RP_0088,RP,spring,18,9.0,844.6073,0.42230365
RP_0088,RP,spring,19,9.5,961.0117,0.48050585
RP_0088,RP,spring,20,10.0,1045.5065,0.52275324
RP_0088,RP,spring,21,10.5,1019.837,0.5099185
RP_0088,RP,spring,22,11.0,1060.0814,0.5300407
RP_0088,RP,spring,23,11.5,1237.0024,0.61850125
RP_0088,RP,spring,24,12.0,1421.1063,0.71055317
RP_0088,RP,spring,25,12.5,1326.3129,0.66315645
RP_0088,RP,spring,26,13.0,1395.9064,0.69795316
RP_0088,RP,spring,27,13.5,1212.2935,0.60614675
RP_0088,RP,spring,28,14.0,1118.6315,0.55931574
RP_0088,RP,spring,29,14.5,1066.3159,0.53315794
RP_0088,RP,spring,30,15.0,1008.80347,0.50440174
RP_0088,RP,spring,31,15.5,928.3036,0.4641518
RP_0088,RP,spring,32,16.0,902.24084,0.45112044
RP_0088,RP,spring,33,16.5,855.1501,0.42757505
RP_0088,RP,spring,34,17.0,858.833,0.4294165
RP_0088,RP,spring,35,17.5,885.1774,0.44258872
RP_0088,RP,spring,36,18.0,1027.3142,0.5136571
RP_0088,RP,spring,37,18.5,1247.3223,0.62366116
RP_0088,RP,spring,38,19.0,1263.6111,0.63180554
RP_0088,RP,spring,39,19.5,1339.9119,0.6699559
RP_0088,RP,spring,40,20.0,1328.8761,0.66443807
RP_0088,RP,spring,41,20.5,1213.9828,0.6069914
RP_0088,RP,spring,42,21.0,1100.9283,0.55046415
RP_0088,RP,spring,43,21.5,922.03375,0.46101686
RP_0088,RP,spring,44,22.0,885.9663,0.44298315
RP_0088,RP,spring,45,22.5,764.44885,0.38222444
RP_0088,RP,spring,46,23.0,658.15027,0.32907513
RP_0088,RP,spring,47,23.5,522.1447,0.26107237
RP_0089,RP,spring,0,0.0,98.422226,0.049211115
RP_0089,RP,spring,1,0.5,92.47669,0.046238348
RP_0089,RP,spring,2,1.0,153.21596,0.07660798
RP_0089,RP,spring,3,1.5,300.29773,0.15014887
RP_0089,RP,spring,4,2.0,213.47714,0.106738575
RP_0089,RP,spring,5,2.5,126.72685,0.063363425
RP_0089,RP,spring,6,3.0,119.04734,0.059523672
RP_0089,RP,spring,7,3.5,142.45132,0.071225666
RP_0089,RP,spring,8,4.0,117.96582,0.05898291
RP_0089,RP,spring,9,4.5,110.58047,0.055290233
RP_0089,RP,spring,10,5.0,120.541504,0.060270753
RP_0089,RP,spring,11,5.5,126.47277,0.063236386
RP_0089,RP,spring,12,6.0,109.60371,0.05480185
RP_0089,RP,spring,13,6.5,150.10995,0.07505498
RP_0089,RP,spring,14,7.0,163.1038,0.0815519
RP_0089,RP,spring,15,7.5,183.90875,0.09195437
RP_0089,RP,spring,16,8.0,169.7111,0.08485555
RP_0089,RP,spring,17,8.5,141.97603,0.070988014
RP_0089,RP,spring,18,9.0,131.6825,0.06584125
RP_0089,RP,spring,19,9.5,123.93285,0.061966427
RP_0089,RP,spring,20,10.0,109.33769,0.054668847
RP_0089,RP,spring,21,10.5,87.579254,0.04378963
RP_0089,RP,spring,22,11.0,77.394104,0.038697053
RP_0089,RP,spring,23,11.5,92.0495,0.04602475
RP_0089,RP,spring,24,12.0,202.19713,0.10109857
RP_0089,RP,spring,25,12.5,308.2783,0.15413915
RP_0089,RP,spring,26,13.0,292.3223,0.14616115
RP_0089,RP,spring,27,13.5,137.27467,0.068637334
RP_0089,RP,spring,28,14.0,84.564644,0.04228232
RP_0089,RP,spring,29,14.5,55.89453,0.027947266
RP_0089,RP,spring,30,15.0,62.889683,0.03144484
RP_0089,RP,spring,31,15.5,45.12423,0.022562115
RP_0089,RP,spring,32,16.0,60.60152,0.03030076
RP_0089,RP,spring,33,16.5,50.633045,0.025316523
RP_0089,RP,spring,34,17.0,52.288593,0.026144296
RP_0089,RP,spring,35,17.5,65.33226,0.03266613
RP_0089,RP,spring,36,18.0,97.158554,0.048579276
RP_0089,RP,spring,37,18.5,88.254196,0.0441271
RP_0089,RP,spring,38,19.0,95.96803,0.047984015
RP_0089,RP,spring,39,19.5,93.92062,0.046960313
RP_0089,RP,spring,40,20.0,91.82571,0.045912854
RP_0089,RP,spring,41,20.5,89.92613,0.044963066
RP_0089,RP,spring,42,21.0,101.74687,0.050873436
RP_0089,RP,spring,43,21.5,77.60136,0.03880068
RP_0089,RP,spring,44,22.0,79.93962,0.03996981
RP_0089,RP,spring,45,22.5,82.74874,0.04137437
RP_0089,RP,spring,46,23.0,69.87124,0.03493562
RP_0089,RP,spring,47,23.5,61.051666,0.030525833
RP_0090,RP,autumn,0,0.0,115.88861,0.057944305
RP_0090,RP,autumn,1,0.5,306.4497,0.15322486
RP_0090,RP,autumn,2,1.0,1177.142,0.588571
RP_0090,RP,autumn,3,1.5,1902.2681,0.951134
RP_0090,RP,autumn,4,2.0,1592.3208,0.7961604
RP_0090,RP,autumn,5,2.5,915.94745,0.45797372
RP_0090,RP,autumn,6,3.0,490.2203,0.24511015
RP_0090,RP,autumn,7,3.5,407.29486,0.20364743
RP_0090,RP,autumn,8,4.0,319.2099,0.15960495
RP_0090,RP,autumn,9,4.5,263.6018,0.1318009
RP_0090,RP,autumn,10,5.0,299.50714,0.14975357
RP_0090,RP,autumn,11,5.5,281.18002,0.14059001
RP_0090,RP,autumn,12,6.0,376.66342,0.18833171
RP_0090,RP,autumn,13,6.5,419.6784,0.20983921
RP_0090,RP,autumn,14,7.0,398.2978,0.1991489
RP_0090,RP,autumn,15,7.5,328.25485,0.16412742
RP_0090,RP,autumn,16,8.0,255.4253,0.12771265
RP_0090,RP,autumn,17,8.5,217.35283,0.10867641
RP_0090,RP,autumn,18,9.0,177.6282,0.0888141
RP_0090,RP,autumn,19,9.5,164.01614,0.08200807
RP_0090,RP,autumn,20,10.0,174.07835,0.08703918
RP_0090,RP,autumn,21,10.5,236.2028,0.1181014
RP_0090,RP,autumn,22,11.0,237.83191,0.11891595
RP_0090,RP,autumn,23,11.5,231.19897,0.11559949
RP_0090,RP,autumn,24,12.0,299.80032,0.14990017
RP_0090,RP,autumn,25,12.5,191.50026,0.09575013
RP_0090,RP,autumn,26,13.0,201.23775,0.10061888
RP_0090,RP,autumn,27,13.5,169.13803,0.084569015
RP_0090,RP,autumn,28,14.0,204.10022,0.10205011
RP_0090,RP,autumn,29,14.5,189.85318,0.09492659
RP_0090,RP,autumn,30,15.0,239.95854,0.11997927
RP_0090,RP,autumn,31,15.5,246.59955,0.12329978
RP_0090,RP,autumn,32,16.0,219.89426,0.10994713
RP_0090,RP,autumn,33,16.5,219.93787,0.10996893
RP_0090,RP,autumn,34,17.0,210.183,0.1050915
RP_0090,RP,autumn,35,17.5,222.95255,0.11147627
RP_0090,RP,autumn,36,18.0,216.94933,0.108474664
RP_0090,RP,autumn,37,18.5,271.36548,0.13568273
RP_0090,RP,autumn,38,19.0,224.12334,0.11206167
RP_0090,RP,autumn,39,19.5,240.95377,0.12047689
RP_0090,RP,autumn,40,20.0,264.35498,0.13217749
RP_0090,RP,autumn,41,20.5,210.496,0.105248004
RP_0090,RP,autumn,42,21.0,223.2819,0.11164095
RP_0090,RP,autumn,43,21.5,194.34158,0.09717079
RP_0090,RP,autumn,44,22.0,136.4308,0.0682154
RP_0090,RP,autumn,45,22.5,109.03159,0.054515798
RP_0090,RP,autumn,46,23.0,102.8109,0.05140545
RP_0090,RP,autumn,47,23.5,93.02507,0.046512537
RP_0091,RP,summer,0,0.0,1133.7334,0.5668667
RP_0091,RP,summer,1,0.5,1041.6403,0.52082014
RP_0091,RP,summer,2,1.0,1144.2424,0.5721212
RP_0091,RP,summer,3,1.5,985.361,0.49268052
RP_0091,RP,summer,4,2.0,1083.7096,0.5418548
RP_0091,RP,summer,5,2.5,1011.24915,0.5056246
RP_0091,RP,summer,6,3.0,983.51483,0.49175742
RP_0091,RP,summer,7,3.5,942.7399,0.47136995
RP_0091,RP,summer,8,4.0,981.42566,0.49071282
RP_0091,RP,summer,9,4.5,996.6192,0.4983096
RP_0091,RP,summer,10,5.0,1069.6506,0.5348253
RP_0091,RP,summer,11,5.5,1090.6335,0.54531676
RP_0091,RP,summer,12,6.0,1149.1871,0.57459354
RP_0091,RP,summer,13,6.5,1189.8848,0.5949424
RP_0091,RP,summer,14,7.0,1193.7878,0.5968939
RP_0091,RP,summer,15,7.5,1133.4742,0.5667371
RP_0091,RP,summer,16,8.0,1108.8018,0.55440086
RP_0091,RP,summer,17,8.5,1159.0403,0.57952017
RP_0091,RP,summer,18,9.0,1128.734,0.564367
RP_0091,RP,summer,19,9.5,1220.2483,0.6101242
RP_0091,RP,summer,20,10.0,1246.6516,0.6233258
RP_0091,RP,summer,21,10.5,1335.0364,0.6675182
RP_0091,RP,summer,22,11.0,1276.82,0.63841
RP_0091,RP,summer,23,11.5,1247.1913,0.62359565
RP_0091,RP,summer,24,12.0,1172.9838,0.5864919
RP_0091,RP,summer,25,12.5,1156.5422,0.5782711
RP_0091,RP,summer,26,13.0,1147.3529,0.57367647
RP_0091,RP,summer,27,13.5,1218.4886,0.60924435
RP_0091,RP,summer,28,14.0,1295.724,0.647862
RP_0091,RP,summer,29,14.5,1320.9023,0.6604512
RP_0091,RP,summer,30,15.0,1259.2612,0.6296306
RP_0091,RP,summer,31,15.5,1253.7064,0.6268532
RP_0091,RP,summer,32,16.0,1180.5643,0.59028214
RP_0091,RP,summer,33,16.5,1177.3201,0.58866006
RP_0091,RP,summer,34,17.0,1310.4282,0.65521413
RP_0091,RP,summer,35,17.5,1199.9629,0.5999814
RP_0091,RP,summer,36,18.0,1304.0914,0.6520457
RP_0091,RP,summer,37,18.5,1267.9954,0.6339977
RP_0091,RP,summer,38,19.0,1238.9905,0.6194952
RP_0091,RP,summer,39,19.5,1210.9069,0.60545343
RP_0091,RP,summer,40,20.0,1181.4594,0.59072965
RP_0091,RP,summer,41,20.5,1137.5848,0.5687924
RP_0091,RP,summer,42,21.0,1058.6091,0.52930456
RP_0091,RP,summer,43,21.5,993.22754,0.49661377
RP_0091,RP,summer,44,22.0,1015.0661,0.5075331
RP_0091,RP,summer,45,22.5,1022.06586,0.51103294
RP_0091,RP,summer,46,23.0,962.7868,0.4813934
RP_0091,RP,summer,47,23.5,1084.0515,0.54202574
RP_0092,RP,spring,0,0.0,887.28174,0.44364086
RP_0092,RP,spring,1,0.5,834.7565,0.41737825
RP_0092,RP,spring,2,1.0,936.41296,0.4682065
RP_0092,RP,spring,3,1.5,992.3594,0.4961797
RP_0092,RP,spring,4,2.0,1118.8845,0.5594423
RP_0092,RP,spring,5,2.5,1017.9354,0.5089677
RP_0092,RP,spring,6,3.0,1044.7462,0.5223731
RP_0092,RP,spring,7,3.5,991.883,0.4959415
RP_0092,RP,spring,8,4.0,978.7091,0.48935455
RP_0092,RP,spring,9,4.5,1009.9718,0.5049859
RP_0092,RP,spring,10,5.0,1049.3619,0.524681
RP_0092,RP,spring,11,5.5,1183.766,0.591883
RP_0092,RP,spring,12,6.0,1419.5936,0.7097968
RP_0092,RP,spring,13,6.5,1573.5305,0.7867653
RP_0092,RP,spring,14,7.0,1799.4543,0.89972717
RP_0092,RP,spring,15,7.5,1691.9178,0.84595895
RP_0092,RP,spring,16,8.0,1507.3489,0.75367445
RP_0092,RP,spring,17,8.5,1375.5242,0.6877621
RP_0092,RP,spring,18,9.0,1125.7299,0.5628649
RP_0092,RP,spring,19,9.5,1006.49243,0.5032462
RP_0092,RP,spring,20,10.0,1058.5121,0.52925605
RP_0092,RP,spring,21,10.5,864.2373,0.43211865
RP_0092,RP,spring,22,11.0,834.1211,0.41706055
RP_0092,RP,spring,23,11.5,789.13666,0.39456832
RP_0092,RP,spring,24,12.0,808.84906,0.40442452
RP_0092,RP,spring,25,12.5,931.7402,0.46587008
RP_0092,RP,spring,26,13.0,824.6392,0.4123196
RP_0092,RP,spring,27,13.5,862.3473,0.43117365
RP_0092,RP,spring,28,14.0,887.4063,0.44370314
RP_0092,RP,spring,29,14.5,792.5273,0.39626363
RP_0092,RP,spring,30,15.0,755.89844,0.3779492
RP_0092,RP,spring,31,15.5,749.64984,0.3748249
RP_0092,RP,spring,32,16.0,829.21716,0.41460857
RP_0092,RP,spring,33,16.5,807.08777,0.4035439
RP_0092,RP,spring,34,17.0,902.1306,0.4510653
RP_0092,RP,spring,35,17.5,1028.2551,0.51412755
RP_0092,RP,spring,36,18.0,1206.2443,0.6031221
RP_0092,RP,spring,37,18.5,1319.6335,0.6598168
RP_0092,RP,spring,38,19.0,1573.8271,0.7869136
RP_0092,RP,spring,39,19.5,1615.6681,0.807834
RP_0092,RP,spring,40,20.0,1463.506,0.731753
RP_0092,RP,spring,41,20.5,1357.852,0.67892605
RP_0092,RP,spring,42,21.0,1370.1615,0.68508077
RP_0092,RP,spring,43,21.5,1262.8727,0.63143635
RP_0092,RP,spring,44,22.0,1125.6708,0.5628354
RP_0092,RP,spring,45,22.5,1119.9231,0.55996156
RP_0092,RP,spring,46,23.0,925.53815,0.46276906
RP_0092,RP,spring,47,23.5,835.8587,0.41792935
RP_0093,RP,spring,0,0.0,31.797455,0.015898727
RP_0093,RP,spring,1,0.5,31.304863,0.015652431
RP_0093,RP,spring,2,1.0,29.213749,0.014606874
RP_0093,RP,spring,3,1.5,27.327477,0.013663738
RP_0093,RP,spring,4,2.0,25.799578,0.012899789
RP_0093,RP,spring,5,2.5,24.285534,0.012142767
RP_0093,RP,spring,6,3.0,25.83816,0.0129190795
RP_0093,RP,spring,7,3.5,26.869171,0.013434585
RP_0093,RP,spring,8,4.0,26.867058,0.013433529
RP_0093,RP,spring,9,4.5,27.250292,0.013625146
RP_0093,RP,spring,10,5.0,30.680931,0.015340465
RP_0093,RP,spring,11,5.5,30.976274,0.0154881375
RP_0093,RP,spring,12,6.0,30.333487,0.015166744
RP_0093,RP,spring,13,6.5,28.21887,0.0141094355
RP_0093,RP,spring,14,7.0,25.605341,0.012802671
RP_0093,RP,spring,15,7.5,26.978888,0.013489444
RP_0093,RP,spring,16,8.0,32.09935,0.016049676
RP_0093,RP,spring,17,8.5,25.325783,0.012662891
RP_0093,RP,spring,18,9.0,25.099545,0.012549772
RP_0093,RP,spring,19,9.5,24.23816,0.01211908
RP_0093,RP,spring,20,10.0,27.46477,0.013732385
RP_0093,RP,spring,21,10.5,24.514492,0.012257246
RP_0093,RP,spring,22,11.0,26.891052,0.013445526
RP_0093,RP,spring,23,11.5,32.37869,0.016189344
RP_0093,RP,spring,24,12.0,30.242933,0.0151214665
RP_0093,RP,spring,25,12.5,24.367758,0.012183879
RP_0093,RP,spring,26,13.0,31.749126,0.015874563
RP_0093,RP,spring,27,13.5,26.165695,0.013082848
RP_0093,RP,spring,28,14.0,24.041634,0.012020817
RP_0093,RP,spring,29,14.5,26.61556,0.01330778
RP_0093,RP,spring,30,15.0,37.710663,0.018855331
RP_0093,RP,spring,31,15.5,43.779636,0.021889819
RP_0093,RP,spring,32,16.0,46.69746,0.02334873
RP_0093,RP,spring,33,16.5,47.32531,0.023662655
RP_0093,RP,spring,34,17.0,50.60516,0.02530258
RP_0093,RP,spring,35,17.5,39.81796,0.01990898
RP_0093,RP,spring,36,18.0,42.414085,0.021207042
RP_0093,RP,spring,37,18.5,39.179176,0.019589588
RP_0093,RP,spring,38,19.0,30.005772,0.015002886
RP_0093,RP,spring,39,19.5,34.559982,0.017279992
RP_0093,RP,spring,40,20.0,32.09681,0.016048405
RP_0093,RP,spring,41,20.5,31.00158,0.0155007895
RP_0093,RP,spring,42,21.0,29.226645,0.014613322
RP_0093,RP,spring,43,21.5,25.673407,0.012836703
RP_0093,RP,spring,44,22.0,26.722713,0.013361357
RP_0093,RP,spring,45,22.5,22.668533,0.0113342665
RP_0093,RP,spring,46,23.0,19.581848,0.009790924
RP_0093,RP,spring,47,23.5,23.215586,0.011607793
RP_0094,RP,autumn,0,0.0,79.090614,0.03954531
RP_0094,RP,autumn,1,0.5,89.86129,0.044930644
RP_0094,RP,autumn,2,1.0,148.01471,0.074007355
RP_0094,RP,autumn,3,1.5,306.94812,0.15347406
RP_0094,RP,autumn,4,2.0,163.16954,0.08158477
RP_0094,RP,autumn,5,2.5,77.88112,0.03894056
RP_0094,RP,autumn,6,3.0,95.8999,0.04794995
RP_0094,RP,autumn,7,3.5,115.777855,0.05788893
RP_0094,RP,autumn,8,4.0,108.27209,0.054136045
RP_0094,RP,autumn,9,4.5,93.20094,0.046600472
RP_0094,RP,autumn,10,5.0,107.434135,0.05371707
RP_0094,RP,autumn,11,5.5,87.79197,0.043895986
RP_0094,RP,autumn,12,6.0,76.04146,0.03802073
RP_0094,RP,autumn,13,6.5,79.21854,0.03960927
RP_0094,RP,autumn,14,7.0,70.53252,0.035266258
RP_0094,RP,autumn,15,7.5,71.557755,0.035778876
RP_0094,RP,autumn,16,8.0,60.92409,0.030462045
RP_0094,RP,autumn,17,8.5,47.253952,0.023626976
RP_0094,RP,autumn,18,9.0,57.123253,0.028561626
RP_0094,RP,autumn,19,9.5,65.90239,0.032951195
RP_0094,RP,autumn,20,10.0,70.79677,0.035398383
RP_0094,RP,autumn,21,10.5,56.90999,0.028454995
RP_0094,RP,autumn,22,11.0,59.120087,0.029560043
RP_0094,RP,autumn,23,11.5,84.68517,0.04234259
RP_0094,RP,autumn,24,12.0,92.7662,0.046383098
RP_0094,RP,autumn,25,12.5,185.44424,0.092722125
RP_0094,RP,autumn,26,13.0,99.58805,0.049794026
RP_0094,RP,autumn,27,13.5,66.21576,0.03310788
RP_0094,RP,autumn,28,14.0,58.436783,0.02921839
RP_0094,RP,autumn,29,14.5,60.974045,0.030487023
RP_0094,RP,autumn,30,15.0,63.559097,0.03177955
RP_0094,RP,autumn,31,15.5,54.828316,0.027414158
RP_0094,RP,autumn,32,16.0,60.341347,0.030170674
RP_0094,RP,autumn,33,16.5,53.11729,0.026558645
RP_0094,RP,autumn,34,17.0,62.146217,0.031073108
RP_0094,RP,autumn,35,17.5,66.00723,0.033003617
RP_0094,RP,autumn,36,18.0,86.56385,0.043281924
RP_0094,RP,autumn,37,18.5,73.55213,0.036776066
RP_0094,RP,autumn,38,19.0,93.295006,0.046647504
RP_0094,RP,autumn,39,19.5,96.65682,0.04832841
RP_0094,RP,autumn,40,20.0,81.28001,0.040640004
RP_0094,RP,autumn,41,20.5,79.62603,0.039813016
RP_0094,RP,autumn,42,21.0,88.70108,0.04435054
RP_0094,RP,autumn,43,21.5,72.95281,0.036476407
RP_0094,RP,autumn,44,22.0,84.48337,0.042241685
RP_0094,RP,autumn,45,22.5,92.929306,0.04646465
RP_0094,RP,autumn,46,23.0,74.25439,0.037127193
RP_0094,RP,autumn,47,23.5,83.51022,0.04175511
RP_0095,RP,summer,0,0.0,52.554295,0.026277147
RP_0095,RP,summer,1,0.5,43.845646,0.021922823
RP_0095,RP,summer,2,1.0,54.94613,0.027473064
RP_0095,RP,summer,3,1.5,53.469147,0.026734574
RP_0095,RP,summer,4,2.0,80.39854,0.04019927
RP_0095,RP,summer,5,2.5,48.28253,0.024141265
RP_0095,RP,summer,6,3.0,90.86687,0.045433432
RP_0095,RP,summer,7,3.5,62.741127,0.031370565
RP_0095,RP,summer,8,4.0,52.65009,0.026325045
RP_0095,RP,summer,9,4.5,50.085747,0.025042873
RP_0095,RP,summer,10,5.0,54.37846,0.02718923
RP_0095,RP,summer,11,5.5,67.14376,0.03357188
RP_0095,RP,summer,12,6.0,51.72509,0.025862545
RP_0095,RP,summer,13,6.5,63.85917,0.031929586
RP_0095,RP,summer,14,7.0,42.56736,0.02128368
RP_0095,RP,summer,15,7.5,60.855007,0.030427504
RP_0095,RP,summer,16,8.0,34.4888,0.0172444
RP_0095,RP,summer,17,8.5,36.259407,0.018129703
RP_0095,RP,summer,18,9.0,44.65291,0.022326455
RP_0095,RP,summer,19,9.5,52.08917,0.026044585
RP_0095,RP,summer,20,10.0,42.519936,0.021259967
RP_0095,RP,summer,21,10.5,33.12857,0.016564285
RP_0095,RP,summer,22,11.0,55.32105,0.027660524
RP_0095,RP,summer,23,11.5,65.81287,0.03290643
RP_0095,RP,summer,24,12.0,43.558174,0.021779086
RP_0095,RP,summer,25,12.5,46.367435,0.023183718
RP_0095,RP,summer,26,13.0,33.585644,0.016792823
RP_0095,RP,summer,27,13.5,86.845345,0.043422673
RP_0095,RP,summer,28,14.0,86.67122,0.04333561
RP_0095,RP,summer,29,14.5,155.06781,0.07753391
RP_0095,RP,summer,30,15.0,76.24274,0.03812137
RP_0095,RP,summer,31,15.5,64.11755,0.032058775
RP_0095,RP,summer,32,16.0,52.27094,0.026135469
RP_0095,RP,summer,33,16.5,60.255062,0.03012753
RP_0095,RP,summer,34,17.0,54.378853,0.027189426
RP_0095,RP,summer,35,17.5,88.2754,0.044137698
RP_0095,RP,summer,36,18.0,84.37973,0.042189866
RP_0095,RP,summer,37,18.5,73.213905,0.036606953
RP_0095,RP,summer,38,19.0,110.38128,0.055190638
RP_0095,RP,summer,39,19.5,122.77746,0.061388727
RP_0095,RP,summer,40,20.0,101.99425,0.050997123
RP_0095,RP,summer,41,20.5,98.79047,0.049395233
RP_0095,RP,summer,42,21.0,78.91155,0.039455775
RP_0095,RP,summer,43,21.5,80.59498,0.04029749
RP_0095,RP,summer,44,22.0,74.402664,0.037201334
RP_0095,RP,summer,45,22.5,65.64506,0.032822527
RP_0095,RP,summer,46,23.0,60.466194,0.030233096
RP_0095,RP,summer,47,23.5,59.664,0.029832
RP_0096,RP,winter,0,0.0,935.4868,0.4677434
RP_0096,RP,winter,1,0.5,841.3917,0.42069587
RP_0096,RP,winter,2,1.0,907.58954,0.45379478
RP_0096,RP,winter,3,1.5,926.45404,0.46322703
RP_0096,RP,winter,4,2.0,1043.2992,0.5216496
RP_0096,RP,winter,5,2.5,1036.0923,0.51804614
RP_0096,RP,winter,6,3.0,1104.494,0.552247
RP_0096,RP,winter,7,3.5,1175.1881,0.58759403
RP_0096,RP,winter,8,4.0,1297.8236,0.64891183
RP_0096,RP,winter,9,4.5,1316.6136,0.65830684
RP_0096,RP,winter,10,5.0,1374.9847,0.6874924
RP_0096,RP,winter,11,5.5,1393.3955,0.6966978
RP_0096,RP,winter,12,6.0,1451.613,0.72580653
RP_0096,RP,winter,13,6.5,1558.1488,0.77907443
RP_0096,RP,winter,14,7.0,1548.6719,0.7743359
RP_0096,RP,winter,15,7.5,1449.2891,0.72464454
RP_0096,RP,winter,16,8.0,1406.941,0.7034705
RP_0096,RP,winter,17,8.5,1233.9054,0.6169527
RP_0096,RP,winter,18,9.0,957.0031,0.47850156
RP_0096,RP,winter,19,9.5,773.762,0.38688102
RP_0096,RP,winter,20,10.0,825.28827,0.41264415
RP_0096,RP,winter,21,10.5,613.6259,0.30681297
RP_0096,RP,winter,22,11.0,551.04346,0.27552173
RP_0096,RP,winter,23,11.5,526.00275,0.26300138
RP_0096,RP,winter,24,12.0,535.063,0.26753148
RP_0096,RP,winter,25,12.5,551.4777,0.27573887
RP_0096,RP,winter,26,13.0,519.17694,0.25958848
RP_0096,RP,winter,27,13.5,549.8279,0.27491394
RP_0096,RP,winter,28,14.0,641.40717,0.3207036
RP_0096,RP,winter,29,14.5,656.0988,0.32804942
RP_0096,RP,winter,30,15.0,646.07684,0.32303843
RP_0096,RP,winter,31,15.5,630.1389,0.31506947
RP_0096,RP,winter,32,16.0,747.5813,0.37379065
RP_0096,RP,winter,33,16.5,824.90857,0.41245428
RP_0096,RP,winter,34,17.0,922.2067,0.46110335
RP_0096,RP,winter,35,17.5,1085.3256,0.5426628
RP_0096,RP,winter,36,18.0,1369.317,0.6846585
RP_0096,RP,winter,37,18.5,1480.3756,0.7401878
RP_0096,RP,winter,38,19.0,1608.1901,0.80409503
RP_0096,RP,winter,39,19.5,1640.2485,0.82012427
RP_0096,RP,winter,40,20.0,1594.6869,0.79734343
RP_0096,RP,winter,41,20.5,1611.7614,0.80588067
RP_0096,RP,winter,42,21.0,1660.6304,0.8303152
RP_0096,RP,winter,43,21.5,1456.1202,0.7280601
RP_0096,RP,winter,44,22.0,1490.5277,0.7452639
RP_0096,RP,winter,45,22.5,1528.3677,0.7641838
RP_0096,RP,winter,46,23.0,1414.8894,0.7074447
RP_0096,RP,winter,47,23.5,1295.4452,0.6477226
RP_0097,RP,spring,0,0.0,528.4515,0.26422575
RP_0097,RP,spring,1,0.5,480.98877,0.24049439
RP_0097,RP,spring,2,1.0,516.8592,0.2584296
RP_0097,RP,spring,3,1.5,513.39056,0.25669527
RP_0097,RP,spring,4,2.0,580.6226,0.2903113
RP_0097,RP,spring,5,2.5,544.3222,0.2721611
RP_0097,RP,spring,6,3.0,544.1693,0.27208465
RP_0097,RP,spring,7,3.5,512.3007,0.25615036
RP_0097,RP,spring,8,4.0,598.0304,0.2990152
RP_0097,RP,spring,9,4.5,577.9842,0.2889921
RP_0097,RP,spring,10,5.0,648.479,0.3242395
RP_0097,RP,spring,11,5.5,636.6238,0.3183119
RP_0097,RP,spring,12,6.0,724.5627,0.36228135
RP_0097,RP,spring,13,6.5,724.36615,0.36218306
RP_0097,RP,spring,14,7.0,742.7453,0.37137264
RP_0097,RP,spring,15,7.5,693.31836,0.34665918
RP_0097,RP,spring,16,8.0,809.00586,0.40450293
RP_0097,RP,spring,17,8.5,820.5577,0.41027883
RP_0097,RP,spring,18,9.0,935.94684,0.4679734
RP_0097,RP,spring,19,9.5,986.5616,0.4932808
RP_0097,RP,spring,20,10.0,1103.4349,0.55171746
RP_0097,RP,spring,21,10.5,1165.1454,0.5825727
RP_0097,RP,spring,22,11.0,1186.9803,0.5934902
RP_0097,RP,spring,23,11.5,1095.904,0.54795206
RP_0097,RP,spring,24,12.0,1039.3741,0.51968706
RP_0097,RP,spring,25,12.5,880.5234,0.4402617
RP_0097,RP,spring,26,13.0,850.8543,0.42542717
RP_0097,RP,spring,27,13.5,838.57544,0.4192877
RP_0097,RP,spring,28,14.0,798.0931,0.39904654
RP_0097,RP,spring,29,14.5,786.1294,0.3930647
RP_0097,RP,spring,30,15.0,761.8123,0.38090616
RP_0097,RP,spring,31,15.5,736.88214,0.36844108
RP_0097,RP,spring,32,16.0,709.6525,0.35482627
RP_0097,RP,spring,33,16.5,643.58026,0.32179013
RP_0097,RP,spring,34,17.0,651.8215,0.32591075
RP_0097,RP,spring,35,17.5,653.89636,0.3269482
RP_0097,RP,spring,36,18.0,686.2569,0.34312844
RP_0097,RP,spring,37,18.5,768.4688,0.3842344
RP_0097,RP,spring,38,19.0,789.0568,0.39452842
RP_0097,RP,spring,39,19.5,784.8026,0.3924013
RP_0097,RP,spring,40,20.0,804.72534,0.40236267
RP_0097,RP,spring,41,20.5,742.7921,0.37139606
RP_0097,RP,spring,42,21.0,752.02094,0.37601048
RP_0097,RP,spring,43,21.5,684.8328,0.3424164
RP_0097,RP,spring,44,22.0,640.1996,0.3200998
RP_0097,RP,spring,45,22.5,599.1674,0.2995837
RP_0097,RP,spring,46,23.0,580.5971,0.29029855
RP_0097,RP,spring,47,23.5,528.62695,0.2643135
RP_0098,RP,autumn,0,0.0,143.63124,0.07181562
RP_0098,RP,autumn,1,0.5,119.345024,0.059672512
RP_0098,RP,autumn,2,1.0,98.48336,0.04924168
RP_0098,RP,autumn,3,1.5,74.972824,0.03748641
RP_0098,RP,autumn,4,2.0,93.54222,0.04677111
RP_0098,RP,autumn,5,2.5,71.53063,0.035765316
RP_0098,RP,autumn,6,3.0,58.36651,0.029183254
RP_0098,RP,autumn,7,3.5,72.84006,0.03642003
RP_0098,RP,autumn,8,4.0,72.87904,0.036439523
RP_0098,RP,autumn,9,4.5,69.63989,0.034819946
RP_0098,RP,autumn,10,5.0,66.97468,0.03348734
RP_0098,RP,autumn,11,5.5,61.565903,0.030782951
RP_0098,RP,autumn,12,6.0,51.371452,0.025685726
RP_0098,RP,autumn,13,6.5,54.434944,0.027217472
RP_0098,RP,autumn,14,7.0,30.18151,0.015090755
RP_0098,RP,autumn,15,7.5,23.290983,0.011645491
RP_0098,RP,autumn,16,8.0,17.407051,0.008703525
RP_0098,RP,autumn,17,8.5,23.466846,0.011733423
RP_0098,RP,autumn,18,9.0,18.517906,0.009258953
RP_0098,RP,autumn,19,9.5,21.92057,0.010960286
RP_0098,RP,autumn,20,10.0,16.857008,0.008428504
RP_0098,RP,autumn,21,10.5,14.537424,0.007268712
RP_0098,RP,autumn,22,11.0,13.509564,0.006754782
RP_0098,RP,autumn,23,11.5,14.630669,0.0073153344
RP_0098,RP,autumn,24,12.0,12.879114,0.0064395573
RP_0098,RP,autumn,25,12.5,9.936813,0.0049684066
RP_0098,RP,autumn,26,13.0,15.887373,0.007943686
RP_0098,RP,autumn,27,13.5,9.163216,0.004581608
RP_0098,RP,autumn,28,14.0,14.546777,0.0072733886
RP_0098,RP,autumn,29,14.5,11.04984,0.00552492
RP_0098,RP,autumn,30,15.0,18.893583,0.009446791
RP_0098,RP,autumn,31,15.5,17.117132,0.008558566
RP_0098,RP,autumn,32,16.0,20.181057,0.010090528
RP_0098,RP,autumn,33,16.5,23.635315,0.011817657
RP_0098,RP,autumn,34,17.0,24.700214,0.012350108
RP_0098,RP,autumn,35,17.5,24.08845,0.012044225
RP_0098,RP,autumn,36,18.0,39.120174,0.019560087
RP_0098,RP,autumn,37,18.5,36.65039,0.018325195
RP_0098,RP,autumn,38,19.0,22.869488,0.011434744
RP_0098,RP,autumn,39,19.5,32.11419,0.016057095
RP_0098,RP,autumn,40,20.0,32.438374,0.016219188
RP_0098,RP,autumn,41,20.5,35.20524,0.017602619
RP_0098,RP,autumn,42,21.0,39.28473,0.019642364
RP_0098,RP,autumn,43,21.5,35.808388,0.017904194
RP_0098,RP,autumn,44,22.0,39.757862,0.019878931
RP_0098,RP,autumn,45,22.5,39.073063,0.01953653
RP_0098,RP,autumn,46,23.0,51.587685,0.025793843
RP_0098,RP,autumn,47,23.5,96.321236,0.048160616
RP_0099,RP,winter,0,0.0,2915.0002,1.4575001
RP_0099,RP,winter,1,0.5,2596.0442,1.2980222
RP_0099,RP,winter,2,1.0,2112.6313,1.0563157
RP_0099,RP,winter,3,1.5,1465.4186,0.7327093
RP_0099,RP,winter,4,2.0,1105.5356,0.5527678
RP_0099,RP,winter,5,2.5,706.3289,0.35316446
RP_0099,RP,winter,6,3.0,406.4865,0.20324326
RP_0099,RP,winter,7,3.5,289.61032,0.14480516
RP_0099,RP,winter,8,4.0,328.04376,0.16402188
RP_0099,RP,winter,9,4.5,296.56067,0.14828034
RP_0099,RP,winter,10,5.0,318.3939,0.15919694
RP_0099,RP,winter,11,5.5,280.124,0.14006199
RP_0099,RP,winter,12,6.0,238.54977,0.119274884
RP_0099,RP,winter,13,6.5,208.43297,0.104216486
RP_0099,RP,winter,14,7.0,198.7987,0.09939935
RP_0099,RP,winter,15,7.5,238.64334,0.119321674
RP_0099,RP,winter,16,8.0,331.3525,0.16567625
RP_0099,RP,winter,17,8.5,522.4434,0.2612217
RP_0099,RP,winter,18,9.0,564.3709,0.28218547
RP_0099,RP,winter,19,9.5,587.8317,0.29391587
RP_0099,RP,winter,20,10.0,853.16833,0.42658415
RP_0099,RP,winter,21,10.5,989.5682,0.4947841
RP_0099,RP,winter,22,11.0,996.5517,0.49827585
RP_0099,RP,winter,23,11.5,1239.5701,0.619785
RP_0099,RP,winter,24,12.0,1221.8986,0.6109493
RP_0099,RP,winter,25,12.5,1803.8656,0.9019328
RP_0099,RP,winter,26,13.0,1363.6532,0.6818266
RP_0099,RP,winter,27,13.5,1363.713,0.6818565
RP_0099,RP,winter,28,14.0,1407.7604,0.7038802
RP_0099,RP,winter,29,14.5,1175.7081,0.5878541
RP_0099,RP,winter,30,15.0,632.4454,0.3162227
RP_0099,RP,winter,31,15.5,467.51343,0.23375672
RP_0099,RP,winter,32,16.0,521.3112,0.2606556
RP_0099,RP,winter,33,16.5,385.83832,0.19291916
RP_0099,RP,winter,34,17.0,426.84872,0.21342435
RP_0099,RP,winter,35,17.5,338.8995,0.16944975
RP_0099,RP,winter,36,18.0,359.7754,0.1798877
RP_0099,RP,winter,37,18.5,420.49866,0.21024933
RP_0099,RP,winter,38,19.0,307.79083,0.15389542
RP_0099,RP,winter,39,19.5,326.25153,0.16312577
RP_0099,RP,winter,40,20.0,450.85825,0.22542912
RP_0099,RP,winter,41,20.5,508.02722,0.2540136
RP_0099,RP,winter,42,21.0,531.60016,0.2658001
RP_0099,RP,winter,43,21.5,534.08154,0.26704076
RP_0099,RP,winter,44,22.0,755.2631,0.37763157
RP_0099,RP,winter,45,22.5,1368.4338,0.6842169
RP_0099,RP,winter,46,23.0,1662.71,0.831355
RP_0099,RP,winter,47,23.5,2357.0542,1.1785271
RP_0100,RP,autumn,0,0.0,1216.2867,0.6081434
RP_0100,RP,autumn,1,0.5,1185.5005,0.59275025
RP_0100,RP,autumn,2,1.0,1890.9746,0.9454873
RP_0100,RP,autumn,3,1.5,919.7448,0.4598724
RP_0100,RP,autumn,4,2.0,213.88354,0.106941774
RP_0100,RP,autumn,5,2.5,114.94419,0.057472095
RP_0100,RP,autumn,6,3.0,63.014618,0.03150731
RP_0100,RP,autumn,7,3.5,60.167877,0.03008394
RP_0100,RP,autumn,8,4.0,64.06082,0.03203041
RP_0100,RP,autumn,9,4.5,57.049603,0.028524801
RP_0100,RP,autumn,10,5.0,61.10249,0.030551245
RP_0100,RP,autumn,11,5.5,67.63121,0.033815604
RP_0100,RP,autumn,12,6.0,101.225296,0.050612647
RP_0100,RP,autumn,13,6.5,130.03331,0.06501666
RP_0100,RP,autumn,14,7.0,125.95503,0.062977515
RP_0100,RP,autumn,15,7.5,84.27114,0.04213557
RP_0100,RP,autumn,16,8.0,69.950264,0.034975134
RP_0100,RP,autumn,17,8.5,60.076042,0.030038022
RP_0100,RP,autumn,18,9.0,52.19504,0.026097521
RP_0100,RP,autumn,19,9.5,51.675938,0.025837969
RP_0100,RP,autumn,20,10.0,52.511063,0.026255531
RP_0100,RP,autumn,21,10.5,66.590965,0.033295482
RP_0100,RP,autumn,22,11.0,50.516846,0.025258424
RP_0100,RP,autumn,23,11.5,64.325676,0.032162838
RP_0100,RP,autumn,24,12.0,108.26286,0.054131433
RP_0100,RP,autumn,25,12.5,124.51055,0.062255275
RP_0100,RP,autumn,26,13.0,128.14578,0.06407289
RP_0100,RP,autumn,27,13.5,99.195175,0.049597587
RP_0100,RP,autumn,28,14.0,99.82128,0.049910642
RP_0100,RP,autumn,29,14.5,102.978745,0.05148937
RP_0100,RP,autumn,30,15.0,75.393265,0.037696633
RP_0100,RP,autumn,31,15.5,63.59516,0.03179758
RP_0100,RP,autumn,32,16.0,78.11776,0.03905888
RP_0100,RP,autumn,33,16.5,97.70503,0.048852514
RP_0100,RP,autumn,34,17.0,112.32096,0.05616048
RP_0100,RP,autumn,35,17.5,206.30702,0.10315351
RP_0100,RP,autumn,36,18.0,309.8314,0.15491569
RP_0100,RP,autumn,37,18.5,412.27496,0.20613748
RP_0100,RP,autumn,38,19.0,400.8075,0.20040375
RP_0100,RP,autumn,39,19.5,328.81458,0.16440728
RP_0100,RP,autumn,40,20.0,265.98526,0.13299263
RP_0100,RP,autumn,41,20.5,193.01302,0.096506506
RP_0100,RP,autumn,42,21.0,138.4093,0.06920465
RP_0100,RP,autumn,43,21.5,91.82225,0.045911126
RP_0100,RP,autumn,44,22.0,85.81136,0.04290568
RP_0100,RP,autumn,45,22.5,60.441113,0.030220557
RP_0100,RP,autumn,46,23.0,64.68429,0.032342143
RP_0100,RP,autumn,47,23.5,331.56226,0.16578113
RP_0101,RP,winter,0,0.0,2357.7998,1.1788999
RP_0101,RP,winter,1,0.5,2582.0144,1.2910072
RP_0101,RP,winter,2,1.0,2614.539,1.3072696
RP_0101,RP,winter,3,1.5,2533.7651,1.2668825
RP_0101,RP,winter,4,2.0,2398.904,1.199452
RP_0101,RP,winter,5,2.5,2353.395,1.1766975
RP_0101,RP,winter,6,3.0,2498.62,1.24931
RP_0101,RP,winter,7,3.5,2734.5251,1.3672626
RP_0101,RP,winter,8,4.0,2666.4133,1.3332067
RP_0101,RP,winter,9,4.5,2850.842,1.425421
RP_0101,RP,winter,10,5.0,2863.8394,1.4319197
RP_0101,RP,winter,11,5.5,3110.808,1.5554041
RP_0101,RP,winter,12,6.0,2691.9478,1.3459738
RP_0101,RP,winter,13,6.5,2798.7314,1.3993657
RP_0101,RP,winter,14,7.0,2901.7573,1.4508786
RP_0101,RP,winter,15,7.5,3112.9485,1.5564742
RP_0101,RP,winter,16,8.0,2817.3523,1.4086761
RP_0101,RP,winter,17,8.5,3331.2673,1.6656337
RP_0101,RP,winter,18,9.0,3172.398,1.5861989
RP_0101,RP,winter,19,9.5,3036.8105,1.5184053
RP_0101,RP,winter,20,10.0,2535.1265,1.2675632
RP_0101,RP,winter,21,10.5,2833.2983,1.4166492
RP_0101,RP,winter,22,11.0,3044.236,1.5221181
RP_0101,RP,winter,23,11.5,3258.2004,1.6291002
RP_0101,RP,winter,24,12.0,2865.2097,1.4326049
RP_0101,RP,winter,25,12.5,3055.1753,1.5275877
RP_0101,RP,winter,26,13.0,2785.9604,1.3929802
RP_0101,RP,winter,27,13.5,2914.8293,1.4574146
RP_0101,RP,winter,28,14.0,2516.9841,1.2584921
RP_0101,RP,winter,29,14.5,2529.5747,1.2647873
RP_0101,RP,winter,30,15.0,2835.7537,1.4178768
RP_0101,RP,winter,31,15.5,2758.337,1.3791685
RP_0101,RP,winter,32,16.0,2388.1074,1.1940538
RP_0101,RP,winter,33,16.5,2617.634,1.308817
RP_0101,RP,winter,34,17.0,2533.8462,1.2669231
RP_0101,RP,winter,35,17.5,2486.9392,1.2434696
RP_0101,RP,winter,36,18.0,2363.11,1.181555
RP_0101,RP,winter,37,18.5,2573.0461,1.2865231
RP_0101,RP,winter,38,19.0,2906.8706,1.4534353
RP_0101,RP,winter,39,19.5,2907.9482,1.4539741
RP_0101,RP,winter,40,20.0,2621.1313,1.3105657
RP_0101,RP,winter,41,20.5,2557.9907,1.2789954
RP_0101,RP,winter,42,21.0,2650.1155,1.3250577
RP_0101,RP,winter,43,21.5,2687.1624,1.3435812
RP_0101,RP,winter,44,22.0,2398.2417,1.1991209
RP_0101,RP,winter,45,22.5,2354.5999,1.1773
RP_0101,RP,winter,46,23.0,2317.0105,1.1585052
RP_0101,RP,winter,47,23.5,2204.3232,1.1021616
RP_0102,RP,autumn,0,0.0,713.0993,0.35654965
RP_0102,RP,autumn,1,0.5,569.55743,0.2847787
RP_0102,RP,autumn,2,1.0,540.58856,0.27029428
RP_0102,RP,autumn,3,1.5,539.72,0.26986
RP_0102,RP,autumn,4,2.0,537.68585,0.26884294
RP_0102,RP,autumn,5,2.5,538.0831,0.26904157
RP_0102,RP,autumn,6,3.0,552.72253,0.27636126
RP_0102,RP,autumn,7,3.5,568.3937,0.28419682
RP_0102,RP,autumn,8,4.0,617.80676,0.3089034
RP_0102,RP,autumn,9,4.5,585.4354,0.29271773
RP_0102,RP,autumn,10,5.0,586.7985,0.29339927
RP_0102,RP,autumn,11,5.5,588.461,0.2942305
RP_0102,RP,autumn,12,6.0,583.74634,0.29187316
RP_0102,RP,autumn,13,6.5,536.44434,0.26822215
RP_0102,RP,autumn,14,7.0,533.26215,0.26663107
RP_0102,RP,autumn,15,7.5,529.53033,0.26476517
RP_0102,RP,autumn,16,8.0,555.4767,0.27773833
RP_0102,RP,autumn,17,8.5,527.4887,0.26374435
RP_0102,RP,autumn,18,9.0,522.9861,0.26149303
RP_0102,RP,autumn,19,9.5,556.3937,0.27819684
RP_0102,RP,autumn,20,10.0,672.7251,0.33636254
RP_0102,RP,autumn,21,10.5,681.45905,0.34072953
RP_0102,RP,autumn,22,11.0,708.07007,0.35403502
RP_0102,RP,autumn,23,11.5,746.4952,0.3732476
RP_0102,RP,autumn,24,12.0,751.3893,0.37569463
RP_0102,RP,autumn,25,12.5,732.5565,0.36627826
RP_0102,RP,autumn,26,13.0,726.6696,0.3633348
RP_0102,RP,autumn,27,13.5,686.8605,0.34343025
RP_0102,RP,autumn,28,14.0,634.3336,0.3171668
RP_0102,RP,autumn,29,14.5,663.2421,0.33162105
RP_0102,RP,autumn,30,15.0,688.8152,0.3444076
RP_0102,RP,autumn,31,15.5,670.13434,0.33506718
RP_0102,RP,autumn,32,16.0,783.73694,0.39186847
RP_0102,RP,autumn,33,16.5,848.6252,0.4243126
RP_0102,RP,autumn,34,17.0,975.7154,0.4878577
RP_0102,RP,autumn,35,17.5,1083.8151,0.54190755
RP_0102,RP,autumn,36,18.0,1227.141,0.6135705
RP_0102,RP,autumn,37,18.5,1260.3921,0.63019603
RP_0102,RP,autumn,38,19.0,1337.0095,0.6685048
RP_0102,RP,autumn,39,19.5,1355.1152,0.6775576
RP_0102,RP,autumn,40,20.0,1329.7737,0.66488683
RP_0102,RP,autumn,41,20.5,1357.909,0.67895454
RP_0102,RP,autumn,42,21.0,1531.5258,0.76576287
RP_0102,RP,autumn,43,21.5,1760.3981,0.880199
RP_0102,RP,autumn,44,22.0,1950.2255,0.97511274
RP_0102,RP,autumn,45,22.5,1847.9941,0.92399704
RP_0102,RP,autumn,46,23.0,1647.293,0.8236465
RP_0102,RP,autumn,47,23.5,1466.4006,0.7332003
RP_0103,RP,spring,0,0.0,199.47484,0.09973742
RP_0103,RP,spring,1,0.5,174.4608,0.0872304
RP_0103,RP,spring,2,1.0,171.19955,0.08559978
RP_0103,RP,spring,3,1.5,184.02676,0.09201338
RP_0103,RP,spring,4,2.0,180.7231,0.09036155
RP_0103,RP,spring,5,2.5,186.73299,0.093366496
RP_0103,RP,spring,6,3.0,190.00157,0.09500079
RP_0103,RP,spring,7,3.5,202.60632,0.10130316
RP_0103,RP,spring,8,4.0,203.76582,0.10188291
RP_0103,RP,spring,9,4.5,212.99098,0.10649549
RP_0103,RP,spring,10,5.0,212.31248,0.106156245
RP_0103,RP,spring,11,5.5,183.20815,0.09160407
RP_0103,RP,spring,12,6.0,170.69965,0.08534982
RP_0103,RP,spring,13,6.5,157.78107,0.07889053
RP_0103,RP,spring,14,7.0,137.49898,0.06874949
RP_0103,RP,spring,15,7.5,183.80112,0.09190056
RP_0103,RP,spring,16,8.0,220.72498,0.110362485
RP_0103,RP,spring,17,8.5,283.2324,0.1416162
RP_0103,RP,spring,18,9.0,277.59186,0.13879593
RP_0103,RP,spring,19,9.5,279.3913,0.13969564
RP_0103,RP,spring,20,10.0,254.17552,0.12708776
RP_0103,RP,spring,21,10.5,221.78827,0.110894136
RP_0103,RP,spring,22,11.0,198.28157,0.099140786
RP_0103,RP,spring,23,11.5,194.43307,0.09721654
RP_0103,RP,spring,24,12.0,194.79836,0.097399175
RP_0103,RP,spring,25,12.5,166.398,0.083198994
RP_0103,RP,spring,26,13.0,165.69577,0.082847886
RP_0103,RP,spring,27,13.5,155.41505,0.07770753
RP_0103,RP,spring,28,14.0,198.5795,0.09928975
RP_0103,RP,spring,29,14.5,773.24243,0.3866212
RP_0103,RP,spring,30,15.0,1530.7776,0.7653888
RP_0103,RP,spring,31,15.5,1490.1835,0.74509174
RP_0103,RP,spring,32,16.0,796.7799,0.39838997
RP_0103,RP,spring,33,16.5,495.98532,0.24799266
RP_0103,RP,spring,34,17.0,334.6059,0.16730295
RP_0103,RP,spring,35,17.5,211.59741,0.10579871
RP_0103,RP,spring,36,18.0,194.65947,0.097329736
RP_0103,RP,spring,37,18.5,209.1344,0.1045672
RP_0103,RP,spring,38,19.0,231.95132,0.11597566
RP_0103,RP,spring,39,19.5,244.0823,0.12204115
RP_0103,RP,spring,40,20.0,278.2835,0.13914175
RP_0103,RP,spring,41,20.5,301.86707,0.15093353
RP_0103,RP,spring,42,21.0,321.9062,0.16095309
RP_0103,RP,spring,43,21.5,260.86038,0.13043019
RP_0103,RP,spring,44,22.0,258.32462,0.12916231
RP_0103,RP,spring,45,22.5,215.02814,0.10751407
RP_0103,RP,spring,46,23.0,200.97379,0.10048689
RP_0103,RP,spring,47,23.5,197.58919,0.098794594
RP_0104,RP,spring,0,0.0,147.7968,0.0738984
RP_0104,RP,spring,1,0.5,223.94337,0.111971684
RP_0104,RP,spring,2,1.0,542.7964,0.2713982
RP_0104,RP,spring,3,1.5,594.86273,0.29743138
RP_0104,RP,spring,4,2.0,389.34836,0.19467418
RP_0104,RP,spring,5,2.5,168.99084,0.084495425
RP_0104,RP,spring,6,3.0,189.47615,0.09473807
RP_0104,RP,spring,7,3.5,191.71066,0.09585533
RP_0104,RP,spring,8,4.0,169.1025,0.084551245
RP_0104,RP,spring,9,4.5,138.43616,0.06921808
RP_0104,RP,spring,10,5.0,140.98167,0.07049084
RP_0104,RP,spring,11,5.5,139.51128,0.069755636
RP_0104,RP,spring,12,6.0,149.88466,0.07494233
RP_0104,RP,spring,13,6.5,118.979355,0.05948968
RP_0104,RP,spring,14,7.0,102.87691,0.051438455
RP_0104,RP,spring,15,7.5,130.5619,0.06528095
RP_0104,RP,spring,16,8.0,208.22784,0.10411392
RP_0104,RP,spring,17,8.5,213.484,0.106741995
RP_0104,RP,spring,18,9.0,222.14699,0.111073494
RP_0104,RP,spring,19,9.5,196.02065,0.098010324
RP_0104,RP,spring,20,10.0,131.14171,0.06557085
RP_0104,RP,spring,21,10.5,72.62408,0.03631204
RP_0104,RP,spring,22,11.0,63.44143,0.031720713
RP_0104,RP,spring,23,11.5,85.83798,0.04291899
RP_0104,RP,spring,24,12.0,67.27246,0.03363623
RP_0104,RP,spring,25,12.5,94.132095,0.047066048
RP_0104,RP,spring,26,13.0,91.14418,0.04557209
RP_0104,RP,spring,27,13.5,65.0896,0.0325448
RP_0104,RP,spring,28,14.0,40.04728,0.02002364
RP_0104,RP,spring,29,14.5,32.816597,0.016408298
RP_0104,RP,spring,30,15.0,36.092243,0.018046122
RP_0104,RP,spring,31,15.5,34.19684,0.01709842
RP_0104,RP,spring,32,16.0,45.524216,0.022762109
RP_0104,RP,spring,33,16.5,45.09125,0.022545626
RP_0104,RP,spring,34,17.0,50.989395,0.025494698
RP_0104,RP,spring,35,17.5,56.92617,0.028463084
RP_0104,RP,spring,36,18.0,72.21458,0.036107287
RP_0104,RP,spring,37,18.5,73.60967,0.036804836
RP_0104,RP,spring,38,19.0,80.00398,0.040001992
RP_0104,RP,spring,39,19.5,111.46274,0.055731367
RP_0104,RP,spring,40,20.0,114.57348,0.05728674
RP_0104,RP,spring,41,20.5,133.24907,0.06662454
RP_0104,RP,spring,42,21.0,228.74527,0.11437263
RP_0104,RP,spring,43,21.5,190.81287,0.095406435
RP_0104,RP,spring,44,22.0,206.45485,0.10322742
RP_0104,RP,spring,45,22.5,163.66275,0.08183137
RP_0104,RP,spring,46,23.0,113.36185,0.056680925
RP_0104,RP,spring,47,23.5,111.58851,0.055794254
RP_0105,RP,autumn,0,0.0,126.60651,0.063303255
RP_0105,RP,autumn,1,0.5,93.164474,0.046582237
RP_0105,RP,autumn,2,1.0,87.26577,0.043632884
RP_0105,RP,autumn,3,1.5,67.24707,0.033623535
RP_0105,RP,autumn,4,2.0,95.673065,0.04783653
RP_0105,RP,autumn,5,2.5,71.952866,0.035976432
RP_0105,RP,autumn,6,3.0,61.676266,0.030838134
RP_0105,RP,autumn,7,3.5,94.71004,0.04735502
RP_0105,RP,autumn,8,4.0,57.07801,0.028539006
RP_0105,RP,autumn,9,4.5,85.72257,0.042861287
RP_0105,RP,autumn,10,5.0,73.06468,0.036532342
RP_0105,RP,autumn,11,5.5,75.26268,0.03763134
RP_0105,RP,autumn,12,6.0,67.05193,0.033525966
RP_0105,RP,autumn,13,6.5,80.432,0.040216
RP_0105,RP,autumn,14,7.0,61.256104,0.030628052
RP_0105,RP,autumn,15,7.5,74.04769,0.037023846
RP_0105,RP,autumn,16,8.0,59.199978,0.029599989
RP_0105,RP,autumn,17,8.5,58.16761,0.029083805
RP_0105,RP,autumn,18,9.0,70.36564,0.03518282
RP_0105,RP,autumn,19,9.5,55.632713,0.027816357
RP_0105,RP,autumn,20,10.0,58.49165,0.029245825
RP_0105,RP,autumn,21,10.5,40.612057,0.020306028
RP_0105,RP,autumn,22,11.0,35.37353,0.017686766
RP_0105,RP,autumn,23,11.5,75.03672,0.03751836
RP_0105,RP,autumn,24,12.0,55.799305,0.027899653
RP_0105,RP,autumn,25,12.5,400.57056,0.20028529
RP_0105,RP,autumn,26,13.0,270.43704,0.13521852
RP_0105,RP,autumn,27,13.5,214.55336,0.10727668
RP_0105,RP,autumn,28,14.0,99.40499,0.049702495
RP_0105,RP,autumn,29,14.5,102.46912,0.05123456
RP_0105,RP,autumn,30,15.0,75.81677,0.037908386
RP_0105,RP,autumn,31,15.5,79.79363,0.039896816
RP_0105,RP,autumn,32,16.0,82.69692,0.04134846
RP_0105,RP,autumn,33,16.5,91.54232,0.04577116
RP_0105,RP,autumn,34,17.0,122.13632,0.061068162
RP_0105,RP,autumn,35,17.5,111.21434,0.05560717
RP_0105,RP,autumn,36,18.0,150.72678,0.07536339
RP_0105,RP,autumn,37,18.5,129.9919,0.06499595
RP_0105,RP,autumn,38,19.0,198.16216,0.09908108
RP_0105,RP,autumn,39,19.5,199.73474,0.09986737
RP_0105,RP,autumn,40,20.0,144.00601,0.07200301
RP_0105,RP,autumn,41,20.5,195.9114,0.097955704
RP_0105,RP,autumn,42,21.0,156.87646,0.07843823
RP_0105,RP,autumn,43,21.5,144.75705,0.07237852
RP_0105,RP,autumn,44,22.0,282.3028,0.1411514
RP_0105,RP,autumn,45,22.5,798.085,0.39904252
RP_0105,RP,autumn,46,23.0,602.20374,0.30110186
RP_0105,RP,autumn,47,23.5,292.50378,0.14625189
RP_0106,RP,spring,0,0.0,683.1135,0.34155676
RP_0106,RP,spring,1,0.5,592.7254,0.2963627
RP_0106,RP,spring,2,1.0,665.36224,0.33268112
RP_0106,RP,spring,3,1.5,700.2992,0.3501496
RP_0106,RP,spring,4,2.0,792.49133,0.39624566
RP_0106,RP,spring,5,2.5,800.2366,0.4001183
RP_0106,RP,spring,6,3.0,781.88165,0.39094082
RP_0106,RP,spring,7,3.5,774.5682,0.3872841
RP_0106,RP,spring,8,4.0,863.3602,0.4316801
RP_0106,RP,spring,9,4.5,902.5657,0.45128283
RP_0106,RP,spring,10,5.0,976.06946,0.48803473
RP_0106,RP,spring,11,5.5,1012.169,0.5060845
RP_0106,RP,spring,12,6.0,985.06335,0.4925317
RP_0106,RP,spring,13,6.5,998.7431,0.49937156
RP_0106,RP,spring,14,7.0,1045.7665,0.52288324
RP_0106,RP,spring,15,7.5,953.30365,0.47665182
RP_0106,RP,spring,16,8.0,987.38696,0.49369347
RP_0106,RP,spring,17,8.5,868.46747,0.43423373
RP_0106,RP,spring,18,9.0,933.8164,0.46690822
RP_0106,RP,spring,19,9.5,919.2936,0.4596468
RP_0106,RP,spring,20,10.0,1001.9776,0.5009888
RP_0106,RP,spring,21,10.5,947.6479,0.47382393
RP_0106,RP,spring,22,11.0,1042.4559,0.52122796
RP_0106,RP,spring,23,11.5,952.2286,0.4761143
RP_0106,RP,spring,24,12.0,958.9744,0.4794872
RP_0106,RP,spring,25,12.5,982.26874,0.49113438
RP_0106,RP,spring,26,13.0,1037.73,0.518865
RP_0106,RP,spring,27,13.5,1156.4247,0.5782123
RP_0106,RP,spring,28,14.0,1227.5692,0.6137846
RP_0106,RP,spring,29,14.5,982.9831,0.49149156
RP_0106,RP,spring,30,15.0,821.33765,0.41066882
RP_0106,RP,spring,31,15.5,710.00604,0.35500303
RP_0106,RP,spring,32,16.0,692.1923,0.34609616
RP_0106,RP,spring,33,16.5,624.1861,0.31209305
RP_0106,RP,spring,34,17.0,625.54517,0.31277257
RP_0106,RP,spring,35,17.5,675.6626,0.3378313
RP_0106,RP,spring,36,18.0,696.77545,0.34838772
RP_0106,RP,spring,37,18.5,769.3389,0.38466945
RP_0106,RP,spring,38,19.0,913.0244,0.4565122
RP_0106,RP,spring,39,19.5,963.75195,0.481876
RP_0106,RP,spring,40,20.0,944.61566,0.47230783
RP_0106,RP,spring,41,20.5,1044.7701,0.52238506
RP_0106,RP,spring,42,21.0,1057.6082,0.52880406
RP_0106,RP,spring,43,21.5,1083.1971,0.54159856
RP_0106,RP,spring,44,22.0,1130.2795,0.5651398
RP_0106,RP,spring,45,22.5,1107.9612,0.5539806
RP_0106,RP,spring,46,23.0,865.5119,0.43275595
RP_0106,RP,spring,47,23.5,749.97955,0.37498978
RP_0107,RP,summer,0,0.0,569.72046,0.28486022
RP_0107,RP,summer,1,0.5,522.6953,0.26134765
RP_0107,RP,summer,2,1.0,431.0301,0.21551505
RP_0107,RP,summer,3,1.5,522.9213,0.26146066
RP_0107,RP,summer,4,2.0,453.52036,0.22676018
RP_0107,RP,summer,5,2.5,286.72275,0.14336137
RP_0107,RP,summer,6,3.0,361.10352,0.18055175
RP_0107,RP,summer,7,3.5,336.26483,0.16813241
RP_0107,RP,summer,8,4.0,310.59833,0.15529916
RP_0107,RP,summer,9,4.5,266.4459,0.13322295
RP_0107,RP,summer,10,5.0,304.54773,0.15227386
RP_0107,RP,summer,11,5.5,310.474,0.155237
RP_0107,RP,summer,12,6.0,230.79718,0.11539859
RP_0107,RP,summer,13,6.5,223.43137,0.11171568
RP_0107,RP,summer,14,7.0,324.51544,0.16225772
RP_0107,RP,summer,15,7.5,176.69626,0.08834813
RP_0107,RP,summer,16,8.0,48.208443,0.02410422
RP_0107,RP,summer,17,8.5,28.676638,0.014338319
RP_0107,RP,summer,18,9.0,11.519787,0.0057598935
RP_0107,RP,summer,19,9.5,24.522049,0.012261025
RP_0107,RP,summer,20,10.0,16.594233,0.0082971165
RP_0107,RP,summer,21,10.5,30.077604,0.015038802
RP_0107,RP,summer,22,11.0,27.142544,0.013571272
RP_0107,RP,summer,23,11.5,33.476765,0.016738383
RP_0107,RP,summer,24,12.0,100.49474,0.05024737
RP_0107,RP,summer,25,12.5,155.79224,0.07789612
RP_0107,RP,summer,26,13.0,229.35902,0.114679515
RP_0107,RP,summer,27,13.5,103.716385,0.051858194
RP_0107,RP,summer,28,14.0,8.134093,0.0040670466
RP_0107,RP,summer,29,14.5,5.385018,0.002692509
RP_0107,RP,summer,30,15.0,2.864375,0.0014321875
RP_0107,RP,summer,31,15.5,7.4790688,0.0037395344
RP_0107,RP,summer,32,16.0,6.9830885,0.0034915442
RP_0107,RP,summer,33,16.5,23.266382,0.011633191
RP_0107,RP,summer,34,17.0,57.506596,0.028753297
RP_0107,RP,summer,35,17.5,127.14259,0.0635713
RP_0107,RP,summer,36,18.0,190.64713,0.09532356
RP_0107,RP,summer,37,18.5,259.18768,0.12959383
RP_0107,RP,summer,38,19.0,343.74332,0.17187166
RP_0107,RP,summer,39,19.5,524.5114,0.2622557
RP_0107,RP,summer,40,20.0,466.39417,0.23319708
RP_0107,RP,summer,41,20.5,525.57947,0.26278973
RP_0107,RP,summer,42,21.0,656.27905,0.3281395
RP_0107,RP,summer,43,21.5,610.5683,0.30528414
RP_0107,RP,summer,44,22.0,546.80304,0.27340153
RP_0107,RP,summer,45,22.5,670.9957,0.33549786
RP_0107,RP,summer,46,23.0,593.7761,0.29688805
RP_0107,RP,summer,47,23.5,628.9438,0.3144719
RP_0108,RP,winter,0,0.0,1648.9427,0.82447135
RP_0108,RP,winter,1,0.5,1663.6018,0.8318009
RP_0108,RP,winter,2,1.0,1684.2639,0.842132
RP_0108,RP,winter,3,1.5,1672.9545,0.8364772
RP_0108,RP,winter,4,2.0,1812.4423,0.90622115
RP_0108,RP,winter,5,2.5,1970.778,0.985389
RP_0108,RP,winter,6,3.0,1931.1914,0.9655957
RP_0108,RP,winter,7,3.5,1928.5112,0.96425563
RP_0108,RP,winter,8,4.0,1797.4568,0.8987284
RP_0108,RP,winter,9,4.5,1828.1274,0.9140637
RP_0108,RP,winter,10,5.0,1885.0215,0.9425107
RP_0108,RP,winter,11,5.5,1851.7909,0.92589545
RP_0108,RP,winter,12,6.0,1805.7832,0.9028916
RP_0108,RP,winter,13,6.5,1892.4167,0.94620836
RP_0108,RP,winter,14,7.0,2005.776,1.002888
RP_0108,RP,winter,15,7.5,1825.2052,0.9126026
RP_0108,RP,winter,16,8.0,1683.0872,0.84154356
RP_0108,RP,winter,17,8.5,1688.866,0.844433
RP_0108,RP,winter,18,9.0,1720.31,0.86015505
RP_0108,RP,winter,19,9.5,1553.3927,0.7766963
RP_0108,RP,winter,20,10.0,1572.1565,0.7860783
RP_0108,RP,winter,21,10.5,1553.4617,0.77673084
RP_0108,RP,winter,22,11.0,1438.3198,0.7191599
RP_0108,RP,winter,23,11.5,1592.3542,0.79617715
RP_0108,RP,winter,24,12.0,1548.2722,0.7741361
RP_0108,RP,winter,25,12.5,1570.5654,0.78528273
RP_0108,RP,winter,26,13.0,1447.124,0.723562
RP_0108,RP,winter,27,13.5,1545.6364,0.77281815
RP_0108,RP,winter,28,14.0,1525.3391,0.76266956
RP_0108,RP,winter,29,14.5,1589.2657,0.79463285
RP_0108,RP,winter,30,15.0,1593.0344,0.7965172
RP_0108,RP,winter,31,15.5,1483.3658,0.74168295
RP_0108,RP,winter,32,16.0,1491.0939,0.74554694
RP_0108,RP,winter,33,16.5,1484.9707,0.74248534
RP_0108,RP,winter,34,17.0,1464.5469,0.73227346
RP_0108,RP,winter,35,17.5,1470.7179,0.73535895
RP_0108,RP,winter,36,18.0,1536.4729,0.76823646
RP_0108,RP,winter,37,18.5,1616.2471,0.8081235
RP_0108,RP,winter,38,19.0,1682.1205,0.8410602
RP_0108,RP,winter,39,19.5,1729.5258,0.8647629
RP_0108,RP,winter,40,20.0,1672.8173,0.8364086
RP_0108,RP,winter,41,20.5,1677.0791,0.83853954
RP_0108,RP,winter,42,21.0,1611.649,0.8058245
RP_0108,RP,winter,43,21.5,1639.4568,0.8197284
RP_0108,RP,winter,44,22.0,1580.0542,0.7900271
RP_0108,RP,winter,45,22.5,1609.2754,0.8046377
RP_0108,RP,winter,46,23.0,1530.7703,0.76538515
RP_0108,RP,winter,47,23.5,1543.5271,0.77176356
RP_0109,RP,winter,0,0.0,2028.322,1.014161
RP_0109,RP,winter,1,0.5,1402.5458,0.7012729
RP_0109,RP,winter,2,1.0,662.9432,0.3314716
RP_0109,RP,winter,3,1.5,440.72153,0.22036077
RP_0109,RP,winter,4,2.0,471.8581,0.23592904
RP_0109,RP,winter,5,2.5,360.7166,0.1803583
RP_0109,RP,winter,6,3.0,263.54013,0.13177006
RP_0109,RP,winter,7,3.5,296.24997,0.14812498
RP_0109,RP,winter,8,4.0,309.60858,0.15480429
RP_0109,RP,winter,9,4.5,371.31995,0.18565997
RP_0109,RP,winter,10,5.0,303.88916,0.15194458
RP_0109,RP,winter,11,5.5,326.1615,0.16308075
RP_0109,RP,winter,12,6.0,347.156,0.17357801
RP_0109,RP,winter,13,6.5,395.03516,0.19751757
RP_0109,RP,winter,14,7.0,282.53635,0.14126818
RP_0109,RP,winter,15,7.5,261.52902,0.13076451
RP_0109,RP,winter,16,8.0,246.16473,0.12308237
RP_0109,RP,winter,17,8.5,188.24988,0.094124936
RP_0109,RP,winter,18,9.0,126.17558,0.06308779
RP_0109,RP,winter,19,9.5,130.4182,0.0652091
RP_0109,RP,winter,20,10.0,102.05049,0.051025245
RP_0109,RP,winter,21,10.5,141.93887,0.07096944
RP_0109,RP,winter,22,11.0,145.45485,0.07272743
RP_0109,RP,winter,23,11.5,140.33922,0.07016961
RP_0109,RP,winter,24,12.0,178.1159,0.08905795
RP_0109,RP,winter,25,12.5,152.25272,0.07612636
RP_0109,RP,winter,26,13.0,74.231316,0.03711566
RP_0109,RP,winter,27,13.5,60.048264,0.030024132
RP_0109,RP,winter,28,14.0,97.44904,0.04872452
RP_0109,RP,winter,29,14.5,66.658806,0.0333294
RP_0109,RP,winter,30,15.0,104.83063,0.052415315
RP_0109,RP,winter,31,15.5,118.3456,0.059172798
RP_0109,RP,winter,32,16.0,147.2958,0.0736479
RP_0109,RP,winter,33,16.5,244.94885,0.122474425
RP_0109,RP,winter,34,17.0,298.59976,0.14929987
RP_0109,RP,winter,35,17.5,391.03088,0.19551544
RP_0109,RP,winter,36,18.0,599.10364,0.2995518
RP_0109,RP,winter,37,18.5,845.72455,0.42286226
RP_0109,RP,winter,38,19.0,862.7434,0.43137172
RP_0109,RP,winter,39,19.5,1073.5043,0.53675216
RP_0109,RP,winter,40,20.0,1529.3612,0.7646806
RP_0109,RP,winter,41,20.5,1265.6643,0.63283217
RP_0109,RP,winter,42,21.0,1178.4551,0.58922756
RP_0109,RP,winter,43,21.5,1505.5454,0.7527727
RP_0109,RP,winter,44,22.0,1563.0515,0.78152573
RP_0109,RP,winter,45,22.5,1810.2024,0.9051012
RP_0109,RP,winter,46,23.0,2521.0337,1.2605169
RP_0109,RP,winter,47,23.5,3233.4448,1.6167225
RP_0110,RP,winter,0,0.0,1176.0577,0.58802885
RP_0110,RP,winter,1,0.5,1169.6923,0.58484614
RP_0110,RP,winter,2,1.0,1360.2438,0.6801219
RP_0110,RP,winter,3,1.5,1257.0829,0.62854147
RP_0110,RP,winter,4,2.0,1375.924,0.687962
RP_0110,RP,winter,5,2.5,1311.3748,0.6556874
RP_0110,RP,winter,6,3.0,1387.5275,0.69376373
RP_0110,RP,winter,7,3.5,1411.0045,0.7055023
RP_0110,RP,winter,8,4.0,1465.227,0.7326135
RP_0110,RP,winter,9,4.5,1515.5929,0.75779647
RP_0110,RP,winter,10,5.0,1581.1161,0.79055804
RP_0110,RP,winter,11,5.5,1785.3119,0.89265597
RP_0110,RP,winter,12,6.0,1828.4004,0.9142002
RP_0110,RP,winter,13,6.5,1871.2227,0.9356113
RP_0110,RP,winter,14,7.0,1982.091,0.9910455
RP_0110,RP,winter,15,7.5,2094.3108,1.0471554
RP_0110,RP,winter,16,8.0,1977.3289,0.98866445
RP_0110,RP,winter,17,8.5,2009.039,1.0045195
RP_0110,RP,winter,18,9.0,1918.8701,0.95943505
RP_0110,RP,winter,19,9.5,1939.5188,0.9697594
RP_0110,RP,winter,20,10.0,1843.8962,0.92194813
RP_0110,RP,winter,21,10.5,1964.2467,0.9821234
RP_0110,RP,winter,22,11.0,2027.0375,1.0135187
RP_0110,RP,winter,23,11.5,2065.299,1.0326495
RP_0110,RP,winter,24,12.0,2005.9636,1.0029818
RP_0110,RP,winter,25,12.5,2146.8716,1.0734358
RP_0110,RP,winter,26,13.0,2017.5181,1.008759
RP_0110,RP,winter,27,13.5,2097.2502,1.0486251
RP_0110,RP,winter,28,14.0,1801.8744,0.9009372
RP_0110,RP,winter,29,14.5,1781.9879,0.89099395
RP_0110,RP,winter,30,15.0,1867.9634,0.9339817
RP_0110,RP,winter,31,15.5,1694.8184,0.8474092
RP_0110,RP,winter,32,16.0,1634.2623,0.81713116
RP_0110,RP,winter,33,16.5,1685.8293,0.8429147
RP_0110,RP,winter,34,17.0,1642.7399,0.82136995
RP_0110,RP,winter,35,17.5,1709.9176,0.8549588
RP_0110,RP,winter,36,18.0,1860.4622,0.9302311
RP_0110,RP,winter,37,18.5,1874.1433,0.9370717
RP_0110,RP,winter,38,19.0,1928.8387,0.96441936
RP_0110,RP,winter,39,19.5,1877.0856,0.9385428
RP_0110,RP,winter,40,20.0,1659.2072,0.82960355
RP_0110,RP,winter,41,20.5,1641.3923,0.8206962
RP_0110,RP,winter,42,21.0,1553.0297,0.7765148
RP_0110,RP,winter,43,21.5,1524.4034,0.7622017
RP_0110,RP,winter,44,22.0,1388.0626,0.6940313
RP_0110,RP,winter,45,22.5,1369.3961,0.68469805
RP_0110,RP,winter,46,23.0,1106.3188,0.5531594
RP_0110,RP,winter,47,23.5,983.8806,0.49194032
RP_0111,RP,summer,0,0.0,375.47348,0.18773673
RP_0111,RP,summer,1,0.5,241.95947,0.120979734
RP_0111,RP,summer,2,1.0,187.53677,0.09376839
RP_0111,RP,summer,3,1.5,166.7012,0.0833506
RP_0111,RP,summer,4,2.0,165.54784,0.08277392
RP_0111,RP,summer,5,2.5,173.24509,0.08662254
RP_0111,RP,summer,6,3.0,170.79669,0.085398346
RP_0111,RP,summer,7,3.5,179.1258,0.0895629
RP_0111,RP,summer,8,4.0,175.81932,0.08790966
RP_0111,RP,summer,9,4.5,154.27141,0.077135704
RP_0111,RP,summer,10,5.0,168.234,0.084116995
RP_0111,RP,summer,11,5.5,150.16919,0.0750846
RP_0111,RP,summer,12,6.0,173.21335,0.086606674
RP_0111,RP,summer,13,6.5,139.95532,0.06997766
RP_0111,RP,summer,14,7.0,146.47281,0.073236406
RP_0111,RP,summer,15,7.5,152.1108,0.0760554
RP_0111,RP,summer,16,8.0,198.72116,0.09936058
RP_0111,RP,summer,17,8.5,230.58705,0.115293525
RP_0111,RP,summer,18,9.0,223.69649,0.11184824
RP_0111,RP,summer,19,9.5,242.4823,0.12124115
RP_0111,RP,summer,20,10.0,248.35379,0.1241769
RP_0111,RP,summer,21,10.5,240.15337,0.120076686
RP_0111,RP,summer,22,11.0,206.21747,0.103108734
RP_0111,RP,summer,23,11.5,230.61554,0.11530777
RP_0111,RP,summer,24,12.0,235.10458,0.117552295
RP_0111,RP,summer,25,12.5,175.81216,0.087906085
RP_0111,RP,summer,26,13.0,212.28645,0.10614323
RP_0111,RP,summer,27,13.5,182.23827,0.09111913
RP_0111,RP,summer,28,14.0,158.69124,0.07934562
RP_0111,RP,summer,29,14.5,259.71252,0.12985626
RP_0111,RP,summer,30,15.0,490.76028,0.24538015
RP_0111,RP,summer,31,15.5,634.2679,0.31713393
RP_0111,RP,summer,32,16.0,579.9491,0.28997454
RP_0111,RP,summer,33,16.5,457.09064,0.22854532
RP_0111,RP,summer,34,17.0,434.56372,0.21728186
RP_0111,RP,summer,35,17.5,346.83423,0.17341712
RP_0111,RP,summer,36,18.0,311.8455,0.15592274
RP_0111,RP,summer,37,18.5,300.54507,0.15027253
RP_0111,RP,summer,38,19.0,290.8731,0.14543656
RP_0111,RP,summer,39,19.5,271.6779,0.13583894
RP_0111,RP,summer,40,20.0,330.2586,0.1651293
RP_0111,RP,summer,41,20.5,336.54477,0.16827239
RP_0111,RP,summer,42,21.0,373.4538,0.1867269
RP_0111,RP,summer,43,21.5,329.06693,0.16453347
RP_0111,RP,summer,44,22.0,359.91254,0.17995627
RP_0111,RP,summer,45,22.5,394.06192,0.19703096
RP_0111,RP,summer,46,23.0,428.01932,0.21400966
RP_0111,RP,summer,47,23.5,457.206,0.22860299
RP_0112,RP,winter,0,0.0,3409.714,1.7048571
RP_0112,RP,winter,1,0.5,3514.1814,1.7570907
RP_0112,RP,winter,2,1.0,2974.1655,1.4870827
RP_0112,RP,winter,3,1.5,2961.8333,1.4809166
RP_0112,RP,winter,4,2.0,2549.303,1.2746515
RP_0112,RP,winter,5,2.5,2171.5725,1.0857862
RP_0112,RP,winter,6,3.0,1937.7006,0.96885026
RP_0112,RP,winter,7,3.5,1867.4502,0.9337251
RP_0112,RP,winter,8,4.0,2061.7905,1.0308952
RP_0112,RP,winter,9,4.5,2121.0505,1.0605253
RP_0112,RP,winter,10,5.0,2668.7344,1.3343672
RP_0112,RP,winter,11,5.5,1775.8228,0.8879114
RP_0112,RP,winter,12,6.0,1896.816,0.948408
RP_0112,RP,winter,13,6.5,1778.732,0.88936603
RP_0112,RP,winter,14,7.0,1004.6297,0.50231487
RP_0112,RP,winter,15,7.5,474.66138,0.23733069
RP_0112,RP,winter,16,8.0,399.06946,0.19953473
RP_0112,RP,winter,17,8.5,233.05875,0.116529375
RP_0112,RP,winter,18,9.0,93.3861,0.04669305
RP_0112,RP,winter,19,9.5,73.199646,0.036599822
RP_0112,RP,winter,20,10.0,73.115204,0.036557604
RP_0112,RP,winter,21,10.5,140.9142,0.0704571
RP_0112,RP,winter,22,11.0,87.91166,0.04395583
RP_0112,RP,winter,23,11.5,39.576706,0.019788353
RP_0112,RP,winter,24,12.0,36.409794,0.018204898
RP_0112,RP,winter,25,12.5,57.90769,0.028953845
RP_0112,RP,winter,26,13.0,11.41693,0.005708465
RP_0112,RP,winter,27,13.5,6.306907,0.0031534536
RP_0112,RP,winter,28,14.0,13.052554,0.006526277
RP_0112,RP,winter,29,14.5,8.445646,0.0042228233
RP_0112,RP,winter,30,15.0,14.741592,0.007370796
RP_0112,RP,winter,31,15.5,65.13506,0.03256753
RP_0112,RP,winter,32,16.0,122.240524,0.06112026
RP_0112,RP,winter,33,16.5,182.06465,0.091032326
RP_0112,RP,winter,34,17.0,277.3863,0.13869314
RP_0112,RP,winter,35,17.5,446.57608,0.22328804
RP_0112,RP,winter,36,18.0,598.843,0.29942152
RP_0112,RP,winter,37,18.5,733.43085,0.36671543
RP_0112,RP,winter,38,19.0,662.95746,0.33147871
RP_0112,RP,winter,39,19.5,784.4325,0.39221624
RP_0112,RP,winter,40,20.0,1120.9867,0.56049335
RP_0112,RP,winter,41,20.5,816.37933,0.40818965
RP_0112,RP,winter,42,21.0,975.18695,0.48759347
RP_0112,RP,winter,43,21.5,1283.9835,0.64199173
RP_0112,RP,winter,44,22.0,1350.5273,0.67526364
RP_0112,RP,winter,45,22.5,2032.6007,1.0163003
RP_0112,RP,winter,46,23.0,3173.866,1.586933
RP_0112,RP,winter,47,23.5,3333.305,1.6666524
RP_0113,RP,winter,0,0.0,2324.5435,1.1622717
RP_0113,RP,winter,1,0.5,2379.5945,1.1897973
RP_0113,RP,winter,2,1.0,3522.9722,1.761486
RP_0113,RP,winter,3,1.5,3481.01,1.740505
RP_0113,RP,winter,4,2.0,1244.3555,0.6221777
RP_0113,RP,winter,5,2.5,287.63986,0.14381993
RP_0113,RP,winter,6,3.0,110.93698,0.055468492
RP_0113,RP,winter,7,3.5,97.60723,0.048803616
RP_0113,RP,winter,8,4.0,97.82168,0.048910838
RP_0113,RP,winter,9,4.5,92.474594,0.046237297
RP_0113,RP,winter,10,5.0,76.610794,0.038305398
RP_0113,RP,winter,11,5.5,84.83664,0.04241832
RP_0113,RP,winter,12,6.0,70.59421,0.035297103
RP_0113,RP,winter,13,6.5,73.451416,0.036725707
RP_0113,RP,winter,14,7.0,31.476814,0.015738407
RP_0113,RP,winter,15,7.5,52.648148,0.026324075
RP_0113,RP,winter,16,8.0,53.753273,0.026876636
RP_0113,RP,winter,17,8.5,36.969044,0.018484522
RP_0113,RP,winter,18,9.0,17.737131,0.008868566
RP_0113,RP,winter,19,9.5,38.243057,0.01912153
RP_0113,RP,winter,20,10.0,21.253244,0.0106266225
RP_0113,RP,winter,21,10.5,37.333427,0.018666714
RP_0113,RP,winter,22,11.0,30.26956,0.01513478
RP_0113,RP,winter,23,11.5,17.442162,0.008721081
RP_0113,RP,winter,24,12.0,39.637554,0.019818777
RP_0113,RP,winter,25,12.5,90.55528,0.04527764
RP_0113,RP,winter,26,13.0,67.35611,0.033678055
RP_0113,RP,winter,27,13.5,28.999716,0.014499858
RP_0113,RP,winter,28,14.0,19.621988,0.009810994
RP_0113,RP,winter,29,14.5,10.8504925,0.0054252464
RP_0113,RP,winter,30,15.0,17.465921,0.008732961
RP_0113,RP,winter,31,15.5,13.898131,0.0069490657
RP_0113,RP,winter,32,16.0,12.030443,0.0060152216
RP_0113,RP,winter,33,16.5,19.086643,0.009543322
RP_0113,RP,winter,34,17.0,26.305695,0.013152847
RP_0113,RP,winter,35,17.5,51.190475,0.025595238
RP_0113,RP,winter,36,18.0,47.459908,0.023729954
RP_0113,RP,winter,37,18.5,104.40874,0.052204367
RP_0113,RP,winter,38,19.0,111.13352,0.05556676
RP_0113,RP,winter,39,19.5,134.88902,0.06744451
RP_0113,RP,winter,40,20.0,214.28517,0.10714258
RP_0113,RP,winter,41,20.5,169.55579,0.08477789
RP_0113,RP,winter,42,21.0,167.38124,0.08369062
RP_0113,RP,winter,43,21.5,189.40178,0.09470089
RP_0113,RP,winter,44,22.0,277.35538,0.13867769
RP_0113,RP,winter,45,22.5,338.58167,0.16929083
RP_0113,RP,winter,46,23.0,685.3461,0.34267306
RP_0113,RP,winter,47,23.5,1689.5575,0.8447788
RP_0114,RP,spring,0,0.0,888.84357,0.4444218
RP_0114,RP,spring,1,0.5,919.24884,0.4596244
RP_0114,RP,spring,2,1.0,974.6802,0.4873401
RP_0114,RP,spring,3,1.5,1070.8275,0.53541374
RP_0114,RP,spring,4,2.0,1135.0923,0.5675461
RP_0114,RP,spring,5,2.5,1230.94,0.61547
RP_0114,RP,spring,6,3.0,1341.6989,0.67084944
RP_0114,RP,spring,7,3.5,1339.5819,0.669791
RP_0114,RP,spring,8,4.0,1330.677,0.6653385
RP_0114,RP,spring,9,4.5,1136.6101,0.5683051
RP_0114,RP,spring,10,5.0,1059.5746,0.5297873
RP_0114,RP,spring,11,5.5,923.87494,0.46193746
RP_0114,RP,spring,12,6.0,878.37213,0.43918607
RP_0114,RP,spring,13,6.5,842.56226,0.42128113
RP_0114,RP,spring,14,7.0,776.5326,0.3882663
RP_0114,RP,spring,15,7.5,637.5655,0.31878275
RP_0114,RP,spring,16,8.0,619.6732,0.3098366
RP_0114,RP,spring,17,8.5,585.50085,0.29275042
RP_0114,RP,spring,18,9.0,601.1267,0.30056337
RP_0114,RP,spring,19,9.5,569.02716,0.2845136
RP_0114,RP,spring,20,10.0,699.3258,0.3496629
RP_0114,RP,spring,21,10.5,688.8579,0.34442896
RP_0114,RP,spring,22,11.0,790.0754,0.39503768
RP_0114,RP,spring,23,11.5,874.1806,0.4370903
RP_0114,RP,spring,24,12.0,1004.1129,0.5020565
RP_0114,RP,spring,25,12.5,1131.5376,0.5657688
RP_0114,RP,spring,26,13.0,1143.2322,0.5716161
RP_0114,RP,spring,27,13.5,1206.6398,0.6033199
RP_0114,RP,spring,28,14.0,1070.0331,0.53501654
RP_0114,RP,spring,29,14.5,1106.8375,0.55341876
RP_0114,RP,spring,30,15.0,1265.4904,0.6327452
RP_0114,RP,spring,31,15.5,1166.7407,0.5833704
RP_0114,RP,spring,32,16.0,1231.152,0.61557597
RP_0114,RP,spring,33,16.5,1205.8776,0.6029388
RP_0114,RP,spring,34,17.0,1238.9131,0.6194565
RP_0114,RP,spring,35,17.5,1190.8545,0.5954273
RP_0114,RP,spring,36,18.0,1364.6562,0.6823281
RP_0114,RP,spring,37,18.5,1456.7819,0.72839093
RP_0114,RP,spring,38,19.0,1474.9114,0.73745567
RP_0114,RP,spring,39,19.5,1430.169,0.7150845
RP_0114,RP,spring,40,20.0,1415.277,0.7076385
RP_0114,RP,spring,41,20.5,1331.4443,0.6657222
RP_0114,RP,spring,42,21.0,1359.8129,0.6799064
RP_0114,RP,spring,43,21.5,1408.4666,0.7042333
RP_0114,RP,spring,44,22.0,1478.0146,0.73900735
RP_0114,RP,spring,45,22.5,1335.8348,0.66791743
RP_0114,RP,spring,46,23.0,1108.0664,0.5540332
RP_0114,RP,spring,47,23.5,953.08026,0.47654012
RP_0115,RP,summer,0,0.0,182.39255,0.091196276
RP_0115,RP,summer,1,0.5,148.73639,0.074368194
RP_0115,RP,summer,2,1.0,129.92676,0.06496338
RP_0115,RP,summer,3,1.5,135.50735,0.06775368
RP_0115,RP,summer,4,2.0,159.29906,0.07964953
RP_0115,RP,summer,5,2.5,135.95781,0.0679789
RP_0115,RP,summer,6,3.0,141.84492,0.070922464
RP_0115,RP,summer,7,3.5,161.30952,0.08065476
RP_0115,RP,summer,8,4.0,142.75714,0.071378574
RP_0115,RP,summer,9,4.5,143.4462,0.071723096
RP_0115,RP,summer,10,5.0,150.60355,0.075301774
RP_0115,RP,summer,11,5.5,140.10669,0.07005335
RP_0115,RP,summer,12,6.0,148.5796,0.074289806
RP_0115,RP,summer,13,6.5,144.84508,0.07242254
RP_0115,RP,summer,14,7.0,143.20628,0.07160314
RP_0115,RP,summer,15,7.5,135.904,0.06795201
RP_0115,RP,summer,16,8.0,130.71645,0.06535822
RP_0115,RP,summer,17,8.5,121.918144,0.06095907
RP_0115,RP,summer,18,9.0,114.15233,0.057076164
RP_0115,RP,summer,19,9.5,119.38497,0.059692487
RP_0115,RP,summer,20,10.0,137.58882,0.068794414
RP_0115,RP,summer,21,10.5,120.0639,0.06003195
RP_0115,RP,summer,22,11.0,108.4223,0.05421115
RP_0115,RP,summer,23,11.5,126.93483,0.06346741
RP_0115,RP,summer,24,12.0,121.425156,0.06071258
RP_0115,RP,summer,25,12.5,130.79926,0.065399624
RP_0115,RP,summer,26,13.0,137.88545,0.068942726
RP_0115,RP,summer,27,13.5,114.1799,0.05708995
RP_0115,RP,summer,28,14.0,125.29003,0.06264502
RP_0115,RP,summer,29,14.5,125.476425,0.06273821
RP_0115,RP,summer,30,15.0,120.96985,0.060484923
RP_0115,RP,summer,31,15.5,116.38572,0.05819286
RP_0115,RP,summer,32,16.0,136.64716,0.068323575
RP_0115,RP,summer,33,16.5,132.66519,0.06633259
RP_0115,RP,summer,34,17.0,129.38971,0.06469485
RP_0115,RP,summer,35,17.5,141.58366,0.07079183
RP_0115,RP,summer,36,18.0,153.505,0.0767525
RP_0115,RP,summer,37,18.5,143.22993,0.071614966
RP_0115,RP,summer,38,19.0,143.75896,0.07187948
RP_0115,RP,summer,39,19.5,161.6802,0.0808401
RP_0115,RP,summer,40,20.0,149.55406,0.07477703
RP_0115,RP,summer,41,20.5,151.53685,0.075768426
RP_0115,RP,summer,42,21.0,163.5083,0.08175415
RP_0115,RP,summer,43,21.5,153.1001,0.07655005
RP_0115,RP,summer,44,22.0,161.10603,0.08055302
RP_0115,RP,summer,45,22.5,154.05048,0.077025235
RP_0115,RP,summer,46,23.0,140.48405,0.070242025
RP_0115,RP,summer,47,23.5,174.07335,0.08703668
RP_0116,RP,summer,0,0.0,133.47517,0.066737585
RP_0116,RP,summer,1,0.5,112.27136,0.05613568
RP_0116,RP,summer,2,1.0,111.224884,0.05561244
RP_0116,RP,summer,3,1.5,134.15718,0.06707859
RP_0116,RP,summer,4,2.0,135.68954,0.06784477
RP_0116,RP,summer,5,2.5,149.81331,0.074906655
RP_0116,RP,summer,6,3.0,126.71626,0.06335813
RP_0116,RP,summer,7,3.5,138.3261,0.06916305
RP_0116,RP,summer,8,4.0,155.35004,0.077675015
RP_0116,RP,summer,9,4.5,122.43431,0.061217155
RP_0116,RP,summer,10,5.0,129.16266,0.06458133
RP_0116,RP,summer,11,5.5,146.07062,0.07303531
RP_0116,RP,summer,12,6.0,122.84878,0.06142439
RP_0116,RP,summer,13,6.5,154.75615,0.07737807
RP_0116,RP,summer,14,7.0,365.97122,0.1829856
RP_0116,RP,summer,15,7.5,466.3478,0.2331739
RP_0116,RP,summer,16,8.0,428.59253,0.21429627
RP_0116,RP,summer,17,8.5,319.23523,0.15961762
RP_0116,RP,summer,18,9.0,300.96912,0.15048456
RP_0116,RP,summer,19,9.5,231.04015,0.115520075
RP_0116,RP,summer,20,10.0,203.04689,0.101523444
RP_0116,RP,summer,21,10.5,155.96587,0.07798293
RP_0116,RP,summer,22,11.0,181.3518,0.090675905
RP_0116,RP,summer,23,11.5,213.57483,0.10678741
RP_0116,RP,summer,24,12.0,226.22182,0.11311091
RP_0116,RP,summer,25,12.5,299.40283,0.14970142
RP_0116,RP,summer,26,13.0,328.16318,0.16408159
RP_0116,RP,summer,27,13.5,331.69357,0.16584678
RP_0116,RP,summer,28,14.0,314.38248,0.15719123
RP_0116,RP,summer,29,14.5,254.5814,0.1272907
RP_0116,RP,summer,30,15.0,218.7134,0.109356694
RP_0116,RP,summer,31,15.5,194.57356,0.09728678
RP_0116,RP,summer,32,16.0,221.9428,0.1109714
RP_0116,RP,summer,33,16.5,189.98236,0.09499118
RP_0116,RP,summer,34,17.0,235.37506,0.11768753
RP_0116,RP,summer,35,17.5,255.55774,0.12777887
RP_0116,RP,summer,36,18.0,257.077,0.1285385
RP_0116,RP,summer,37,18.5,291.3191,0.14565955
RP_0116,RP,summer,38,19.0,410.4795,0.20523974
RP_0116,RP,summer,39,19.5,486.01474,0.24300738
RP_0116,RP,summer,40,20.0,518.1117,0.25905585
RP_0116,RP,summer,41,20.5,415.46588,0.20773295
RP_0116,RP,summer,42,21.0,408.93567,0.20446783
RP_0116,RP,summer,43,21.5,410.2286,0.2051143
RP_0116,RP,summer,44,22.0,290.23373,0.14511687
RP_0116,RP,summer,45,22.5,235.67291,0.11783645
RP_0116,RP,summer,46,23.0,248.2663,0.12413315
RP_0116,RP,summer,47,23.5,200.40703,0.100203514
RP_0117,RP,winter,0,0.0,255.9473,0.12797365
RP_0117,RP,winter,1,0.5,244.91075,0.12245537
RP_0117,RP,winter,2,1.0,265.7557,0.13287786
RP_0117,RP,winter,3,1.5,283.3144,0.1416572
RP_0117,RP,winter,4,2.0,305.01022,0.15250511
RP_0117,RP,winter,5,2.5,302.47583,0.15123792
RP_0117,RP,winter,6,3.0,374.8966,0.18744831
RP_0117,RP,winter,7,3.5,331.0278,0.1655139
RP_0117,RP,winter,8,4.0,376.8075,0.18840374
RP_0117,RP,winter,9,4.5,341.405,0.1707025
RP_0117,RP,winter,10,5.0,376.21564,0.18810782
RP_0117,RP,winter,11,5.5,341.97906,0.17098953
RP_0117,RP,winter,12,6.0,391.55972,0.19577986
RP_0117,RP,winter,13,6.5,323.4651,0.16173254
RP_0117,RP,winter,14,7.0,338.56903,0.16928452
RP_0117,RP,winter,15,7.5,463.5047,0.23175235
RP_0117,RP,winter,16,8.0,754.3801,0.37719005
RP_0117,RP,winter,17,8.5,973.0448,0.4865224
RP_0117,RP,winter,18,9.0,1352.2446,0.6761223
RP_0117,RP,winter,19,9.5,1443.599,0.7217995
RP_0117,RP,winter,20,10.0,1512.3364,0.7561682
RP_0117,RP,winter,21,10.5,1842.906,0.921453
RP_0117,RP,winter,22,11.0,1545.1821,0.77259105
RP_0117,RP,winter,23,11.5,1223.184,0.611592
RP_0117,RP,winter,24,12.0,971.7656,0.48588282
RP_0117,RP,winter,25,12.5,470.4213,0.23521064
RP_0117,RP,winter,26,13.0,435.73044,0.21786521
RP_0117,RP,winter,27,13.5,328.34296,0.16417147
RP_0117,RP,winter,28,14.0,324.18903,0.16209452
RP_0117,RP,winter,29,14.5,374.26926,0.18713462
RP_0117,RP,winter,30,15.0,355.6037,0.17780185
RP_0117,RP,winter,31,15.5,406.48575,0.20324287
RP_0117,RP,winter,32,16.0,439.49756,0.21974878
RP_0117,RP,winter,33,16.5,427.1898,0.2135949
RP_0117,RP,winter,34,17.0,510.4383,0.25521916
RP_0117,RP,winter,35,17.5,579.09924,0.28954962
RP_0117,RP,winter,36,18.0,744.687,0.3723435
RP_0117,RP,winter,37,18.5,843.71423,0.42185712
RP_0117,RP,winter,38,19.0,995.79614,0.49789807
RP_0117,RP,winter,39,19.5,984.29254,0.49214628
RP_0117,RP,winter,40,20.0,998.82654,0.49941328
RP_0117,RP,winter,41,20.5,926.2382,0.46311912
RP_0117,RP,winter,42,21.0,856.77765,0.42838883
RP_0117,RP,winter,43,21.5,646.97626,0.32348812
RP_0117,RP,winter,44,22.0,571.3614,0.28568068
RP_0117,RP,winter,45,22.5,438.21814,0.21910907
RP_0117,RP,winter,46,23.0,333.33496,0.16666748
RP_0117,RP,winter,47,23.5,277.40158,0.13870078
RP_0118,RP,winter,0,0.0,876.21576,0.43810788
RP_0118,RP,winter,1,0.5,804.7407,0.40237036
RP_0118,RP,winter,2,1.0,894.23883,0.4471194
RP_0118,RP,winter,3,1.5,888.30695,0.4441535
RP_0118,RP,winter,4,2.0,1096.2991,0.5481495
RP_0118,RP,winter,5,2.5,928.1219,0.46406093
RP_0118,RP,winter,6,3.0,1102.55,0.551275
RP_0118,RP,winter,7,3.5,1150.9375,0.5754688
RP_0118,RP,winter,8,4.0,1188.8257,0.59441286
RP_0118,RP,winter,9,4.5,1283.0525,0.6415262
RP_0118,RP,winter,10,5.0,1304.0056,0.6520028
RP_0118,RP,winter,11,5.5,1589.7822,0.7948911
RP_0118,RP,winter,12,6.0,1737.7832,0.8688916
RP_0118,RP,winter,13,6.5,1879.6987,0.9398494
RP_0118,RP,winter,14,7.0,2051.8623,1.0259311
RP_0118,RP,winter,15,7.5,1955.0995,0.97754973
RP_0118,RP,winter,16,8.0,1585.8632,0.79293156
RP_0118,RP,winter,17,8.5,1544.3315,0.7721658
RP_0118,RP,winter,18,9.0,1299.0046,0.64950234
RP_0118,RP,winter,19,9.5,1208.0469,0.60402346
RP_0118,RP,winter,20,10.0,1267.3662,0.6336831
RP_0118,RP,winter,21,10.5,1118.309,0.55915445
RP_0118,RP,winter,22,11.0,1142.9375,0.5714688
RP_0118,RP,winter,23,11.5,1174.4839,0.58724195
RP_0118,RP,winter,24,12.0,1182.0092,0.59100455
RP_0118,RP,winter,25,12.5,1156.5908,0.5782954
RP_0118,RP,winter,26,13.0,1240.221,0.62011045
RP_0118,RP,winter,27,13.5,1195.5101,0.5977551
RP_0118,RP,winter,28,14.0,1174.0457,0.58702284
RP_0118,RP,winter,29,14.5,1139.2506,0.5696253
RP_0118,RP,winter,30,15.0,1091.1567,0.54557836
RP_0118,RP,winter,31,15.5,1079.629,0.53981453
RP_0118,RP,winter,32,16.0,1188.2936,0.5941468
RP_0118,RP,winter,33,16.5,1187.2811,0.59364057
RP_0118,RP,winter,34,17.0,1209.6403,0.60482013
RP_0118,RP,winter,35,17.5,1566.539,0.78326946
RP_0118,RP,winter,36,18.0,1709.9935,0.85499674
RP_0118,RP,winter,37,18.5,1807.4727,0.90373635
RP_0118,RP,winter,38,19.0,2011.782,1.005891
RP_0118,RP,winter,39,19.5,2035.2458,1.017623
RP_0118,RP,winter,40,20.0,1866.7518,0.9333759
RP_0118,RP,winter,41,20.5,1852.946,0.926473
RP_0118,RP,winter,42,21.0,1757.9698,0.8789849
RP_0118,RP,winter,43,21.5,1553.3024,0.7766512
RP_0118,RP,winter,44,22.0,1343.8986,0.67194927
RP_0118,RP,winter,45,22.5,1318.8069,0.65940344
RP_0118,RP,winter,46,23.0,998.1045,0.49905226
RP_0118,RP,winter,47,23.5,926.5239,0.46326196
RP_0119,RP,autumn,0,0.0,287.38617,0.14369309
RP_0119,RP,autumn,1,0.5,271.632,0.135816
RP_0119,RP,autumn,2,1.0,529.68646,0.26484323
RP_0119,RP,autumn,3,1.5,1026.3003,0.51315016
RP_0119,RP,autumn,4,2.0,1239.2258,0.61961293
RP_0119,RP,autumn,5,2.5,1031.1342,0.51556706
RP_0119,RP,autumn,6,3.0,787.7337,0.39386684
RP_0119,RP,autumn,7,3.5,613.6804,0.3068402
RP_0119,RP,autumn,8,4.0,488.4695,0.24423476
RP_0119,RP,autumn,9,4.5,445.63397,0.22281699
RP_0119,RP,autumn,10,5.0,389.81732,0.19490866
RP_0119,RP,autumn,11,5.5,361.90643,0.18095322
RP_0119,RP,autumn,12,6.0,301.4086,0.1507043
RP_0119,RP,autumn,13,6.5,312.477,0.1562385
RP_0119,RP,autumn,14,7.0,259.00824,0.12950411
RP_0119,RP,autumn,15,7.5,272.0043,0.13600215
RP_0119,RP,autumn,16,8.0,267.17877,0.13358939
RP_0119,RP,autumn,17,8.5,258.5426,0.1292713
RP_0119,RP,autumn,18,9.0,240.02667,0.120013334
RP_0119,RP,autumn,19,9.5,227.08536,0.113542676
RP_0119,RP,autumn,20,10.0,278.19763,0.13909882
RP_0119,RP,autumn,21,10.5,232.25533,0.11612766
RP_0119,RP,autumn,22,11.0,234.8837,0.11744185
RP_0119,RP,autumn,23,11.5,218.2575,0.10912875
RP_0119,RP,autumn,24,12.0,246.05821,0.123029105
RP_0119,RP,autumn,25,12.5,368.4079,0.18420395
RP_0119,RP,autumn,26,13.0,342.2408,0.1711204
RP_0119,RP,autumn,27,13.5,353.19287,0.17659643
RP_0119,RP,autumn,28,14.0,385.08627,0.19254313
RP_0119,RP,autumn,29,14.5,287.54312,0.14377156
RP_0119,RP,autumn,30,15.0,251.42413,0.12571207
RP_0119,RP,autumn,31,15.5,216.02261,0.108011305
RP_0119,RP,autumn,32,16.0,205.23114,0.10261557
RP_0119,RP,autumn,33,16.5,195.22896,0.09761448
RP_0119,RP,autumn,34,17.0,187.71675,0.093858376
RP_0119,RP,autumn,35,17.5,192.66705,0.096333526
RP_0119,RP,autumn,36,18.0,197.67908,0.09883954
RP_0119,RP,autumn,37,18.5,212.29062,0.10614531
RP_0119,RP,autumn,38,19.0,248.15828,0.12407914
RP_0119,RP,autumn,39,19.5,301.03018,0.1505151
RP_0119,RP,autumn,40,20.0,277.8146,0.1389073
RP_0119,RP,autumn,41,20.5,294.05728,0.14702864
RP_0119,RP,autumn,42,21.0,332.19144,0.16609572
RP_0119,RP,autumn,43,21.5,350.86224,0.17543112
RP_0119,RP,autumn,44,22.0,327.1605,0.16358024
RP_0119,RP,autumn,45,22.5,358.3473,0.17917365
RP_0119,RP,autumn,46,23.0,323.78583,0.16189292
RP_0119,RP,autumn,47,23.5,316.4881,0.15824404
RP_0120,RP,spring,0,0.0,1594.9838,0.7974919
RP_0120,RP,spring,1,0.5,1589.748,0.794874
RP_0120,RP,spring,2,1.0,1616.7253,0.80836266
RP_0120,RP,spring,3,1.5,1770.8834,0.8854417
RP_0120,RP,spring,4,2.0,1480.4272,0.74021363
RP_0120,RP,spring,5,2.5,1541.8208,0.7709104
RP_0120,RP,spring,6,3.0,1611.4437,0.8057219
RP_0120,RP,spring,7,3.5,1510.6243,0.75531214
RP_0120,RP,spring,8,4.0,1421.1252,0.71056265
RP_0120,RP,spring,9,4.5,1376.9183,0.68845916
RP_0120,RP,spring,10,5.0,1471.3861,0.73569304
RP_0120,RP,spring,11,5.5,1549.6904,0.77484524
RP_0120,RP,spring,12,6.0,1551.9918,0.7759959
RP_0120,RP,spring,13,6.5,1506.5421,0.75327104
RP_0120,RP,spring,14,7.0,1620.6611,0.81033057
RP_0120,RP,spring,15,7.5,1544.2969,0.77214843
RP_0120,RP,spring,16,8.0,1603.9945,0.80199724
RP_0120,RP,spring,17,8.5,1534.7086,0.7673543
RP_0120,RP,spring,18,9.0,1554.1868,0.7770934
RP_0120,RP,spring,19,9.5,1575.4403,0.78772014
RP_0120,RP,spring,20,10.0,1495.3218,0.7476609
RP_0120,RP,spring,21,10.5,1496.3511,0.74817556
RP_0120,RP,spring,22,11.0,1472.2935,0.73614675
RP_0120,RP,spring,23,11.5,1432.9396,0.71646976
RP_0120,RP,spring,24,12.0,1391.4235,0.69571173
RP_0120,RP,spring,25,12.5,1461.2235,0.73061174
RP_0120,RP,spring,26,13.0,1327.4532,0.6637266
RP_0120,RP,spring,27,13.5,1308.5161,0.6542581
RP_0120,RP,spring,28,14.0,1339.031,0.6695155
RP_0120,RP,spring,29,14.5,1462.9265,0.73146325
RP_0120,RP,spring,30,15.0,1389.2076,0.6946038
RP_0120,RP,spring,31,15.5,1241.4597,0.62072986
RP_0120,RP,spring,32,16.0,1170.9271,0.5854636
RP_0120,RP,spring,33,16.5,1156.8392,0.5784196
RP_0120,RP,spring,34,17.0,1262.9131,0.63145655
RP_0120,RP,spring,35,17.5,1189.2347,0.59461737
RP_0120,RP,spring,36,18.0,1332.1497,0.6660748
RP_0120,RP,spring,37,18.5,1312.4377,0.6562189
RP_0120,RP,spring,38,19.0,1399.9094,0.6999547
RP_0120,RP,spring,39,19.5,1395.3224,0.6976612
RP_0120,RP,spring,40,20.0,1409.1919,0.7045959
RP_0120,RP,spring,41,20.5,1383.4186,0.6917093
RP_0120,RP,spring,42,21.0,1364.7996,0.6823998
RP_0120,RP,spring,43,21.5,1507.8064,0.7539032
RP_0120,RP,spring,44,22.0,1470.5846,0.7352923
RP_0120,RP,spring,45,22.5,1505.5188,0.7527594
RP_0120,RP,spring,46,23.0,1487.3754,0.7436877
RP_0120,RP,spring,47,23.5,1585.7859,0.79289293
RP_0121,RP,autumn,0,0.0,77.55385,0.038776923
RP_0121,RP,autumn,1,0.5,65.28724,0.03264362
RP_0121,RP,autumn,2,1.0,56.26428,0.028132139
RP_0121,RP,autumn,3,1.5,72.702934,0.03635147
RP_0121,RP,autumn,4,2.0,68.66404,0.03433202
RP_0121,RP,autumn,5,2.5,68.08165,0.034040824
RP_0121,RP,autumn,6,3.0,64.51959,0.032259796
RP_0121,RP,autumn,7,3.5,59.99973,0.029999865
RP_0121,RP,autumn,8,4.0,72.804886,0.03640244
RP_0121,RP,autumn,9,4.5,54.49916,0.02724958
RP_0121,RP,autumn,10,5.0,71.34122,0.03567061
RP_0121,RP,autumn,11,5.5,73.43924,0.03671962
RP_0121,RP,autumn,12,6.0,69.8973,0.03494865
RP_0121,RP,autumn,13,6.5,61.564293,0.030782146
RP_0121,RP,autumn,14,7.0,92.287445,0.04614372
RP_0121,RP,autumn,15,7.5,107.4497,0.05372485
RP_0121,RP,autumn,16,8.0,138.60854,0.069304265
RP_0121,RP,autumn,17,8.5,145.54727,0.072773635
RP_0121,RP,autumn,18,9.0,189.57999,0.09479
RP_0121,RP,autumn,19,9.5,180.94585,0.09047292
RP_0121,RP,autumn,20,10.0,171.82663,0.085913315
RP_0121,RP,autumn,21,10.5,164.85541,0.0824277
RP_0121,RP,autumn,22,11.0,190.7409,0.09537046
RP_0121,RP,autumn,23,11.5,299.9706,0.1499853
RP_0121,RP,autumn,24,12.0,429.28976,0.21464488
RP_0121,RP,autumn,25,12.5,357.90308,0.17895153
RP_0121,RP,autumn,26,13.0,294.656,0.147328
RP_0121,RP,autumn,27,13.5,301.88397,0.15094198
RP_0121,RP,autumn,28,14.0,211.17783,0.10558891
RP_0121,RP,autumn,29,14.5,203.37544,0.10168772
RP_0121,RP,autumn,30,15.0,185.94777,0.09297389
RP_0121,RP,autumn,31,15.5,191.60944,0.09580472
RP_0121,RP,autumn,32,16.0,205.28967,0.10264484
RP_0121,RP,autumn,33,16.5,218.98166,0.10949083
RP_0121,RP,autumn,34,17.0,280.44147,0.14022073
RP_0121,RP,autumn,35,17.5,252.21956,0.12610978
RP_0121,RP,autumn,36,18.0,329.4321,0.16471605
RP_0121,RP,autumn,37,18.5,463.7187,0.23185934
RP_0121,RP,autumn,38,19.0,629.598,0.314799
RP_0121,RP,autumn,39,19.5,565.8299,0.28291494
RP_0121,RP,autumn,40,20.0,546.80804,0.27340403
RP_0121,RP,autumn,41,20.5,459.40115,0.22970058
RP_0121,RP,autumn,42,21.0,412.87863,0.20643932
RP_0121,RP,autumn,43,21.5,415.80402,0.20790201
RP_0121,RP,autumn,44,22.0,298.07376,0.14903688
RP_0121,RP,autumn,45,22.5,226.54134,0.11327067
RP_0121,RP,autumn,46,23.0,187.53003,0.09376501
RP_0121,RP,autumn,47,23.5,133.59296,0.06679648
RP_0122,RP,autumn,0,0.0,99.22757,0.049613785
RP_0122,RP,autumn,1,0.5,92.391235,0.04619562
RP_0122,RP,autumn,2,1.0,71.76869,0.035884347
RP_0122,RP,autumn,3,1.5,38.67602,0.01933801
RP_0122,RP,autumn,4,2.0,77.20525,0.038602628
RP_0122,RP,autumn,5,2.5,585.31213,0.29265606
RP_0122,RP,autumn,6,3.0,2406.4136,1.2032068
RP_0122,RP,autumn,7,3.5,3115.7175,1.5578587
RP_0122,RP,autumn,8,4.0,2259.4734,1.1297367
RP_0122,RP,autumn,9,4.5,1547.6525,0.77382624
RP_0122,RP,autumn,10,5.0,1124.7665,0.56238323
RP_0122,RP,autumn,11,5.5,838.2088,0.4191044
RP_0122,RP,autumn,12,6.0,623.3004,0.31165022
RP_0122,RP,autumn,13,6.5,571.1406,0.28557032
RP_0122,RP,autumn,14,7.0,508.2251,0.25411254
RP_0122,RP,autumn,15,7.5,395.30435,0.19765218
RP_0122,RP,autumn,16,8.0,258.9108,0.1294554
RP_0122,RP,autumn,17,8.5,286.2353,0.14311765
RP_0122,RP,autumn,18,9.0,168.96815,0.08448408
RP_0122,RP,autumn,19,9.5,120.46387,0.060231935
RP_0122,RP,autumn,20,10.0,144.81023,0.072405115
RP_0122,RP,autumn,21,10.5,205.20912,0.10260456
RP_0122,RP,autumn,22,11.0,131.79332,0.06589666
RP_0122,RP,autumn,23,11.5,123.777054,0.061888527
RP_0122,RP,autumn,24,12.0,193.96248,0.09698124
RP_0122,RP,autumn,25,12.5,235.84317,0.11792158
RP_0122,RP,autumn,26,13.0,393.92178,0.1969609
RP_0122,RP,autumn,27,13.5,695.7989,0.34789944
RP_0122,RP,autumn,28,14.0,1394.4304,0.6972152
RP_0122,RP,autumn,29,14.5,895.6281,0.44781405
RP_0122,RP,autumn,30,15.0,395.63464,0.19781733
RP_0122,RP,autumn,31,15.5,269.2709,0.13463545
RP_0122,RP,autumn,32,16.0,167.17847,0.08358923
RP_0122,RP,autumn,33,16.5,162.41827,0.08120914
RP_0122,RP,autumn,34,17.0,160.43254,0.08021627
RP_0122,RP,autumn,35,17.5,290.40585,0.14520292
RP_0122,RP,autumn,36,18.0,491.86267,0.24593134
RP_0122,RP,autumn,37,18.5,572.52765,0.28626382
RP_0122,RP,autumn,38,19.0,983.95154,0.49197575
RP_0122,RP,autumn,39,19.5,1145.11,0.572555
RP_0122,RP,autumn,40,20.0,871.7835,0.43589175
RP_0122,RP,autumn,41,20.5,850.81775,0.42540887
RP_0122,RP,autumn,42,21.0,930.3691,0.46518454
RP_0122,RP,autumn,43,21.5,713.3418,0.3566709
RP_0122,RP,autumn,44,22.0,430.4082,0.2152041
RP_0122,RP,autumn,45,22.5,388.97034,0.19448517
RP_0122,RP,autumn,46,23.0,288.50162,0.14425081
RP_0122,RP,autumn,47,23.5,291.99896,0.14599948
RP_0123,RP,autumn,0,0.0,759.4879,0.37974396
RP_0123,RP,autumn,1,0.5,601.93463,0.3009673
RP_0123,RP,autumn,2,1.0,675.143,0.3375715
RP_0123,RP,autumn,3,1.5,865.61273,0.43280637
RP_0123,RP,autumn,4,2.0,672.605,0.3363025
RP_0123,RP,autumn,5,2.5,678.8314,0.3394157
RP_0123,RP,autumn,6,3.0,636.5833,0.31829166
RP_0123,RP,autumn,7,3.5,564.1246,0.2820623
RP_0123,RP,autumn,8,4.0,504.94913,0.25247458
RP_0123,RP,autumn,9,4.5,520.9549,0.26047745
RP_0123,RP,autumn,10,5.0,500.25952,0.25012976
RP_0123,RP,autumn,11,5.5,547.3822,0.2736911
RP_0123,RP,autumn,12,6.0,430.89374,0.21544687
RP_0123,RP,autumn,13,6.5,387.54483,0.19377242
RP_0123,RP,autumn,14,7.0,315.51767,0.15775883
RP_0123,RP,autumn,15,7.5,334.0515,0.16702576
RP_0123,RP,autumn,16,8.0,264.35867,0.13217933
RP_0123,RP,autumn,17,8.5,201.77946,0.100889735
RP_0123,RP,autumn,18,9.0,151.98242,0.07599121
RP_0123,RP,autumn,19,9.5,201.86003,0.10093001
RP_0123,RP,autumn,20,10.0,101.60827,0.050804134
RP_0123,RP,autumn,21,10.5,101.09683,0.050548416
RP_0123,RP,autumn,22,11.0,82.87967,0.041439835
RP_0123,RP,autumn,23,11.5,45.22838,0.022614188
RP_0123,RP,autumn,24,12.0,37.184814,0.018592408
RP_0123,RP,autumn,25,12.5,21.146603,0.010573301
RP_0123,RP,autumn,26,13.0,20.62412,0.01031206
RP_0123,RP,autumn,27,13.5,20.360872,0.010180436
RP_0123,RP,autumn,28,14.0,44.698997,0.0223495
RP_0123,RP,autumn,29,14.5,110.54796,0.05527398
RP_0123,RP,autumn,30,15.0,311.7505,0.15587525
RP_0123,RP,autumn,31,15.5,273.07254,0.13653627
RP_0123,RP,autumn,32,16.0,242.73611,0.12136806
RP_0123,RP,autumn,33,16.5,201.08311,0.100541554
RP_0123,RP,autumn,34,17.0,160.94,0.08047
RP_0123,RP,autumn,35,17.5,147.48189,0.073740944
RP_0123,RP,autumn,36,18.0,155.03596,0.07751798
RP_0123,RP,autumn,37,18.5,187.57796,0.09378898
RP_0123,RP,autumn,38,19.0,155.1045,0.07755225
RP_0123,RP,autumn,39,19.5,188.96222,0.09448111
RP_0123,RP,autumn,40,20.0,235.962,0.117981
RP_0123,RP,autumn,41,20.5,247.44136,0.12372068
RP_0123,RP,autumn,42,21.0,266.58392,0.13329196
RP_0123,RP,autumn,43,21.5,373.63132,0.18681566
RP_0123,RP,autumn,44,22.0,507.30832,0.25365415
RP_0123,RP,autumn,45,22.5,724.82043,0.36241022
RP_0123,RP,autumn,46,23.0,894.2969,0.44714844
RP_0123,RP,autumn,47,23.5,1071.304,0.535652
RP_0124,RP,winter,0,0.0,698.1223,0.34906116
RP_0124,RP,winter,1,0.5,698.03827,0.34901914
RP_0124,RP,winter,2,1.0,822.187,0.4110935
RP_0124,RP,winter,3,1.5,763.3346,0.3816673
RP_0124,RP,winter,4,2.0,943.89136,0.47194567
RP_0124,RP,winter,5,2.5,912.5325,0.45626622
RP_0124,RP,winter,6,3.0,941.6983,0.47084916
RP_0124,RP,winter,7,3.5,852.9146,0.42645732
RP_0124,RP,winter,8,4.0,919.58545,0.45979273
RP_0124,RP,winter,9,4.5,929.6672,0.4648336
RP_0124,RP,winter,10,5.0,914.65063,0.4573253
RP_0124,RP,winter,11,5.5,951.0924,0.4755462
RP_0124,RP,winter,12,6.0,1074.5577,0.5372789
RP_0124,RP,winter,13,6.5,992.8313,0.49641564
RP_0124,RP,winter,14,7.0,1026.6241,0.5133121
RP_0124,RP,winter,15,7.5,1049.6555,0.5248278
RP_0124,RP,winter,16,8.0,1145.596,0.57279795
RP_0124,RP,winter,17,8.5,1173.0022,0.5865011
RP_0124,RP,winter,18,9.0,1270.2393,0.6351196
RP_0124,RP,winter,19,9.5,1299.1931,0.6495966
RP_0124,RP,winter,20,10.0,1348.7137,0.6743569
RP_0124,RP,winter,21,10.5,1416.1221,0.70806104
RP_0124,RP,winter,22,11.0,1428.3412,0.7141706
RP_0124,RP,winter,23,11.5,1481.6681,0.74083406
RP_0124,RP,winter,24,12.0,1431.7592,0.71587956
RP_0124,RP,winter,25,12.5,1384.577,0.6922885
RP_0124,RP,winter,26,13.0,1307.8494,0.6539247
RP_0124,RP,winter,27,13.5,1359.7635,0.67988175
RP_0124,RP,winter,28,14.0,1348.3064,0.6741532
RP_0124,RP,winter,29,14.5,1432.1971,0.71609855
RP_0124,RP,winter,30,15.0,1572.5345,0.7862673
RP_0124,RP,winter,31,15.5,1478.2975,0.73914874
RP_0124,RP,winter,32,16.0,1458.6663,0.7293331
RP_0124,RP,winter,33,16.5,1406.1471,0.70307356
RP_0124,RP,winter,34,17.0,1431.9854,0.7159927
RP_0124,RP,winter,35,17.5,1457.7366,0.7288683
RP_0124,RP,winter,36,18.0,1540.4023,0.77020115
RP_0124,RP,winter,37,18.5,1501.2928,0.7506464
RP_0124,RP,winter,38,19.0,1597.3713,0.79868567
RP_0124,RP,winter,39,19.5,1480.3325,0.74016625
RP_0124,RP,winter,40,20.0,1388.6642,0.69433206
RP_0124,RP,winter,41,20.5,1299.9187,0.6499593
RP_0124,RP,winter,42,21.0,1309.6843,0.65484214
RP_0124,RP,winter,43,21.5,1126.4441,0.56322205
RP_0124,RP,winter,44,22.0,1054.5505,0.52727526
RP_0124,RP,winter,45,22.5,948.10803,0.474054
RP_0124,RP,winter,46,23.0,689.1165,0.34455827
RP_0124,RP,winter,47,23.5,587.9396,0.29396978
RP_0125,RP,autumn,0,0.0,488.17902,0.24408951
RP_0125,RP,autumn,1,0.5,510.29517,0.25514758
RP_0125,RP,autumn,2,1.0,842.26587,0.42113292
RP_0125,RP,autumn,3,1.5,1059.9484,0.52997416
RP_0125,RP,autumn,4,2.0,978.0693,0.48903462
RP_0125,RP,autumn,5,2.5,749.2111,0.37460557
RP_0125,RP,autumn,6,3.0,637.56274,0.31878138
RP_0125,RP,autumn,7,3.5,615.1524,0.3075762
RP_0125,RP,autumn,8,4.0,607.556,0.30377802
RP_0125,RP,autumn,9,4.5,565.871,0.2829355
RP_0125,RP,autumn,10,5.0,556.60474,0.27830237
RP_0125,RP,autumn,11,5.5,605.21265,0.3026063
RP_0125,RP,autumn,12,6.0,623.5651,0.31178257
RP_0125,RP,autumn,13,6.5,795.7888,0.3978944
RP_0125,RP,autumn,14,7.0,922.4793,0.46123967
RP_0125,RP,autumn,15,7.5,1005.21295,0.50260645
RP_0125,RP,autumn,16,8.0,923.88904,0.46194452
RP_0125,RP,autumn,17,8.5,735.2517,0.36762586
RP_0125,RP,autumn,18,9.0,634.7615,0.31738073
RP_0125,RP,autumn,19,9.5,581.4225,0.29071125
RP_0125,RP,autumn,20,10.0,613.8035,0.30690175
RP_0125,RP,autumn,21,10.5,518.8543,0.25942716
RP_0125,RP,autumn,22,11.0,551.2615,0.27563074
RP_0125,RP,autumn,23,11.5,577.06696,0.28853348
RP_0125,RP,autumn,24,12.0,815.13855,0.4075693
RP_0125,RP,autumn,25,12.5,1076.3584,0.5381792
RP_0125,RP,autumn,26,13.0,1140.1644,0.5700822
RP_0125,RP,autumn,27,13.5,823.3132,0.4116566
RP_0125,RP,autumn,28,14.0,662.36346,0.33118173
RP_0125,RP,autumn,29,14.5,548.39197,0.27419597
RP_0125,RP,autumn,30,15.0,496.00378,0.24800189
RP_0125,RP,autumn,31,15.5,464.3023,0.23215115
RP_0125,RP,autumn,32,16.0,449.52155,0.22476077
RP_0125,RP,autumn,33,16.5,432.99844,0.21649922
RP_0125,RP,autumn,34,17.0,478.2787,0.23913935
RP_0125,RP,autumn,35,17.5,484.85477,0.24242738
RP_0125,RP,autumn,36,18.0,566.3935,0.28319675
RP_0125,RP,autumn,37,18.5,666.0887,0.33304435
RP_0125,RP,autumn,38,19.0,789.9901,0.39499506
RP_0125,RP,autumn,39,19.5,800.7709,0.40038544
RP_0125,RP,autumn,40,20.0,765.6345,0.38281727
RP_0125,RP,autumn,41,20.5,704.4336,0.3522168
RP_0125,RP,autumn,42,21.0,715.3372,0.3576686
RP_0125,RP,autumn,43,21.5,640.8545,0.32042724
RP_0125,RP,autumn,44,22.0,645.3361,0.32266805
RP_0125,RP,autumn,45,22.5,592.39026,0.29619512
RP_0125,RP,autumn,46,23.0,512.4116,0.2562058
RP_0125,RP,autumn,47,23.5,463.84238,0.23192118
RP_0126,RP,autumn,0,0.0,377.25058,0.18862529
RP_0126,RP,autumn,1,0.5,376.1739,0.18808694
RP_0126,RP,autumn,2,1.0,395.67245,0.19783622
RP_0126,RP,autumn,3,1.5,450.9759,0.22548795
RP_0126,RP,autumn,4,2.0,487.88358,0.24394178
RP_0126,RP,autumn,5,2.5,463.94724,0.23197362
RP_0126,RP,autumn,6,3.0,531.429,0.2657145
RP_0126,RP,autumn,7,3.5,549.11707,0.27455854
RP_0126,RP,autumn,8,4.0,611.388,0.305694
RP_0126,RP,autumn,9,4.5,588.6938,0.2943469
RP_0126,RP,autumn,10,5.0,562.78204,0.28139102
RP_0126,RP,autumn,11,5.5,482.73773,0.24136886
RP_0126,RP,autumn,12,6.0,523.6919,0.26184595
RP_0126,RP,autumn,13,6.5,454.00717,0.22700359
RP_0126,RP,autumn,14,7.0,400.2913,0.20014565
RP_0126,RP,autumn,15,7.5,363.09216,0.18154608
RP_0126,RP,autumn,16,8.0,391.63385,0.19581692
RP_0126,RP,autumn,17,8.5,392.7184,0.1963592
RP_0126,RP,autumn,18,9.0,392.49997,0.19624999
RP_0126,RP,autumn,19,9.5,401.7142,0.2008571
RP_0126,RP,autumn,20,10.0,458.0961,0.22904804
RP_0126,RP,autumn,21,10.5,470.60815,0.23530407
RP_0126,RP,autumn,22,11.0,543.491,0.2717455
RP_0126,RP,autumn,23,11.5,584.7538,0.2923769
RP_0126,RP,autumn,24,12.0,605.7763,0.30288815
RP_0126,RP,autumn,25,12.5,533.8198,0.2669099
RP_0126,RP,autumn,26,13.0,469.82666,0.23491333
RP_0126,RP,autumn,27,13.5,439.3976,0.2196988
RP_0126,RP,autumn,28,14.0,460.79404,0.23039702
RP_0126,RP,autumn,29,14.5,451.61603,0.22580801
RP_0126,RP,autumn,30,15.0,505.78915,0.25289458
RP_0126,RP,autumn,31,15.5,490.4933,0.24524665
RP_0126,RP,autumn,32,16.0,496.28638,0.24814318
RP_0126,RP,autumn,33,16.5,449.56174,0.22478087
RP_0126,RP,autumn,34,17.0,492.9812,0.2464906
RP_0126,RP,autumn,35,17.5,513.2147,0.25660735
RP_0126,RP,autumn,36,18.0,626.9557,0.31347784
RP_0126,RP,autumn,37,18.5,638.67175,0.31933588
RP_0126,RP,autumn,38,19.0,646.8375,0.32341877
RP_0126,RP,autumn,39,19.5,573.1529,0.28657645
RP_0126,RP,autumn,40,20.0,537.3949,0.26869744
RP_0126,RP,autumn,41,20.5,481.76025,0.24088013
RP_0126,RP,autumn,42,21.0,457.13477,0.22856738
RP_0126,RP,autumn,43,21.5,407.28357,0.20364179
RP_0126,RP,autumn,44,22.0,386.71088,0.19335544
RP_0126,RP,autumn,45,22.5,335.47018,0.16773508
RP_0126,RP,autumn,46,23.0,319.49188,0.15974595
RP_0126,RP,autumn,47,23.5,302.33173,0.15116586
RP_0127,RP,summer,0,0.0,159.69472,0.07984736
RP_0127,RP,summer,1,0.5,134.40158,0.06720079
RP_0127,RP,summer,2,1.0,111.72855,0.05586428
RP_0127,RP,summer,3,1.5,99.41701,0.049708504
RP_0127,RP,summer,4,2.0,126.521835,0.06326092
RP_0127,RP,summer,5,2.5,82.39635,0.04119817
RP_0127,RP,summer,6,3.0,85.4162,0.0427081
RP_0127,RP,summer,7,3.5,99.14455,0.049572274
RP_0127,RP,summer,8,4.0,85.0271,0.04251355
RP_0127,RP,summer,9,4.5,78.49899,0.039249495
RP_0127,RP,summer,10,5.0,74.716805,0.037358403
RP_0127,RP,summer,11,5.5,71.09692,0.03554846
RP_0127,RP,summer,12,6.0,49.556713,0.024778357
RP_0127,RP,summer,13,6.5,41.517147,0.020758573
RP_0127,RP,summer,14,7.0,26.112411,0.013056206
RP_0127,RP,summer,15,7.5,14.262899,0.00713145
RP_0127,RP,summer,16,8.0,5.207599,0.0026037996
RP_0127,RP,summer,17,8.5,3.8147717,0.0019073858
RP_0127,RP,summer,18,9.0,2.7614527,0.0013807263
RP_0127,RP,summer,19,9.5,4.9012737,0.0024506368
RP_0127,RP,summer,20,10.0,4.2208905,0.0021104452
RP_0127,RP,summer,21,10.5,3.128954,0.001564477
RP_0127,RP,summer,22,11.0,5.726354,0.002863177
RP_0127,RP,summer,23,11.5,4.0109434,0.0020054716
RP_0127,RP,summer,24,12.0,3.7779112,0.0018889556
RP_0127,RP,summer,25,12.5,1.8235173,0.0009117587
RP_0127,RP,summer,26,13.0,4.7754607,0.0023877304
RP_0127,RP,summer,27,13.5,2.784028,0.001392014
RP_0127,RP,summer,28,14.0,3.171661,0.0015858305
RP_0127,RP,summer,29,14.5,2.9517646,0.0014758823
RP_0127,RP,summer,30,15.0,3.3874068,0.0016937035
RP_0127,RP,summer,31,15.5,9.026392,0.004513196
RP_0127,RP,summer,32,16.0,12.175976,0.0060879877
RP_0127,RP,summer,33,16.5,12.965064,0.0064825322
RP_0127,RP,summer,34,17.0,10.821057,0.0054105287
RP_0127,RP,summer,35,17.5,10.46463,0.005232315
RP_0127,RP,summer,36,18.0,12.499949,0.006249975
RP_0127,RP,summer,37,18.5,21.434063,0.010717032
RP_0127,RP,summer,38,19.0,12.382478,0.0061912388
RP_0127,RP,summer,39,19.5,22.52859,0.011264294
RP_0127,RP,summer,40,20.0,31.064838,0.015532419
RP_0127,RP,summer,41,20.5,38.376507,0.019188253
RP_0127,RP,summer,42,21.0,34.96993,0.017484965
RP_0127,RP,summer,43,21.5,40.525467,0.020262733
RP_0127,RP,summer,44,22.0,48.45341,0.024226706
RP_0127,RP,summer,45,22.5,41.48368,0.02074184
RP_0127,RP,summer,46,23.0,47.857685,0.023928843
RP_0127,RP,summer,47,23.5,96.50383,0.048251916
RP_0128,RP,spring,0,0.0,246.18584,0.12309292
RP_0128,RP,spring,1,0.5,261.79416,0.13089707
RP_0128,RP,spring,2,1.0,458.13422,0.2290671
RP_0128,RP,spring,3,1.5,1195.2391,0.5976196
RP_0128,RP,spring,4,2.0,2042.0247,1.0210123
RP_0128,RP,spring,5,2.5,1628.9305,0.8144653
RP_0128,RP,spring,6,3.0,1151.2698,0.5756349
RP_0128,RP,spring,7,3.5,899.812,0.449906
RP_0128,RP,spring,8,4.0,637.00757,0.3185038
RP_0128,RP,spring,9,4.5,482.27823,0.24113911
RP_0128,RP,spring,10,5.0,475.2719,0.23763596
RP_0128,RP,spring,11,5.5,446.87817,0.22343908
RP_0128,RP,spring,12,6.0,549.8491,0.27492455
RP_0128,RP,spring,13,6.5,605.5513,0.30277562
RP_0128,RP,spring,14,7.0,631.6524,0.3158262
RP_0128,RP,spring,15,7.5,616.0394,0.30801973
RP_0128,RP,spring,16,8.0,533.86346,0.26693174
RP_0128,RP,spring,17,8.5,431.45117,0.21572559
RP_0128,RP,spring,18,9.0,455.99475,0.22799738
RP_0128,RP,spring,19,9.5,415.70963,0.2078548
RP_0128,RP,spring,20,10.0,424.68088,0.21234044
RP_0128,RP,spring,21,10.5,451.4626,0.2257313
RP_0128,RP,spring,22,11.0,449.8828,0.2249414
RP_0128,RP,spring,23,11.5,454.11783,0.22705892
RP_0128,RP,spring,24,12.0,549.2836,0.2746418
RP_0128,RP,spring,25,12.5,466.45477,0.23322739
RP_0128,RP,spring,26,13.0,483.043,0.2415215
RP_0128,RP,spring,27,13.5,363.35947,0.18167974
RP_0128,RP,spring,28,14.0,345.98526,0.17299263
RP_0128,RP,spring,29,14.5,332.13364,0.16606683
RP_0128,RP,spring,30,15.0,368.3142,0.1841571
RP_0128,RP,spring,31,15.5,334.5878,0.1672939
RP_0128,RP,spring,32,16.0,318.25992,0.15912996
RP_0128,RP,spring,33,16.5,317.35767,0.15867883
RP_0128,RP,spring,34,17.0,359.37924,0.17968962
RP_0128,RP,spring,35,17.5,413.98013,0.20699006
RP_0128,RP,spring,36,18.0,422.33038,0.21116519
RP_0128,RP,spring,37,18.5,512.8677,0.25643384
RP_0128,RP,spring,38,19.0,532.62994,0.26631498
RP_0128,RP,spring,39,19.5,584.261,0.2921305
RP_0128,RP,spring,40,20.0,550.2238,0.2751119
RP_0128,RP,spring,41,20.5,443.53137,0.22176568
RP_0128,RP,spring,42,21.0,435.79477,0.21789739
RP_0128,RP,spring,43,21.5,377.03384,0.18851691
RP_0128,RP,spring,44,22.0,365.04828,0.18252414
RP_0128,RP,spring,45,22.5,290.12558,0.14506279
RP_0128,RP,spring,46,23.0,268.285,0.1341425
RP_0128,RP,spring,47,23.5,233.33179,0.11666589
RP_0129,RP,spring,0,0.0,2304.0044,1.1520022
RP_0129,RP,spring,1,0.5,2251.056,1.125528
RP_0129,RP,spring,2,1.0,1147.8853,0.5739426
RP_0129,RP,spring,3,1.5,763.79395,0.38189697
RP_0129,RP,spring,4,2.0,639.11786,0.31955892
RP_0129,RP,spring,5,2.5,405.20148,0.20260073
RP_0129,RP,spring,6,3.0,417.2606,0.2086303
RP_0129,RP,spring,7,3.5,377.93262,0.1889663
RP_0129,RP,spring,8,4.0,316.67484,0.15833741
RP_0129,RP,spring,9,4.5,333.98187,0.16699094
RP_0129,RP,spring,10,5.0,258.05853,0.12902926
RP_0129,RP,spring,11,5.5,279.95822,0.13997911
RP_0129,RP,spring,12,6.0,233.8207,0.116910346
RP_0129,RP,spring,13,6.5,235.24886,0.117624424
RP_0129,RP,spring,14,7.0,169.85175,0.084925875
RP_0129,RP,spring,15,7.5,160.0197,0.08000985
RP_0129,RP,spring,16,8.0,107.604324,0.053802162
RP_0129,RP,spring,17,8.5,134.4984,0.0672492
RP_0129,RP,spring,18,9.0,85.55393,0.042776965
RP_0129,RP,spring,19,9.5,109.74699,0.054873493
RP_0129,RP,spring,20,10.0,126.54902,0.06327451
RP_0129,RP,spring,21,10.5,93.017586,0.046508793
RP_0129,RP,spring,22,11.0,80.056725,0.040028363
RP_0129,RP,spring,23,11.5,146.28418,0.07314209
RP_0129,RP,spring,24,12.0,167.8665,0.08393325
RP_0129,RP,spring,25,12.5,246.1202,0.1230601
RP_0129,RP,spring,26,13.0,127.28346,0.063641734
RP_0129,RP,spring,27,13.5,35.20719,0.017603595
RP_0129,RP,spring,28,14.0,8.212902,0.004106451
RP_0129,RP,spring,29,14.5,3.8723955,0.0019361977
RP_0129,RP,spring,30,15.0,15.302549,0.0076512746
RP_0129,RP,spring,31,15.5,25.519732,0.012759866
RP_0129,RP,spring,32,16.0,12.68938,0.00634469
RP_0129,RP,spring,33,16.5,14.00333,0.007001665
RP_0129,RP,spring,34,17.0,20.150826,0.010075413
RP_0129,RP,spring,35,17.5,60.435223,0.030217612
RP_0129,RP,spring,36,18.0,75.27868,0.03763934
RP_0129,RP,spring,37,18.5,113.9778,0.0569889
RP_0129,RP,spring,38,19.0,113.2299,0.056614947
RP_0129,RP,spring,39,19.5,174.90488,0.08745244
RP_0129,RP,spring,40,20.0,271.26834,0.13563417
RP_0129,RP,spring,41,20.5,247.65492,0.123827465
RP_0129,RP,spring,42,21.0,524.4543,0.26222715
RP_0129,RP,spring,43,21.5,963.5992,0.4817996
RP_0129,RP,spring,44,22.0,2625.4834,1.3127418
RP_0129,RP,spring,45,22.5,2917.1592,1.4585795
RP_0129,RP,spring,46,23.0,2448.7295,1.2243648
RP_0129,RP,spring,47,23.5,1875.2076,0.93760383
RP_0130,RP,winter,0,0.0,396.6641,0.19833204
RP_0130,RP,winter,1,0.5,588.7911,0.29439554
RP_0130,RP,winter,2,1.0,1116.361,0.55818045
RP_0130,RP,winter,3,1.5,1532.3152,0.76615757
RP_0130,RP,winter,4,2.0,1514.0801,0.75704
RP_0130,RP,winter,5,2.5,980.55096,0.49027547
RP_0130,RP,winter,6,3.0,835.16785,0.4175839
RP_0130,RP,winter,7,3.5,752.7132,0.3763566
RP_0130,RP,winter,8,4.0,627.96466,0.31398234
RP_0130,RP,winter,9,4.5,560.15466,0.28007734
RP_0130,RP,winter,10,5.0,565.92615,0.28296307
RP_0130,RP,winter,11,5.5,497.17282,0.24858642
RP_0130,RP,winter,12,6.0,643.20996,0.32160497
RP_0130,RP,winter,13,6.5,762.00183,0.3810009
RP_0130,RP,winter,14,7.0,804.5682,0.4022841
RP_0130,RP,winter,15,7.5,694.4005,0.34720024
RP_0130,RP,winter,16,8.0,757.7323,0.37886614
RP_0130,RP,winter,17,8.5,651.9289,0.32596445
RP_0130,RP,winter,18,9.0,726.4181,0.36320904
RP_0130,RP,winter,19,9.5,593.0219,0.29651096
RP_0130,RP,winter,20,10.0,645.822,0.32291102
RP_0130,RP,winter,21,10.5,598.8965,0.29944825
RP_0130,RP,winter,22,11.0,641.1683,0.32058415
RP_0130,RP,winter,23,11.5,586.3357,0.29316786
RP_0130,RP,winter,24,12.0,665.69214,0.33284608
RP_0130,RP,winter,25,12.5,471.0921,0.23554605
RP_0130,RP,winter,26,13.0,354.58252,0.17729126
RP_0130,RP,winter,27,13.5,231.3825,0.11569125
RP_0130,RP,winter,28,14.0,173.8585,0.086929254
RP_0130,RP,winter,29,14.5,166.54341,0.083271705
RP_0130,RP,winter,30,15.0,145.34003,0.07267001
RP_0130,RP,winter,31,15.5,140.31435,0.07015717
RP_0130,RP,winter,32,16.0,135.36937,0.06768469
RP_0130,RP,winter,33,16.5,187.238,0.093619004
RP_0130,RP,winter,34,17.0,223.03201,0.11151601
RP_0130,RP,winter,35,17.5,247.72513,0.123862565
RP_0130,RP,winter,36,18.0,273.1315,0.13656574
RP_0130,RP,winter,37,18.5,332.06232,0.16603115
RP_0130,RP,winter,38,19.0,394.25168,0.19712584
RP_0130,RP,winter,39,19.5,354.03207,0.17701603
RP_0130,RP,winter,40,20.0,357.67297,0.17883648
RP_0130,RP,winter,41,20.5,359.2236,0.1796118
RP_0130,RP,winter,42,21.0,342.62878,0.17131439
RP_0130,RP,winter,43,21.5,264.97153,0.13248576
RP_0130,RP,winter,44,22.0,267.35352,0.13367675
RP_0130,RP,winter,45,22.5,257.6618,0.1288309
RP_0130,RP,winter,46,23.0,254.0782,0.1270391
RP_0130,RP,winter,47,23.5,213.99515,0.10699757
RP_0131,RP,summer,0,0.0,618.7591,0.30937955
RP_0131,RP,summer,1,0.5,465.8088,0.2329044
RP_0131,RP,summer,2,1.0,473.88022,0.23694012
RP_0131,RP,summer,3,1.5,437.72083,0.21886042
RP_0131,RP,summer,4,2.0,388.1352,0.1940676
RP_0131,RP,summer,5,2.5,459.3037,0.22965185
RP_0131,RP,summer,6,3.0,401.06796,0.20053399
RP_0131,RP,summer,7,3.5,481.1136,0.24055679
RP_0131,RP,summer,8,4.0,493.30377,0.24665189
RP_0131,RP,summer,9,4.5,400.47522,0.20023762
RP_0131,RP,summer,10,5.0,568.9076,0.2844538
RP_0131,RP,summer,11,5.5,346.17706,0.17308854
RP_0131,RP,summer,12,6.0,267.7642,0.13388209
RP_0131,RP,summer,13,6.5,188.66516,0.09433258
RP_0131,RP,summer,14,7.0,151.38374,0.07569187
RP_0131,RP,summer,15,7.5,149.33821,0.07466911
RP_0131,RP,summer,16,8.0,331.5551,0.16577756
RP_0131,RP,summer,17,8.5,143.2878,0.0716439
RP_0131,RP,summer,18,9.0,24.059307,0.012029653
RP_0131,RP,summer,19,9.5,4.904295,0.0024521474
RP_0131,RP,summer,20,10.0,3.1674018,0.0015837009
RP_0131,RP,summer,21,10.5,0.050613318,2.530666e-05
RP_0131,RP,summer,22,11.0,0.060642738,3.032137e-05
RP_0131,RP,summer,23,11.5,0.0,0.0
RP_0131,RP,summer,24,12.0,0.0,0.0
RP_0131,RP,summer,25,12.5,0.825217,0.0004126085
RP_0131,RP,summer,26,13.0,0.09601775,4.8008875e-05
RP_0131,RP,summer,27,13.5,0.0,0.0
RP_0131,RP,summer,28,14.0,0.0,0.0
RP_0131,RP,summer,29,14.5,0.0,0.0
RP_0131,RP,summer,30,15.0,0.117362484,5.8681242e-05
RP_0131,RP,summer,31,15.5,0.0,0.0
RP_0131,RP,summer,32,16.0,0.0,0.0
RP_0131,RP,summer,33,16.5,0.0,0.0
RP_0131,RP,summer,34,17.0,0.0,0.0
RP_0131,RP,summer,35,17.5,7.2230625,0.0036115313
RP_0131,RP,summer,36,18.0,189.77365,0.094886824
RP_0131,RP,summer,37,18.5,481.97644,0.24098822
RP_0131,RP,summer,38,19.0,454.16513,0.22708257
RP_0131,RP,summer,39,19.5,459.03842,0.22951922
RP_0131,RP,summer,40,20.0,832.2404,0.4161202
RP_0131,RP,summer,41,20.5,1812.0342,0.90601707
RP_0131,RP,summer,42,21.0,1476.5372,0.7382686
RP_0131,RP,summer,43,21.5,1393.8158,0.6969079
RP_0131,RP,summer,44,22.0,1314.9767,0.65748835
RP_0131,RP,summer,45,22.5,1543.7598,0.7718799
RP_0131,RP,summer,46,23.0,1431.7284,0.7158642
RP_0131,RP,summer,47,23.5,970.5316,0.48526582
RP_0132,RP,summer,0,0.0,1780.1508,0.8900754
RP_0132,RP,summer,1,0.5,1169.8558,0.5849279
RP_0132,RP,summer,2,1.0,713.8768,0.3569384
RP_0132,RP,summer,3,1.5,350.38824,0.17519413
RP_0132,RP,summer,4,2.0,208.25877,0.10412939
RP_0132,RP,summer,5,2.5,186.43977,0.093219884
RP_0132,RP,summer,6,3.0,196.64647,0.09832323
RP_0132,RP,summer,7,3.5,155.35376,0.07767688
RP_0132,RP,summer,8,4.0,149.07892,0.07453946
RP_0132,RP,summer,9,4.5,189.49123,0.09474561
RP_0132,RP,summer,10,5.0,174.05356,0.08702678
RP_0132,RP,summer,11,5.5,180.19046,0.09009523
RP_0132,RP,summer,12,6.0,152.10306,0.076051526
RP_0132,RP,summer,13,6.5,154.10329,0.07705165
RP_0132,RP,summer,14,7.0,142.59854,0.07129927
RP_0132,RP,summer,15,7.5,151.33224,0.07566612
RP_0132,RP,summer,16,8.0,162.81952,0.08140976
RP_0132,RP,summer,17,8.5,186.17647,0.09308823
RP_0132,RP,summer,18,9.0,172.4908,0.0862454
RP_0132,RP,summer,19,9.5,199.73329,0.09986664
RP_0132,RP,summer,20,10.0,196.44159,0.098220795
RP_0132,RP,summer,21,10.5,161.97098,0.08098549
RP_0132,RP,summer,22,11.0,146.15895,0.073079474
RP_0132,RP,summer,23,11.5,205.89551,0.10294776
RP_0132,RP,summer,24,12.0,199.01175,0.09950587
RP_0132,RP,summer,25,12.5,189.94785,0.09497392
RP_0132,RP,summer,26,13.0,236.51994,0.118259974
RP_0132,RP,summer,27,13.5,183.08539,0.09154269
RP_0132,RP,summer,28,14.0,162.03828,0.08101914
RP_0132,RP,summer,29,14.5,146.72984,0.07336492
RP_0132,RP,summer,30,15.0,156.69928,0.07834964
RP_0132,RP,summer,31,15.5,123.06925,0.061534625
RP_0132,RP,summer,32,16.0,147.26186,0.07363093
RP_0132,RP,summer,33,16.5,139.29094,0.06964547
RP_0132,RP,summer,34,17.0,131.71053,0.065855265
RP_0132,RP,summer,35,17.5,174.0594,0.0870297
RP_0132,RP,summer,36,18.0,176.01065,0.08800533
RP_0132,RP,summer,37,18.5,160.07231,0.080036156
RP_0132,RP,summer,38,19.0,182.32994,0.09116497
RP_0132,RP,summer,39,19.5,254.17943,0.12708971
RP_0132,RP,summer,40,20.0,227.32965,0.11366483
RP_0132,RP,summer,41,20.5,228.116,0.114057995
RP_0132,RP,summer,42,21.0,260.8273,0.13041365
RP_0132,RP,summer,43,21.5,207.03108,0.10351554
RP_0132,RP,summer,44,22.0,304.76752,0.15238376
RP_0132,RP,summer,45,22.5,382.8329,0.19141644
RP_0132,RP,summer,46,23.0,583.0112,0.2915056
RP_0132,RP,summer,47,23.5,1241.8579,0.62092894
RP_0133,RP,spring,0,0.0,205.40233,0.102701165
RP_0133,RP,spring,1,0.5,197.00644,0.09850322
RP_0133,RP,spring,2,1.0,199.95079,0.09997539
RP_0133,RP,spring,3,1.5,247.59552,0.12379776
RP_0133,RP,spring,4,2.0,302.91794,0.15145896
RP_0133,RP,spring,5,2.5,329.48254,0.16474128
RP_0133,RP,spring,6,3.0,354.5281,0.17726405
RP_0133,RP,spring,7,3.5,297.0476,0.14852381
RP_0133,RP,spring,8,4.0,307.40765,0.15370382
RP_0133,RP,spring,9,4.5,254.38708,0.12719354
RP_0133,RP,spring,10,5.0,256.33194,0.12816598
RP_0133,RP,spring,11,5.5,252.03441,0.1260172
RP_0133,RP,spring,12,6.0,292.297,0.1461485
RP_0133,RP,spring,13,6.5,338.80096,0.16940048
RP_0133,RP,spring,14,7.0,546.20496,0.2731025
RP_0133,RP,spring,15,7.5,667.1896,0.3335948
RP_0133,RP,spring,16,8.0,683.10114,0.34155056
RP_0133,RP,spring,17,8.5,531.21075,0.2656054
RP_0133,RP,spring,18,9.0,481.8864,0.24094321
RP_0133,RP,spring,19,9.5,387.07654,0.19353826
RP_0133,RP,spring,20,10.0,328.72275,0.16436137
RP_0133,RP,spring,21,10.5,299.4736,0.1497368
RP_0133,RP,spring,22,11.0,283.56873,0.14178437
RP_0133,RP,spring,23,11.5,272.4607,0.13623035
RP_0133,RP,spring,24,12.0,286.11603,0.14305802
RP_0133,RP,spring,25,12.5,246.3035,0.12315175
RP_0133,RP,spring,26,13.0,276.06268,0.13803135
RP_0133,RP,spring,27,13.5,265.8155,0.13290775
RP_0133,RP,spring,28,14.0,265.12097,0.13256049
RP_0133,RP,spring,29,14.5,276.5493,0.13827464
RP_0133,RP,spring,30,15.0,292.64755,0.14632377
RP_0133,RP,spring,31,15.5,273.9552,0.1369776
RP_0133,RP,spring,32,16.0,275.58667,0.13779333
RP_0133,RP,spring,33,16.5,262.82523,0.13141261
RP_0133,RP,spring,34,17.0,280.61102,0.1403055
RP_0133,RP,spring,35,17.5,343.88373,0.17194186
RP_0133,RP,spring,36,18.0,386.4248,0.1932124
RP_0133,RP,spring,37,18.5,474.0462,0.2370231
RP_0133,RP,spring,38,19.0,600.4076,0.3002038
RP_0133,RP,spring,39,19.5,653.4852,0.32674262
RP_0133,RP,spring,40,20.0,636.3602,0.3181801
RP_0133,RP,spring,41,20.5,492.0773,0.24603865
RP_0133,RP,spring,42,21.0,464.85977,0.23242989
RP_0133,RP,spring,43,21.5,363.1243,0.18156216
RP_0133,RP,spring,44,22.0,318.8136,0.1594068
RP_0133,RP,spring,45,22.5,253.7171,0.12685855
RP_0133,RP,spring,46,23.0,252.40666,0.12620333
RP_0133,RP,spring,47,23.5,208.75758,0.10437879
RP_0134,RP,spring,0,0.0,244.50104,0.12225052
RP_0134,RP,spring,1,0.5,231.32777,0.115663886
RP_0134,RP,spring,2,1.0,223.3692,0.1116846
RP_0134,RP,spring,3,1.5,270.43845,0.13521922
RP_0134,RP,spring,4,2.0,269.12766,0.13456383
RP_0134,RP,spring,5,2.5,261.31055,0.13065527
RP_0134,RP,spring,6,3.0,264.69482,0.1323474
RP_0134,RP,spring,7,3.5,270.97534,0.13548768
RP_0134,RP,spring,8,4.0,266.2209,0.13311045
RP_0134,RP,spring,9,4.5,260.2439,0.13012195
RP_0134,RP,spring,10,5.0,272.3895,0.13619475
RP_0134,RP,spring,11,5.5,265.67648,0.13283823
RP_0134,RP,spring,12,6.0,286.14792,0.14307396
RP_0134,RP,spring,13,6.5,286.44888,0.14322445
RP_0134,RP,spring,14,7.0,275.98038,0.13799019
RP_0134,RP,spring,15,7.5,296.4201,0.14821005
RP_0134,RP,spring,16,8.0,341.29855,0.17064928
RP_0134,RP,spring,17,8.5,310.28455,0.15514228
RP_0134,RP,spring,18,9.0,297.88315,0.14894158
RP_0134,RP,spring,19,9.5,318.05322,0.15902661
RP_0134,RP,spring,20,10.0,297.5325,0.14876625
RP_0134,RP,spring,21,10.5,321.05463,0.16052732
RP_0134,RP,spring,22,11.0,332.02643,0.16601321
RP_0134,RP,spring,23,11.5,331.49582,0.16574791
RP_0134,RP,spring,24,12.0,336.68387,0.16834193
RP_0134,RP,spring,25,12.5,275.73257,0.13786629
RP_0134,RP,spring,26,13.0,294.62836,0.14731418
RP_0134,RP,spring,27,13.5,255.30157,0.12765078
RP_0134,RP,spring,28,14.0,250.0988,0.1250494
RP_0134,RP,spring,29,14.5,412.16187,0.20608093
RP_0134,RP,spring,30,15.0,677.3587,0.33867934
RP_0134,RP,spring,31,15.5,720.34814,0.36017406
RP_0134,RP,spring,32,16.0,540.6712,0.2703356
RP_0134,RP,spring,33,16.5,419.3646,0.2096823
RP_0134,RP,spring,34,17.0,337.47687,0.16873844
RP_0134,RP,spring,35,17.5,276.42184,0.13821092
RP_0134,RP,spring,36,18.0,250.92404,0.12546203
RP_0134,RP,spring,37,18.5,279.0503,0.13952515
RP_0134,RP,spring,38,19.0,266.44067,0.13322033
RP_0134,RP,spring,39,19.5,272.27206,0.13613603
RP_0134,RP,spring,40,20.0,254.5808,0.1272904
RP_0134,RP,spring,41,20.5,261.69608,0.13084804
RP_0134,RP,spring,42,21.0,282.47348,0.14123674
RP_0134,RP,spring,43,21.5,250.78893,0.12539446
RP_0134,RP,spring,44,22.0,255.3793,0.12768964
RP_0134,RP,spring,45,22.5,243.6329,0.12181645
RP_0134,RP,spring,46,23.0,239.75468,0.119877346
RP_0134,RP,spring,47,23.5,236.29025,0.11814512
RP_0135,RP,spring,0,0.0,388.9709,0.19448544
RP_0135,RP,spring,1,0.5,384.09396,0.19204699
RP_0135,RP,spring,2,1.0,358.57114,0.17928557
RP_0135,RP,spring,3,1.5,332.4084,0.1662042
RP_0135,RP,spring,4,2.0,362.75708,0.18137854
RP_0135,RP,spring,5,2.5,377.19412,0.18859707
RP_0135,RP,spring,6,3.0,691.2004,0.3456002
RP_0135,RP,spring,7,3.5,1141.8302,0.5709151
RP_0135,RP,spring,8,4.0,1653.4185,0.8267092
RP_0135,RP,spring,9,4.5,1774.5812,0.8872906
RP_0135,RP,spring,10,5.0,2386.4595,1.1932298
RP_0135,RP,spring,11,5.5,2026.6825,1.0133412
RP_0135,RP,spring,12,6.0,2027.9777,1.0139889
RP_0135,RP,spring,13,6.5,1654.6764,0.8273382
RP_0135,RP,spring,14,7.0,1641.6406,0.82082033
RP_0135,RP,spring,15,7.5,1371.9005,0.6859503
RP_0135,RP,spring,16,8.0,1411.253,0.70562655
RP_0135,RP,spring,17,8.5,1166.297,0.5831485
RP_0135,RP,spring,18,9.0,1089.8135,0.54490674
RP_0135,RP,spring,19,9.5,1337.7448,0.66887236
RP_0135,RP,spring,20,10.0,1477.3082,0.73865414
RP_0135,RP,spring,21,10.5,1165.1565,0.58257824
RP_0135,RP,spring,22,11.0,1368.2172,0.68410856
RP_0135,RP,spring,23,11.5,980.2969,0.49014843
RP_0135,RP,spring,24,12.0,567.4,0.28370002
RP_0135,RP,spring,25,12.5,341.2302,0.17061509
RP_0135,RP,spring,26,13.0,333.5038,0.1667519
RP_0135,RP,spring,27,13.5,253.54031,0.12677015
RP_0135,RP,spring,28,14.0,280.7244,0.1403622
RP_0135,RP,spring,29,14.5,272.82434,0.13641217
RP_0135,RP,spring,30,15.0,479.1621,0.23958105
RP_0135,RP,spring,31,15.5,649.2664,0.3246332
RP_0135,RP,spring,32,16.0,948.37146,0.47418573
RP_0135,RP,spring,33,16.5,1080.589,0.54029447
RP_0135,RP,spring,34,17.0,1354.8695,0.67743474
RP_0135,RP,spring,35,17.5,1855.6566,0.9278283
RP_0135,RP,spring,36,18.0,1878.0736,0.9390368
RP_0135,RP,spring,37,18.5,2382.0725,1.1910362
RP_0135,RP,spring,38,19.0,2194.4407,1.0972203
RP_0135,RP,spring,39,19.5,1765.7471,0.88287354
RP_0135,RP,spring,40,20.0,1943.2153,0.9716077
RP_0135,RP,spring,41,20.5,1800.8439,0.9004219
RP_0135,RP,spring,42,21.0,1528.0599,0.76403
RP_0135,RP,spring,43,21.5,1098.0271,0.54901356
RP_0135,RP,spring,44,22.0,1051.4933,0.52574664
RP_0135,RP,spring,45,22.5,878.49457,0.43924728
RP_0135,RP,spring,46,23.0,525.6435,0.26282173
RP_0135,RP,spring,47,23.5,477.14395,0.23857197
RP_0136,RP,summer,0,0.0,514.6664,0.2573332
RP_0136,RP,summer,1,0.5,363.70416,0.18185209
RP_0136,RP,summer,2,1.0,324.10687,0.16205344
RP_0136,RP,summer,3,1.5,317.08954,0.15854476
RP_0136,RP,summer,4,2.0,315.3835,0.15769176
RP_0136,RP,summer,5,2.5,303.95764,0.15197882
RP_0136,RP,summer,6,3.0,285.53598,0.142768
RP_0136,RP,summer,7,3.5,294.93878,0.14746939
RP_0136,RP,summer,8,4.0,346.9092,0.17345461
RP_0136,RP,summer,9,4.5,297.5833,0.14879166
RP_0136,RP,summer,10,5.0,335.75092,0.16787545
RP_0136,RP,summer,11,5.5,347.20963,0.17360482
RP_0136,RP,summer,12,6.0,399.42233,0.19971117
RP_0136,RP,summer,13,6.5,483.78284,0.24189141
RP_0136,RP,summer,14,7.0,536.84094,0.26842046
RP_0136,RP,summer,15,7.5,535.48596,0.267743
RP_0136,RP,summer,16,8.0,547.8787,0.27393937
RP_0136,RP,summer,17,8.5,551.5865,0.27579325
RP_0136,RP,summer,18,9.0,574.4266,0.2872133
RP_0136,RP,summer,19,9.5,525.8899,0.26294494
RP_0136,RP,summer,20,10.0,435.2488,0.21762441
RP_0136,RP,summer,21,10.5,453.3277,0.22666384
RP_0136,RP,summer,22,11.0,461.24234,0.23062117
RP_0136,RP,summer,23,11.5,489.14545,0.24457273
RP_0136,RP,summer,24,12.0,476.84082,0.23842041
RP_0136,RP,summer,25,12.5,418.7523,0.20937614
RP_0136,RP,summer,26,13.0,447.0025,0.22350125
RP_0136,RP,summer,27,13.5,453.12302,0.2265615
RP_0136,RP,summer,28,14.0,491.14243,0.24557121
RP_0136,RP,summer,29,14.5,533.6021,0.26680106
RP_0136,RP,summer,30,15.0,694.9528,0.34747642
RP_0136,RP,summer,31,15.5,873.4368,0.4367184
RP_0136,RP,summer,32,16.0,684.70435,0.34235218
RP_0136,RP,summer,33,16.5,550.151,0.2750755
RP_0136,RP,summer,34,17.0,458.76364,0.22938181
RP_0136,RP,summer,35,17.5,401.4844,0.2007422
RP_0136,RP,summer,36,18.0,318.4478,0.15922391
RP_0136,RP,summer,37,18.5,289.00482,0.14450242
RP_0136,RP,summer,38,19.0,254.84697,0.12742348
RP_0136,RP,summer,39,19.5,271.3391,0.13566956
RP_0136,RP,summer,40,20.0,304.49747,0.15224874
RP_0136,RP,summer,41,20.5,290.6914,0.1453457
RP_0136,RP,summer,42,21.0,280.77838,0.14038919
RP_0136,RP,summer,43,21.5,260.27768,0.13013884
RP_0136,RP,summer,44,22.0,303.7588,0.1518794
RP_0136,RP,summer,45,22.5,378.48193,0.18924096
RP_0136,RP,summer,46,23.0,430.32797,0.21516399
RP_0136,RP,summer,47,23.5,607.92206,0.30396104
RP_0137,RP,autumn,0,0.0,369.4534,0.1847267
RP_0137,RP,autumn,1,0.5,337.78607,0.16889304
RP_0137,RP,autumn,2,1.0,370.3637,0.18518186
RP_0137,RP,autumn,3,1.5,295.6861,0.14784305
RP_0137,RP,autumn,4,2.0,346.84735,0.17342368
RP_0137,RP,autumn,5,2.5,222.28749,0.111143745
RP_0137,RP,autumn,6,3.0,315.35938,0.15767969
RP_0137,RP,autumn,7,3.5,279.7268,0.1398634
RP_0137,RP,autumn,8,4.0,309.9647,0.15498234
RP_0137,RP,autumn,9,4.5,231.77544,0.11588772
RP_0137,RP,autumn,10,5.0,278.84793,0.13942397
RP_0137,RP,autumn,11,5.5,231.45465,0.11572733
RP_0137,RP,autumn,12,6.0,195.15916,0.09757958
RP_0137,RP,autumn,13,6.5,148.97992,0.07448996
RP_0137,RP,autumn,14,7.0,198.91972,0.099459864
RP_0137,RP,autumn,15,7.5,204.00499,0.102002494
RP_0137,RP,autumn,16,8.0,242.04788,0.12102394
RP_0137,RP,autumn,17,8.5,412.90625,0.20645313
RP_0137,RP,autumn,18,9.0,729.09937,0.3645497
RP_0137,RP,autumn,19,9.5,1319.8514,0.6599257
RP_0137,RP,autumn,20,10.0,2107.3015,1.0536507
RP_0137,RP,autumn,21,10.5,2072.8997,1.0364498
RP_0137,RP,autumn,22,11.0,1780.0964,0.8900482
RP_0137,RP,autumn,23,11.5,2134.3516,1.0671757
RP_0137,RP,autumn,24,12.0,2071.5107,1.0357554
RP_0137,RP,autumn,25,12.5,2211.895,1.1059475
RP_0137,RP,autumn,26,13.0,2145.48,1.07274
RP_0137,RP,autumn,27,13.5,2421.1836,1.2105918
RP_0137,RP,autumn,28,14.0,2616.5054,1.3082527
RP_0137,RP,autumn,29,14.5,2399.9617,1.1999809
RP_0137,RP,autumn,30,15.0,2764.379,1.3821895
RP_0137,RP,autumn,31,15.5,2597.8503,1.2989252
RP_0137,RP,autumn,32,16.0,2726.6267,1.3633133
RP_0137,RP,autumn,33,16.5,2305.9937,1.1529968
RP_0137,RP,autumn,34,17.0,2162.0872,1.0810436
RP_0137,RP,autumn,35,17.5,2238.093,1.1190464
RP_0137,RP,autumn,36,18.0,2148.6338,1.0743169
RP_0137,RP,autumn,37,18.5,2501.023,1.2505115
RP_0137,RP,autumn,38,19.0,1871.4861,0.93574303
RP_0137,RP,autumn,39,19.5,1347.3533,0.6736766
RP_0137,RP,autumn,40,20.0,1048.123,0.5240615
RP_0137,RP,autumn,41,20.5,801.2313,0.40061566
RP_0137,RP,autumn,42,21.0,757.38904,0.3786945
RP_0137,RP,autumn,43,21.5,701.6579,0.35082895
RP_0137,RP,autumn,44,22.0,601.0084,0.3005042
RP_0137,RP,autumn,45,22.5,565.06824,0.28253412
RP_0137,RP,autumn,46,23.0,490.88528,0.24544264
RP_0137,RP,autumn,47,23.5,379.66684,0.18983342
RP_0138,RP,winter,0,0.0,602.03784,0.30101892
RP_0138,RP,winter,1,0.5,598.4184,0.2992092
RP_0138,RP,winter,2,1.0,729.10706,0.36455354
RP_0138,RP,winter,3,1.5,690.02374,0.34501186
RP_0138,RP,winter,4,2.0,701.31586,0.35065794
RP_0138,RP,winter,5,2.5,676.68463,0.3383423
RP_0138,RP,winter,6,3.0,604.01135,0.30200568
RP_0138,RP,winter,7,3.5,604.7838,0.30239192
RP_0138,RP,winter,8,4.0,622.92096,0.31146047
RP_0138,RP,winter,9,4.5,656.71295,0.32835647
RP_0138,RP,winter,10,5.0,574.81464,0.2874073
RP_0138,RP,winter,11,5.5,608.3612,0.3041806
RP_0138,RP,winter,12,6.0,664.1394,0.3320697
RP_0138,RP,winter,13,6.5,763.32806,0.38166404
RP_0138,RP,winter,14,7.0,780.157,0.39007849
RP_0138,RP,winter,15,7.5,743.1405,0.37157026
RP_0138,RP,winter,16,8.0,701.9702,0.3509851
RP_0138,RP,winter,17,8.5,710.74585,0.35537294
RP_0138,RP,winter,18,9.0,636.22253,0.31811127
RP_0138,RP,winter,19,9.5,487.07416,0.24353708
RP_0138,RP,winter,20,10.0,503.80374,0.25190187
RP_0138,RP,winter,21,10.5,428.93167,0.21446584
RP_0138,RP,winter,22,11.0,432.52005,0.21626003
RP_0138,RP,winter,23,11.5,595.0091,0.29750454
RP_0138,RP,winter,24,12.0,938.8648,0.4694324
RP_0138,RP,winter,25,12.5,1058.7698,0.5293849
RP_0138,RP,winter,26,13.0,763.31964,0.3816598
RP_0138,RP,winter,27,13.5,564.3941,0.28219706
RP_0138,RP,winter,28,14.0,423.18976,0.21159488
RP_0138,RP,winter,29,14.5,333.0247,0.16651234
RP_0138,RP,winter,30,15.0,251.88062,0.12594031
RP_0138,RP,winter,31,15.5,222.96996,0.111484975
RP_0138,RP,winter,32,16.0,224.38068,0.112190336
RP_0138,RP,winter,33,16.5,282.06946,0.14103472
RP_0138,RP,winter,34,17.0,338.17886,0.16908944
RP_0138,RP,winter,35,17.5,331.50946,0.16575474
RP_0138,RP,winter,36,18.0,521.70685,0.2608534
RP_0138,RP,winter,37,18.5,599.88794,0.29994398
RP_0138,RP,winter,38,19.0,665.6753,0.33283764
RP_0138,RP,winter,39,19.5,800.5033,0.40025166
RP_0138,RP,winter,40,20.0,900.37787,0.45018893
RP_0138,RP,winter,41,20.5,900.7046,0.45035228
RP_0138,RP,winter,42,21.0,935.9969,0.46799845
RP_0138,RP,winter,43,21.5,994.30237,0.4971512
RP_0138,RP,winter,44,22.0,957.0958,0.4785479
RP_0138,RP,winter,45,22.5,976.4441,0.48822203
RP_0138,RP,winter,46,23.0,783.82227,0.39191112
RP_0138,RP,winter,47,23.5,642.42896,0.32121447
RP_0139,RP,spring,0,0.0,672.296,0.33614802
RP_0139,RP,spring,1,0.5,351.42023,0.17571011
RP_0139,RP,spring,2,1.0,241.27101,0.1206355
RP_0139,RP,spring,3,1.5,225.6937,0.112846844
RP_0139,RP,spring,4,2.0,198.4875,0.09924375
RP_0139,RP,spring,5,2.5,215.23952,0.107619755
RP_0139,RP,spring,6,3.0,219.89542,0.10994771
RP_0139,RP,spring,7,3.5,219.68906,0.10984453
RP_0139,RP,spring,8,4.0,235.32411,0.11766206
RP_0139,RP,spring,9,4.5,196.06471,0.098032355
RP_0139,RP,spring,10,5.0,215.3115,0.10765575
RP_0139,RP,spring,11,5.5,241.4187,0.12070935
RP_0139,RP,spring,12,6.0,223.09537,0.111547686
RP_0139,RP,spring,13,6.5,212.77274,0.10638637
RP_0139,RP,spring,14,7.0,245.48882,0.12274441
RP_0139,RP,spring,15,7.5,344.15125,0.17207563
RP_0139,RP,spring,16,8.0,483.8508,0.2419254
RP_0139,RP,spring,17,8.5,490.7842,0.2453921
RP_0139,RP,spring,18,9.0,553.20776,0.27660388
RP_0139,RP,spring,19,9.5,535.76154,0.26788077
RP_0139,RP,spring,20,10.0,502.7294,0.2513647
RP_0139,RP,spring,21,10.5,480.27658,0.24013829
RP_0139,RP,spring,22,11.0,540.2132,0.27010658
RP_0139,RP,spring,23,11.5,675.6791,0.33783954
RP_0139,RP,spring,24,12.0,769.1351,0.38456753
RP_0139,RP,spring,25,12.5,690.8704,0.3454352
RP_0139,RP,spring,26,13.0,648.22577,0.3241129
RP_0139,RP,spring,27,13.5,573.704,0.286852
RP_0139,RP,spring,28,14.0,430.38022,0.21519011
RP_0139,RP,spring,29,14.5,429.11868,0.21455935
RP_0139,RP,spring,30,15.0,456.13208,0.22806604
RP_0139,RP,spring,31,15.5,438.35892,0.21917945
RP_0139,RP,spring,32,16.0,501.64536,0.25082266
RP_0139,RP,spring,33,16.5,499.31677,0.24965839
RP_0139,RP,spring,34,17.0,579.8638,0.2899319
RP_0139,RP,spring,35,17.5,632.41034,0.31620517
RP_0139,RP,spring,36,18.0,758.7315,0.37936574
RP_0139,RP,spring,37,18.5,819.8853,0.40994266
RP_0139,RP,spring,38,19.0,967.12335,0.48356166
RP_0139,RP,spring,39,19.5,983.00653,0.49150327
RP_0139,RP,spring,40,20.0,1107.6128,0.5538064
RP_0139,RP,spring,41,20.5,1259.203,0.6296015
RP_0139,RP,spring,42,21.0,1640.4332,0.8202166
RP_0139,RP,spring,43,21.5,1848.032,0.924016
RP_0139,RP,spring,44,22.0,2317.0923,1.1585461
RP_0139,RP,spring,45,22.5,2642.0283,1.3210142
RP_0139,RP,spring,46,23.0,2404.2383,1.2021191
RP_0139,RP,spring,47,23.5,1837.418,0.918709
RP_0140,RP,winter,0,0.0,764.6825,0.38234124
RP_0140,RP,winter,1,0.5,747.7512,0.37387562
RP_0140,RP,winter,2,1.0,841.98486,0.42099243
RP_0140,RP,winter,3,1.5,726.7182,0.3633591
RP_0140,RP,winter,4,2.0,754.56854,0.37728426
RP_0140,RP,winter,5,2.5,779.2684,0.3896342
RP_0140,RP,winter,6,3.0,829.60284,0.41480142
RP_0140,RP,winter,7,3.5,797.2507,0.39862534
RP_0140,RP,winter,8,4.0,893.0823,0.44654113
RP_0140,RP,winter,9,4.5,825.6891,0.41284454
RP_0140,RP,winter,10,5.0,821.458,0.410729
RP_0140,RP,winter,11,5.5,778.86365,0.38943183
RP_0140,RP,winter,12,6.0,722.03796,0.361019
RP_0140,RP,winter,13,6.5,710.0087,0.35500437
RP_0140,RP,winter,14,7.0,690.2976,0.3451488
RP_0140,RP,winter,15,7.5,606.74,0.30337
RP_0140,RP,winter,16,8.0,669.9625,0.33498126
RP_0140,RP,winter,17,8.5,642.69476,0.3213474
RP_0140,RP,winter,18,9.0,651.4891,0.32574454
RP_0140,RP,winter,19,9.5,682.7287,0.34136435
RP_0140,RP,winter,20,10.0,760.6398,0.3803199
RP_0140,RP,winter,21,10.5,716.99854,0.35849926
RP_0140,RP,winter,22,11.0,754.5318,0.3772659
RP_0140,RP,winter,23,11.5,702.4138,0.3512069
RP_0140,RP,winter,24,12.0,707.3678,0.3536839
RP_0140,RP,winter,25,12.5,668.0947,0.33404738
RP_0140,RP,winter,26,13.0,601.8009,0.30090046
RP_0140,RP,winter,27,13.5,559.24615,0.2796231
RP_0140,RP,winter,28,14.0,608.4112,0.3042056
RP_0140,RP,winter,29,14.5,635.9561,0.31797805
RP_0140,RP,winter,30,15.0,777.1609,0.38858044
RP_0140,RP,winter,31,15.5,816.1572,0.4080786
RP_0140,RP,winter,32,16.0,960.6022,0.48030108
RP_0140,RP,winter,33,16.5,976.6613,0.48833066
RP_0140,RP,winter,34,17.0,953.0207,0.47651035
RP_0140,RP,winter,35,17.5,853.35693,0.42667848
RP_0140,RP,winter,36,18.0,967.81055,0.4839053
RP_0140,RP,winter,37,18.5,1038.5089,0.51925445
RP_0140,RP,winter,38,19.0,998.1436,0.4990718
RP_0140,RP,winter,39,19.5,879.6797,0.43983984
RP_0140,RP,winter,40,20.0,893.1458,0.4465729
RP_0140,RP,winter,41,20.5,793.6973,0.39684865
RP_0140,RP,winter,42,21.0,710.1539,0.35507694
RP_0140,RP,winter,43,21.5,603.93805,0.30196902
RP_0140,RP,winter,44,22.0,605.95746,0.30297872
RP_0140,RP,winter,45,22.5,559.4348,0.27971742
RP_0140,RP,winter,46,23.0,473.23236,0.23661618
RP_0140,RP,winter,47,23.5,506.44592,0.25322297
RP_0141,RP,summer,0,0.0,81.88133,0.040940665
RP_0141,RP,summer,1,0.5,73.72688,0.036863443
RP_0141,RP,summer,2,1.0,76.1545,0.03807725
RP_0141,RP,summer,3,1.5,81.85043,0.040925216
RP_0141,RP,summer,4,2.0,79.31955,0.039659776
RP_0141,RP,summer,5,2.5,60.483727,0.030241864
RP_0141,RP,summer,6,3.0,80.00765,0.040003825
RP_0141,RP,summer,7,3.5,83.94668,0.041973338
RP_0141,RP,summer,8,4.0,65.83976,0.03291988
RP_0141,RP,summer,9,4.5,62.60377,0.031301886
RP_0141,RP,summer,10,5.0,65.75278,0.032876387
RP_0141,RP,summer,11,5.5,77.94087,0.038970437
RP_0141,RP,summer,12,6.0,81.21549,0.040607747
RP_0141,RP,summer,13,6.5,82.25486,0.04112743
RP_0141,RP,summer,14,7.0,78.13157,0.039065786
RP_0141,RP,summer,15,7.5,127.53842,0.063769214
RP_0141,RP,summer,16,8.0,147.42406,0.07371203
RP_0141,RP,summer,17,8.5,165.23856,0.08261928
RP_0141,RP,summer,18,9.0,177.5382,0.08876909
RP_0141,RP,summer,19,9.5,148.66693,0.07433347
RP_0141,RP,summer,20,10.0,101.06242,0.050531212
RP_0141,RP,summer,21,10.5,64.098526,0.032049265
RP_0141,RP,summer,22,11.0,39.8143,0.01990715
RP_0141,RP,summer,23,11.5,65.014015,0.032507006
RP_0141,RP,summer,24,12.0,28.89029,0.014445145
RP_0141,RP,summer,25,12.5,45.27755,0.022638775
RP_0141,RP,summer,26,13.0,53.211845,0.026605923
RP_0141,RP,summer,27,13.5,61.846672,0.030923337
RP_0141,RP,summer,28,14.0,33.96538,0.016982691
RP_0141,RP,summer,29,14.5,50.575356,0.025287678
RP_0141,RP,summer,30,15.0,50.219315,0.025109658
RP_0141,RP,summer,31,15.5,40.72178,0.020360889
RP_0141,RP,summer,32,16.0,47.355873,0.023677936
RP_0141,RP,summer,33,16.5,64.958664,0.03247933
RP_0141,RP,summer,34,17.0,44.76771,0.022383856
RP_0141,RP,summer,35,17.5,64.79893,0.032399464
RP_0141,RP,summer,36,18.0,71.37568,0.035687838
RP_0141,RP,summer,37,18.5,73.34921,0.036674608
RP_0141,RP,summer,38,19.0,116.56509,0.058282543
RP_0141,RP,summer,39,19.5,308.6627,0.15433134
RP_0141,RP,summer,40,20.0,430.0009,0.21500044
RP_0141,RP,summer,41,20.5,486.24054,0.24312027
RP_0141,RP,summer,42,21.0,1304.8217,0.6524108
RP_0141,RP,summer,43,21.5,1055.5223,0.52776116
RP_0141,RP,summer,44,22.0,601.9493,0.30097464
RP_0141,RP,summer,45,22.5,317.8052,0.1589026
RP_0141,RP,summer,46,23.0,153.11987,0.07655994
RP_0141,RP,summer,47,23.5,111.60982,0.05580491
RP_0142,RP,summer,0,0.0,317.48325,0.15874162
RP_0142,RP,summer,1,0.5,252.69792,0.12634896
RP_0142,RP,summer,2,1.0,294.90393,0.14745197
RP_0142,RP,summer,3,1.5,245.12413,0.122562066
RP_0142,RP,summer,4,2.0,213.03058,0.10651529
RP_0142,RP,summer,5,2.5,151.28067,0.075640336
RP_0142,RP,summer,6,3.0,147.92946,0.07396473
RP_0142,RP,summer,7,3.5,219.02142,0.10951071
RP_0142,RP,summer,8,4.0,213.22958,0.10661479
RP_0142,RP,summer,9,4.5,196.91394,0.09845697
RP_0142,RP,summer,10,5.0,177.85107,0.08892554
RP_0142,RP,summer,11,5.5,306.34668,0.15317334
RP_0142,RP,summer,12,6.0,207.575,0.1037875
RP_0142,RP,summer,13,6.5,177.85704,0.08892852
RP_0142,RP,summer,14,7.0,193.06418,0.09653209
RP_0142,RP,summer,15,7.5,326.80063,0.1634003
RP_0142,RP,summer,16,8.0,184.42563,0.09221281
RP_0142,RP,summer,17,8.5,59.324257,0.029662129
RP_0142,RP,summer,18,9.0,4.0715003,0.00203575
RP_0142,RP,summer,19,9.5,23.328047,0.011664024
RP_0142,RP,summer,20,10.0,4.8493133,0.0024246566
RP_0142,RP,summer,21,10.5,10.414613,0.0052073062
RP_0142,RP,summer,22,11.0,14.765484,0.007382742
RP_0142,RP,summer,23,11.5,11.725999,0.0058629992
RP_0142,RP,summer,24,12.0,27.26597,0.013632985
RP_0142,RP,summer,25,12.5,0.37773815,0.00018886907
RP_0142,RP,summer,26,13.0,12.807724,0.006403862
RP_0142,RP,summer,27,13.5,0.117661946,5.8830974e-05
RP_0142,RP,summer,28,14.0,0.3278882,0.00016394409
RP_0142,RP,summer,29,14.5,0.0,0.0
RP_0142,RP,summer,30,15.0,1.1446495,0.00057232473
RP_0142,RP,summer,31,15.5,15.015785,0.007507893
RP_0142,RP,summer,32,16.0,0.65806925,0.00032903464
RP_0142,RP,summer,33,16.5,0.021211732,1.0605866e-05
RP_0142,RP,summer,34,17.0,0.0,0.0
RP_0142,RP,summer,35,17.5,1.5279512,0.0007639756
RP_0142,RP,summer,36,18.0,0.8880216,0.0004440108
RP_0142,RP,summer,37,18.5,6.0108304,0.0030054152
RP_0142,RP,summer,38,19.0,66.56715,0.033283573
RP_0142,RP,summer,39,19.5,121.84778,0.06092389
RP_0142,RP,summer,40,20.0,149.0149,0.074507445
RP_0142,RP,summer,41,20.5,299.52362,0.14976181
RP_0142,RP,summer,42,21.0,242.31633,0.12115817
RP_0142,RP,summer,43,21.5,371.93454,0.18596727
RP_0142,RP,summer,44,22.0,271.7187,0.13585934
RP_0142,RP,summer,45,22.5,165.29453,0.082647264
RP_0142,RP,summer,46,23.0,195.26207,0.09763104
RP_0142,RP,summer,47,23.5,186.70049,0.09335024
RP_0143,RP,autumn,0,0.0,265.2305,0.13261525
RP_0143,RP,autumn,1,0.5,234.28876,0.117144376
RP_0143,RP,autumn,2,1.0,198.06636,0.09903318
RP_0143,RP,autumn,3,1.5,193.40558,0.09670279
RP_0143,RP,autumn,4,2.0,199.07307,0.09953654
RP_0143,RP,autumn,5,2.5,198.91658,0.09945829
RP_0143,RP,autumn,6,3.0,204.94577,0.10247289
RP_0143,RP,autumn,7,3.5,219.3304,0.1096652
RP_0143,RP,autumn,8,4.0,226.5308,0.1132654
RP_0143,RP,autumn,9,4.5,207.91621,0.10395811
RP_0143,RP,autumn,10,5.0,222.03955,0.111019775
RP_0143,RP,autumn,11,5.5,228.94748,0.11447374
RP_0143,RP,autumn,12,6.0,323.14282,0.16157141
RP_0143,RP,autumn,13,6.5,348.26306,0.17413153
RP_0143,RP,autumn,14,7.0,329.63574,0.16481787
RP_0143,RP,autumn,15,7.5,338.96402,0.16948201
RP_0143,RP,autumn,16,8.0,275.3681,0.13768405
RP_0143,RP,autumn,17,8.5,234.54335,0.11727168
RP_0143,RP,autumn,18,9.0,261.85657,0.13092828
RP_0143,RP,autumn,19,9.5,304.2799,0.15213995
RP_0143,RP,autumn,20,10.0,311.65176,0.15582588
RP_0143,RP,autumn,21,10.5,308.82547,0.15441273
RP_0143,RP,autumn,22,11.0,328.94528,0.16447264
RP_0143,RP,autumn,23,11.5,416.79736,0.20839868
RP_0143,RP,autumn,24,12.0,435.87997,0.21793999
RP_0143,RP,autumn,25,12.5,340.19324,0.17009662
RP_0143,RP,autumn,26,13.0,304.43338,0.15221669
RP_0143,RP,autumn,27,13.5,247.2784,0.123639196
RP_0143,RP,autumn,28,14.0,188.22073,0.09411037
RP_0143,RP,autumn,29,14.5,161.82013,0.080910064
RP_0143,RP,autumn,30,15.0,170.58891,0.085294455
RP_0143,RP,autumn,31,15.5,183.59099,0.0917955
RP_0143,RP,autumn,32,16.0,200.72989,0.100364946
RP_0143,RP,autumn,33,16.5,175.30862,0.087654315
RP_0143,RP,autumn,34,17.0,206.0551,0.10302755
RP_0143,RP,autumn,35,17.5,218.06815,0.10903408
RP_0143,RP,autumn,36,18.0,261.2869,0.13064344
RP_0143,RP,autumn,37,18.5,313.52658,0.15676329
RP_0143,RP,autumn,38,19.0,412.11557,0.20605779
RP_0143,RP,autumn,39,19.5,398.7167,0.19935836
RP_0143,RP,autumn,40,20.0,350.26746,0.17513373
RP_0143,RP,autumn,41,20.5,312.90643,0.15645322
RP_0143,RP,autumn,42,21.0,341.39716,0.17069858
RP_0143,RP,autumn,43,21.5,357.73196,0.17886598
RP_0143,RP,autumn,44,22.0,692.30634,0.34615317
RP_0143,RP,autumn,45,22.5,1149.5316,0.5747658
RP_0143,RP,autumn,46,23.0,748.7047,0.37435237
RP_0143,RP,autumn,47,23.5,422.00772,0.21100385
RP_0144,RP,spring,0,0.0,279.48663,0.13974331
RP_0144,RP,spring,1,0.5,194.27313,0.097136565
RP_0144,RP,spring,2,1.0,169.18071,0.08459035
RP_0144,RP,spring,3,1.5,159.77834,0.07988917
RP_0144,RP,spring,4,2.0,197.97554,0.09898777
RP_0144,RP,spring,5,2.5,145.42259,0.0727113
RP_0144,RP,spring,6,3.0,152.17221,0.076086104
RP_0144,RP,spring,7,3.5,168.40071,0.08420035
RP_0144,RP,spring,8,4.0,138.31473,0.06915736
RP_0144,RP,spring,9,4.5,147.73962,0.07386981
RP_0144,RP,spring,10,5.0,145.3345,0.07266725
RP_0144,RP,spring,11,5.5,159.51291,0.07975645
RP_0144,RP,spring,12,6.0,169.28468,0.08464234
RP_0144,RP,spring,13,6.5,205.55592,0.102777965
RP_0144,RP,spring,14,7.0,209.7423,0.10487115
RP_0144,RP,spring,15,7.5,180.54305,0.090271525
RP_0144,RP,spring,16,8.0,115.96901,0.057984505
RP_0144,RP,spring,17,8.5,110.84606,0.055423032
RP_0144,RP,spring,18,9.0,119.10402,0.05955201
RP_0144,RP,spring,19,9.5,118.07519,0.059037592
RP_0144,RP,spring,20,10.0,138.99765,0.06949882
RP_0144,RP,spring,21,10.5,113.94167,0.05697084
RP_0144,RP,spring,22,11.0,111.37659,0.05568829
RP_0144,RP,spring,23,11.5,155.72116,0.07786058
RP_0144,RP,spring,24,12.0,113.93877,0.056969382
RP_0144,RP,spring,25,12.5,205.9939,0.102996945
RP_0144,RP,spring,26,13.0,183.05582,0.09152791
RP_0144,RP,spring,27,13.5,155.26425,0.07763213
RP_0144,RP,spring,28,14.0,145.45332,0.07272666
RP_0144,RP,spring,29,14.5,150.36179,0.075180896
RP_0144,RP,spring,30,15.0,134.10138,0.06705069
RP_0144,RP,spring,31,15.5,120.42188,0.06021094
RP_0144,RP,spring,32,16.0,146.35541,0.0731777
RP_0144,RP,spring,33,16.5,146.76358,0.07338179
RP_0144,RP,spring,34,17.0,162.11684,0.08105842
RP_0144,RP,spring,35,17.5,168.94926,0.08447463
RP_0144,RP,spring,36,18.0,191.49612,0.09574806
RP_0144,RP,spring,37,18.5,176.37482,0.08818741
RP_0144,RP,spring,38,19.0,183.85435,0.09192718
RP_0144,RP,spring,39,19.5,193.8058,0.0969029
RP_0144,RP,spring,40,20.0,172.13808,0.08606904
RP_0144,RP,spring,41,20.5,198.96378,0.09948189
RP_0144,RP,spring,42,21.0,189.3642,0.0946821
RP_0144,RP,spring,43,21.5,187.74411,0.093872055
RP_0144,RP,spring,44,22.0,158.91801,0.079459004
RP_0144,RP,spring,45,22.5,192.43863,0.096219316
RP_0144,RP,spring,46,23.0,205.72067,0.10286034
RP_0144,RP,spring,47,23.5,340.62692,0.17031346
RP_0145,RP,autumn,0,0.0,486.13342,0.24306671
RP_0145,RP,autumn,1,0.5,609.0744,0.3045372
RP_0145,RP,autumn,2,1.0,1216.7349,0.60836744
RP_0145,RP,autumn,3,1.5,1321.8545,0.66092724
RP_0145,RP,autumn,4,2.0,1054.1439,0.52707195
RP_0145,RP,autumn,5,2.5,722.7316,0.36136582
RP_0145,RP,autumn,6,3.0,639.1038,0.31955191
RP_0145,RP,autumn,7,3.5,590.069,0.2950345
RP_0145,RP,autumn,8,4.0,522.91034,0.26145518
RP_0145,RP,autumn,9,4.5,463.61145,0.23180573
RP_0145,RP,autumn,10,5.0,414.7173,0.20735864
RP_0145,RP,autumn,11,5.5,355.39154,0.17769577
RP_0145,RP,autumn,12,6.0,354.02783,0.17701392
RP_0145,RP,autumn,13,6.5,355.19974,0.17759986
RP_0145,RP,autumn,14,7.0,345.97498,0.17298749
RP_0145,RP,autumn,15,7.5,328.83597,0.16441798
RP_0145,RP,autumn,16,8.0,297.84726,0.14892364
RP_0145,RP,autumn,17,8.5,301.6084,0.15080419
RP_0145,RP,autumn,18,9.0,296.52463,0.1482623
RP_0145,RP,autumn,19,9.5,329.79785,0.16489893
RP_0145,RP,autumn,20,10.0,404.5081,0.20225404
RP_0145,RP,autumn,21,10.5,388.56406,0.19428203
RP_0145,RP,autumn,22,11.0,433.59384,0.21679692
RP_0145,RP,autumn,23,11.5,477.9449,0.23897244
RP_0145,RP,autumn,24,12.0,576.19904,0.28809953
RP_0145,RP,autumn,25,12.5,529.8803,0.26494014
RP_0145,RP,autumn,26,13.0,491.1849,0.24559246
RP_0145,RP,autumn,27,13.5,440.70383,0.22035192
RP_0145,RP,autumn,28,14.0,470.8855,0.23544274
RP_0145,RP,autumn,29,14.5,458.36917,0.22918458
RP_0145,RP,autumn,30,15.0,495.64087,0.24782044
RP_0145,RP,autumn,31,15.5,472.17252,0.23608626
RP_0145,RP,autumn,32,16.0,478.3845,0.23919225
RP_0145,RP,autumn,33,16.5,480.28647,0.24014324
RP_0145,RP,autumn,34,17.0,510.6854,0.2553427
RP_0145,RP,autumn,35,17.5,516.33276,0.25816637
RP_0145,RP,autumn,36,18.0,638.5641,0.31928205
RP_0145,RP,autumn,37,18.5,691.94806,0.34597403
RP_0145,RP,autumn,38,19.0,736.8596,0.3684298
RP_0145,RP,autumn,39,19.5,681.82947,0.34091473
RP_0145,RP,autumn,40,20.0,629.18384,0.3145919
RP_0145,RP,autumn,41,20.5,554.07153,0.27703577
RP_0145,RP,autumn,42,21.0,529.6447,0.26482236
RP_0145,RP,autumn,43,21.5,487.2336,0.2436168
RP_0145,RP,autumn,44,22.0,517.2406,0.2586203
RP_0145,RP,autumn,45,22.5,469.97867,0.23498933
RP_0145,RP,autumn,46,23.0,419.1033,0.20955165
RP_0145,RP,autumn,47,23.5,441.25748,0.22062874
RP_0146,RP,winter,0,0.0,984.6497,0.49232486
RP_0146,RP,winter,1,0.5,1182.1423,0.5910712
RP_0146,RP,winter,2,1.0,2219.9417,1.1099708
RP_0146,RP,winter,3,1.5,2564.4783,1.2822391
RP_0146,RP,winter,4,2.0,1951.9633,0.97598165
RP_0146,RP,winter,5,2.5,1662.5973,0.83129865
RP_0146,RP,winter,6,3.0,1355.4172,0.6777086
RP_0146,RP,winter,7,3.5,1123.5121,0.561756
RP_0146,RP,winter,8,4.0,917.7379,0.45886895
RP_0146,RP,winter,9,4.5,878.49,0.439245
RP_0146,RP,winter,10,5.0,636.3809,0.31819046
RP_0146,RP,winter,11,5.5,596.4999,0.29824993
RP_0146,RP,winter,12,6.0,657.32855,0.32866427
RP_0146,RP,winter,13,6.5,745.00854,0.37250426
RP_0146,RP,winter,14,7.0,516.0891,0.25804454
RP_0146,RP,winter,15,7.5,358.92123,0.17946061
RP_0146,RP,winter,16,8.0,247.69228,0.123846136
RP_0146,RP,winter,17,8.5,195.64502,0.09782251
RP_0146,RP,winter,18,9.0,161.36194,0.08068097
RP_0146,RP,winter,19,9.5,167.3049,0.08365245
RP_0146,RP,winter,20,10.0,167.8888,0.083944395
RP_0146,RP,winter,21,10.5,140.95981,0.07047991
RP_0146,RP,winter,22,11.0,188.79445,0.094397224
RP_0146,RP,winter,23,11.5,207.46582,0.103732914
RP_0146,RP,winter,24,12.0,517.6057,0.25880286
RP_0146,RP,winter,25,12.5,594.2718,0.2971359
RP_0146,RP,winter,26,13.0,780.96533,0.39048266
RP_0146,RP,winter,27,13.5,449.6638,0.2248319
RP_0146,RP,winter,28,14.0,408.45804,0.20422901
RP_0146,RP,winter,29,14.5,341.5201,0.17076005
RP_0146,RP,winter,30,15.0,255.96152,0.12798075
RP_0146,RP,winter,31,15.5,248.2909,0.12414545
RP_0146,RP,winter,32,16.0,252.035,0.1260175
RP_0146,RP,winter,33,16.5,291.33652,0.14566825
RP_0146,RP,winter,34,17.0,295.57928,0.14778964
RP_0146,RP,winter,35,17.5,396.80972,0.19840486
RP_0146,RP,winter,36,18.0,510.40637,0.2552032
RP_0146,RP,winter,37,18.5,665.06616,0.3325331
RP_0146,RP,winter,38,19.0,721.87836,0.36093917
RP_0146,RP,winter,39,19.5,634.05707,0.31702852
RP_0146,RP,winter,40,20.0,646.827,0.32341352
RP_0146,RP,winter,41,20.5,635.7026,0.31785128
RP_0146,RP,winter,42,21.0,505.00027,0.25250015
RP_0146,RP,winter,43,21.5,395.7854,0.1978927
RP_0146,RP,winter,44,22.0,374.90198,0.18745099
RP_0146,RP,winter,45,22.5,376.557,0.1882785
RP_0146,RP,winter,46,23.0,301.48737,0.15074368
RP_0146,RP,winter,47,23.5,454.9339,0.22746696
RP_0147,RP,summer,0,0.0,192.8158,0.0964079
RP_0147,RP,summer,1,0.5,171.76508,0.08588254
RP_0147,RP,summer,2,1.0,196.2074,0.0981037
RP_0147,RP,summer,3,1.5,170.85388,0.08542694
RP_0147,RP,summer,4,2.0,155.48392,0.07774196
RP_0147,RP,summer,5,2.5,116.270584,0.058135293
RP_0147,RP,summer,6,3.0,104.07682,0.05203841
RP_0147,RP,summer,7,3.5,142.56609,0.07128304
RP_0147,RP,summer,8,4.0,137.99411,0.068997055
RP_0147,RP,summer,9,4.5,143.86876,0.07193438
RP_0147,RP,summer,10,5.0,136.43826,0.06821913
RP_0147,RP,summer,11,5.5,181.02786,0.09051393
RP_0147,RP,summer,12,6.0,102.47898,0.05123949
RP_0147,RP,summer,13,6.5,80.62195,0.040310975
RP_0147,RP,summer,14,7.0,64.37226,0.032186132
RP_0147,RP,summer,15,7.5,72.488976,0.03624449
RP_0147,RP,summer,16,8.0,29.869623,0.014934812
RP_0147,RP,summer,17,8.5,22.539188,0.011269595
RP_0147,RP,summer,18,9.0,13.359405,0.006679702
RP_0147,RP,summer,19,9.5,25.336035,0.012668017
RP_0147,RP,summer,20,10.0,19.716614,0.0098583065
RP_0147,RP,summer,21,10.5,3.9453173,0.0019726586
RP_0147,RP,summer,22,11.0,2.1983402,0.0010991701
RP_0147,RP,summer,23,11.5,1.3293841,0.000664692
RP_0147,RP,summer,24,12.0,1.8530769,0.0009265385
RP_0147,RP,summer,25,12.5,1.2203643,0.0006101822
RP_0147,RP,summer,26,13.0,15.181599,0.007590799
RP_0147,RP,summer,27,13.5,3.9411616,0.0019705808
RP_0147,RP,summer,28,14.0,1.6611767,0.00083058834
RP_0147,RP,summer,29,14.5,1.1879275,0.0005939637
RP_0147,RP,summer,30,15.0,0.7663064,0.0003831532
RP_0147,RP,summer,31,15.5,0.796433,0.00039821648
RP_0147,RP,summer,32,16.0,0.82234454,0.00041117228
RP_0147,RP,summer,33,16.5,5.063657,0.0025318284
RP_0147,RP,summer,34,17.0,11.193891,0.005596945
RP_0147,RP,summer,35,17.5,16.212017,0.008106008
RP_0147,RP,summer,36,18.0,52.651714,0.026325857
RP_0147,RP,summer,37,18.5,76.351135,0.038175568
RP_0147,RP,summer,38,19.0,127.04176,0.06352088
RP_0147,RP,summer,39,19.5,302.53488,0.15126744
RP_0147,RP,summer,40,20.0,265.79755,0.13289878
RP_0147,RP,summer,41,20.5,345.32736,0.17266367
RP_0147,RP,summer,42,21.0,251.14372,0.12557186
RP_0147,RP,summer,43,21.5,239.76375,0.119881876
RP_0147,RP,summer,44,22.0,199.55707,0.09977853
RP_0147,RP,summer,45,22.5,213.32645,0.10666322
RP_0147,RP,summer,46,23.0,222.98907,0.11149453
RP_0147,RP,summer,47,23.5,224.21191,0.11210596
RP_0148,RP,winter,0,0.0,2977.7627,1.4888813
RP_0148,RP,winter,1,0.5,3164.545,1.5822724
RP_0148,RP,winter,2,1.0,3048.447,1.5242236
RP_0148,RP,winter,3,1.5,3600.4563,1.8002281
RP_0148,RP,winter,4,2.0,2456.1067,1.2280533
RP_0148,RP,winter,5,2.5,2427.6265,1.2138132
RP_0148,RP,winter,6,3.0,2620.79,1.310395
RP_0148,RP,winter,7,3.5,2860.0757,1.4300379
RP_0148,RP,winter,8,4.0,2849.821,1.4249105
RP_0148,RP,winter,9,4.5,2989.3342,1.4946672
RP_0148,RP,winter,10,5.0,2987.4155,1.4937078
RP_0148,RP,winter,11,5.5,3410.9568,1.7054784
RP_0148,RP,winter,12,6.0,2321.3186,1.1606593
RP_0148,RP,winter,13,6.5,2130.7808,1.0653903
RP_0148,RP,winter,14,7.0,2480.5105,1.2402552
RP_0148,RP,winter,15,7.5,2385.483,1.1927415
RP_0148,RP,winter,16,8.0,2157.11,1.0785551
RP_0148,RP,winter,17,8.5,1804.2917,0.90214586
RP_0148,RP,winter,18,9.0,1595.8477,0.7979238
RP_0148,RP,winter,19,9.5,1606.5044,0.8032522
RP_0148,RP,winter,20,10.0,1780.9713,0.89048564
RP_0148,RP,winter,21,10.5,1656.9722,0.8284861
RP_0148,RP,winter,22,11.0,1808.664,0.904332
RP_0148,RP,winter,23,11.5,1495.2291,0.74761456
RP_0148,RP,winter,24,12.0,1638.2767,0.81913835
RP_0148,RP,winter,25,12.5,1366.8422,0.6834211
RP_0148,RP,winter,26,13.0,1252.9816,0.6264908
RP_0148,RP,winter,27,13.5,985.42316,0.49271157
RP_0148,RP,winter,28,14.0,918.1419,0.45907095
RP_0148,RP,winter,29,14.5,721.202,0.360601
RP_0148,RP,winter,30,15.0,622.80347,0.31140172
RP_0148,RP,winter,31,15.5,622.1265,0.31106326
RP_0148,RP,winter,32,16.0,742.7655,0.37138274
RP_0148,RP,winter,33,16.5,858.2686,0.4291343
RP_0148,RP,winter,34,17.0,1098.9126,0.5494563
RP_0148,RP,winter,35,17.5,1025.5765,0.5127883
RP_0148,RP,winter,36,18.0,1428.0426,0.7140213
RP_0148,RP,winter,37,18.5,1539.7227,0.76986134
RP_0148,RP,winter,38,19.0,1843.9481,0.92197406
RP_0148,RP,winter,39,19.5,1660.1986,0.8300993
RP_0148,RP,winter,40,20.0,1858.1957,0.92909783
RP_0148,RP,winter,41,20.5,1817.0432,0.9085216
RP_0148,RP,winter,42,21.0,1645.0695,0.82253474
RP_0148,RP,winter,43,21.5,2190.8945,1.0954473
RP_0148,RP,winter,44,22.0,2215.5554,1.1077777
RP_0148,RP,winter,45,22.5,2192.374,1.096187
RP_0148,RP,winter,46,23.0,2757.7554,1.3788776
RP_0148,RP,winter,47,23.5,3783.7288,1.8918644
RP_0149,RP,autumn,0,0.0,196.27747,0.098138735
RP_0149,RP,autumn,1,0.5,176.48514,0.08824257
RP_0149,RP,autumn,2,1.0,228.74013,0.11437006
RP_0149,RP,autumn,3,1.5,247.94534,0.12397267
RP_0149,RP,autumn,4,2.0,299.81796,0.14990897
RP_0149,RP,autumn,5,2.5,175.17465,0.08758733
RP_0149,RP,autumn,6,3.0,148.28247,0.074141234
RP_0149,RP,autumn,7,3.5,156.41183,0.07820592
RP_0149,RP,autumn,8,4.0,140.6795,0.070339754
RP_0149,RP,autumn,9,4.5,154.16039,0.07708019
RP_0149,RP,autumn,10,5.0,142.48636,0.07124318
RP_0149,RP,autumn,11,5.5,143.87013,0.071935065
RP_0149,RP,autumn,12,6.0,144.54994,0.07227497
RP_0149,RP,autumn,13,6.5,165.67947,0.082839735
RP_0149,RP,autumn,14,7.0,173.0321,0.08651605
RP_0149,RP,autumn,15,7.5,135.6486,0.067824304
RP_0149,RP,autumn,16,8.0,112.38198,0.05619099
RP_0149,RP,autumn,17,8.5,92.61644,0.04630822
RP_0149,RP,autumn,18,9.0,102.245316,0.051122658
RP_0149,RP,autumn,19,9.5,83.79318,0.041896593
RP_0149,RP,autumn,20,10.0,89.21351,0.044606753
RP_0149,RP,autumn,21,10.5,66.48289,0.033241443
RP_0149,RP,autumn,22,11.0,65.73044,0.03286522
RP_0149,RP,autumn,23,11.5,90.78945,0.045394726
RP_0149,RP,autumn,24,12.0,76.75066,0.038375333
RP_0149,RP,autumn,25,12.5,245.423,0.1227115
RP_0149,RP,autumn,26,13.0,312.6482,0.1563241
RP_0149,RP,autumn,27,13.5,226.08955,0.113044776
RP_0149,RP,autumn,28,14.0,174.29446,0.08714723
RP_0149,RP,autumn,29,14.5,157.5445,0.07877225
RP_0149,RP,autumn,30,15.0,140.04279,0.07002139
RP_0149,RP,autumn,31,15.5,121.183655,0.060591828
RP_0149,RP,autumn,32,16.0,152.00781,0.07600391
RP_0149,RP,autumn,33,16.5,171.03557,0.08551779
RP_0149,RP,autumn,34,17.0,216.13182,0.10806591
RP_0149,RP,autumn,35,17.5,231.89778,0.11594889
RP_0149,RP,autumn,36,18.0,346.80057,0.17340028
RP_0149,RP,autumn,37,18.5,372.2548,0.1861274
RP_0149,RP,autumn,38,19.0,513.6396,0.25681978
RP_0149,RP,autumn,39,19.5,510.18353,0.25509176
RP_0149,RP,autumn,40,20.0,395.5781,0.19778904
RP_0149,RP,autumn,41,20.5,388.86508,0.19443254
RP_0149,RP,autumn,42,21.0,325.32,0.16266
RP_0149,RP,autumn,43,21.5,279.7785,0.13988926
RP_0149,RP,autumn,44,22.0,243.41125,0.12170563
RP_0149,RP,autumn,45,22.5,269.69513,0.13484757
RP_0149,RP,autumn,46,23.0,236.76028,0.118380144
RP_0149,RP,autumn,47,23.5,208.13808,0.10406904
RP_0150,RP,summer,0,0.0,632.8303,0.31641516
RP_0150,RP,summer,1,0.5,662.6406,0.33132032
RP_0150,RP,summer,2,1.0,577.17584,0.28858793
RP_0150,RP,summer,3,1.5,510.5656,0.25528282
RP_0150,RP,summer,4,2.0,510.72006,0.25536004
RP_0150,RP,summer,5,2.5,485.40158,0.24270079
RP_0150,RP,summer,6,3.0,513.9833,0.25699162
RP_0150,RP,summer,7,3.5,544.3373,0.27216864
RP_0150,RP,summer,8,4.0,593.99054,0.29699528
RP_0150,RP,summer,9,4.5,499.0351,0.24951755
RP_0150,RP,summer,10,5.0,608.7754,0.3043877
RP_0150,RP,summer,11,5.5,595.5166,0.2977583
RP_0150,RP,summer,12,6.0,514.8885,0.25744423
RP_0150,RP,summer,13,6.5,395.1247,0.19756235
RP_0150,RP,summer,14,7.0,537.73285,0.26886642
RP_0150,RP,summer,15,7.5,397.74106,0.19887052
RP_0150,RP,summer,16,8.0,413.18564,0.20659281
RP_0150,RP,summer,17,8.5,303.96594,0.15198298
RP_0150,RP,summer,18,9.0,88.69215,0.04434607
RP_0150,RP,summer,19,9.5,8.374402,0.004187201
RP_0150,RP,summer,20,10.0,1.2925849,0.00064629246
RP_0150,RP,summer,21,10.5,3.7070112,0.0018535056
RP_0150,RP,summer,22,11.0,2.047422,0.0010237109
RP_0150,RP,summer,23,11.5,9.251067,0.0046255337
RP_0150,RP,summer,24,12.0,30.769026,0.015384513
RP_0150,RP,summer,25,12.5,9.919239,0.0049596196
RP_0150,RP,summer,26,13.0,6.610509,0.0033052545
RP_0150,RP,summer,27,13.5,18.3767,0.009188349
RP_0150,RP,summer,28,14.0,4.129283,0.0020646416
RP_0150,RP,summer,29,14.5,5.070761,0.0025353807
RP_0150,RP,summer,30,15.0,3.6477098,0.0018238549
RP_0150,RP,summer,31,15.5,43.93617,0.021968083
RP_0150,RP,summer,32,16.0,74.28981,0.037144907
RP_0150,RP,summer,33,16.5,126.52238,0.06326119
RP_0150,RP,summer,34,17.0,139.91103,0.06995551
RP_0150,RP,summer,35,17.5,517.0939,0.25854695
RP_0150,RP,summer,36,18.0,612.3927,0.30619636
RP_0150,RP,summer,37,18.5,540.7275,0.27036375
RP_0150,RP,summer,38,19.0,673.5577,0.33677885
RP_0150,RP,summer,39,19.5,1278.1697,0.6390848
RP_0150,RP,summer,40,20.0,1280.2935,0.64014673
RP_0150,RP,summer,41,20.5,1303.6036,0.6518018
RP_0150,RP,summer,42,21.0,1003.8843,0.50194216
RP_0150,RP,summer,43,21.5,1019.13135,0.50956565
RP_0150,RP,summer,44,22.0,822.198,0.411099
RP_0150,RP,summer,45,22.5,848.8833,0.42444164
RP_0150,RP,summer,46,23.0,660.60614,0.33030307
RP_0150,RP,summer,47,23.5,660.4178,0.3302089
RP_0151,RP,summer,0,0.0,219.95346,0.10997673
RP_0151,RP,summer,1,0.5,290.12903,0.14506452
RP_0151,RP,summer,2,1.0,428.63718,0.21431859
RP_0151,RP,summer,3,1.5,556.47125,0.2782356
RP_0151,RP,summer,4,2.0,699.8673,0.34993365
RP_0151,RP,summer,5,2.5,748.5818,0.37429088
RP_0151,RP,summer,6,3.0,856.9626,0.42848128
RP_0151,RP,summer,7,3.5,1066.486,0.533243
RP_0151,RP,summer,8,4.0,1312.491,0.65624547
RP_0151,RP,summer,9,4.5,1172.3088,0.5861544
RP_0151,RP,summer,10,5.0,1189.0741,0.594537
RP_0151,RP,summer,11,5.5,852.2394,0.4261197
RP_0151,RP,summer,12,6.0,838.1872,0.4190936
RP_0151,RP,summer,13,6.5,458.62598,0.22931299
RP_0151,RP,summer,14,7.0,232.63412,0.11631706
RP_0151,RP,summer,15,7.5,133.33777,0.06666888
RP_0151,RP,summer,16,8.0,107.0324,0.0535162
RP_0151,RP,summer,17,8.5,105.939285,0.052969642
RP_0151,RP,summer,18,9.0,76.63411,0.038317055
RP_0151,RP,summer,19,9.5,83.21174,0.041605867
RP_0151,RP,summer,20,10.0,80.466255,0.040233128
RP_0151,RP,summer,21,10.5,104.64161,0.052320804
RP_0151,RP,summer,22,11.0,118.31401,0.059157006
RP_0151,RP,summer,23,11.5,127.84476,0.063922375
RP_0151,RP,summer,24,12.0,138.67738,0.069338694
RP_0151,RP,summer,25,12.5,122.367,0.061183497
RP_0151,RP,summer,26,13.0,124.03477,0.062017385
RP_0151,RP,summer,27,13.5,99.06125,0.049530625
RP_0151,RP,summer,28,14.0,147.41869,0.07370935
RP_0151,RP,summer,29,14.5,137.1492,0.0685746
RP_0151,RP,summer,30,15.0,253.53632,0.12676816
RP_0151,RP,summer,31,15.5,323.07327,0.16153663
RP_0151,RP,summer,32,16.0,309.7948,0.1548974
RP_0151,RP,summer,33,16.5,219.02751,0.10951375
RP_0151,RP,summer,34,17.0,230.50247,0.115251236
RP_0151,RP,summer,35,17.5,175.44226,0.08772113
RP_0151,RP,summer,36,18.0,185.72102,0.09286051
RP_0151,RP,summer,37,18.5,136.01053,0.068005264
RP_0151,RP,summer,38,19.0,113.48952,0.056744758
RP_0151,RP,summer,39,19.5,112.63453,0.056317266
RP_0151,RP,summer,40,20.0,124.02886,0.06201443
RP_0151,RP,summer,41,20.5,114.47191,0.057235952
RP_0151,RP,summer,42,21.0,117.98307,0.058991536
RP_0151,RP,summer,43,21.5,93.60355,0.046801776
RP_0151,RP,summer,44,22.0,94.0396,0.0470198
RP_0151,RP,summer,45,22.5,69.84647,0.034923237
RP_0151,RP,summer,46,23.0,90.13953,0.04506976
RP_0151,RP,summer,47,23.5,104.90897,0.052454486
RP_0152,RP,autumn,0,0.0,652.0802,0.3260401
RP_0152,RP,autumn,1,0.5,546.59467,0.27329734
RP_0152,RP,autumn,2,1.0,599.5565,0.29977825
RP_0152,RP,autumn,3,1.5,522.4369,0.26121846
RP_0152,RP,autumn,4,2.0,720.8054,0.3604027
RP_0152,RP,autumn,5,2.5,649.67584,0.32483792
RP_0152,RP,autumn,6,3.0,707.9335,0.35396674
RP_0152,RP,autumn,7,3.5,615.2112,0.3076056
RP_0152,RP,autumn,8,4.0,613.2298,0.3066149
RP_0152,RP,autumn,9,4.5,557.3439,0.27867195
RP_0152,RP,autumn,10,5.0,537.26324,0.26863164
RP_0152,RP,autumn,11,5.5,477.45438,0.23872718
RP_0152,RP,autumn,12,6.0,314.09912,0.15704957
RP_0152,RP,autumn,13,6.5,305.0791,0.15253955
RP_0152,RP,autumn,14,7.0,457.99432,0.22899716
RP_0152,RP,autumn,15,7.5,395.6401,0.19782005
RP_0152,RP,autumn,16,8.0,143.89935,0.071949676
RP_0152,RP,autumn,17,8.5,33.395958,0.016697979
RP_0152,RP,autumn,18,9.0,3.1827612,0.0015913806
RP_0152,RP,autumn,19,9.5,10.269431,0.0051347157
RP_0152,RP,autumn,20,10.0,1.814295,0.00090714754
RP_0152,RP,autumn,21,10.5,7.792838,0.003896419
RP_0152,RP,autumn,22,11.0,9.931646,0.004965823
RP_0152,RP,autumn,23,11.5,11.233004,0.005616502
RP_0152,RP,autumn,24,12.0,16.413063,0.008206531
RP_0152,RP,autumn,25,12.5,2.7235277,0.0013617638
RP_0152,RP,autumn,26,13.0,8.731121,0.0043655606
RP_0152,RP,autumn,27,13.5,66.99967,0.033499837
RP_0152,RP,autumn,28,14.0,151.01305,0.07550652
RP_0152,RP,autumn,29,14.5,518.2201,0.25911003
RP_0152,RP,autumn,30,15.0,535.82806,0.26791403
RP_0152,RP,autumn,31,15.5,202.3494,0.1011747
RP_0152,RP,autumn,32,16.0,143.46754,0.07173377
RP_0152,RP,autumn,33,16.5,105.1135,0.05255675
RP_0152,RP,autumn,34,17.0,35.174824,0.017587412
RP_0152,RP,autumn,35,17.5,246.45354,0.12322677
RP_0152,RP,autumn,36,18.0,271.77917,0.13588959
RP_0152,RP,autumn,37,18.5,408.03476,0.20401739
RP_0152,RP,autumn,38,19.0,594.7028,0.29735142
RP_0152,RP,autumn,39,19.5,766.302,0.383151
RP_0152,RP,autumn,40,20.0,785.70917,0.39285457
RP_0152,RP,autumn,41,20.5,736.69604,0.36834803
RP_0152,RP,autumn,42,21.0,764.4748,0.3822374
RP_0152,RP,autumn,43,21.5,797.86444,0.39893222
RP_0152,RP,autumn,44,22.0,576.89276,0.28844637
RP_0152,RP,autumn,45,22.5,646.2456,0.3231228
RP_0152,RP,autumn,46,23.0,768.8039,0.38440195
RP_0152,RP,autumn,47,23.5,642.7181,0.32135904
RP_0153,RP,winter,0,0.0,788.5009,0.39425045
RP_0153,RP,winter,1,0.5,777.8785,0.38893923
RP_0153,RP,winter,2,1.0,1098.4443,0.5492222
RP_0153,RP,winter,3,1.5,1358.4061,0.6792031
RP_0153,RP,winter,4,2.0,1506.3373,0.75316864
RP_0153,RP,winter,5,2.5,1442.6866,0.72134334
RP_0153,RP,winter,6,3.0,1238.1176,0.6190588
RP_0153,RP,winter,7,3.5,1137.7592,0.5688796
RP_0153,RP,winter,8,4.0,991.422,0.495711
RP_0153,RP,winter,9,4.5,851.8741,0.42593706
RP_0153,RP,winter,10,5.0,688.28314,0.34414157
RP_0153,RP,winter,11,5.5,552.3211,0.27616054
RP_0153,RP,winter,12,6.0,535.0443,0.26752216
RP_0153,RP,winter,13,6.5,525.1247,0.26256233
RP_0153,RP,winter,14,7.0,473.27847,0.23663923
RP_0153,RP,winter,15,7.5,414.30005,0.20715003
RP_0153,RP,winter,16,8.0,384.27084,0.19213542
RP_0153,RP,winter,17,8.5,333.15723,0.16657862
RP_0153,RP,winter,18,9.0,313.4348,0.1567174
RP_0153,RP,winter,19,9.5,226.97989,0.11348994
RP_0153,RP,winter,20,10.0,268.6358,0.1343179
RP_0153,RP,winter,21,10.5,249.33284,0.12466642
RP_0153,RP,winter,22,11.0,245.0888,0.1225444
RP_0153,RP,winter,23,11.5,216.9354,0.1084677
RP_0153,RP,winter,24,12.0,279.67905,0.13983953
RP_0153,RP,winter,25,12.5,248.60814,0.12430407
RP_0153,RP,winter,26,13.0,265.55545,0.13277772
RP_0153,RP,winter,27,13.5,277.6207,0.13881035
RP_0153,RP,winter,28,14.0,314.57428,0.15728714
RP_0153,RP,winter,29,14.5,324.78485,0.16239242
RP_0153,RP,winter,30,15.0,342.7545,0.17137724
RP_0153,RP,winter,31,15.5,335.62393,0.16781196
RP_0153,RP,winter,32,16.0,347.7046,0.1738523
RP_0153,RP,winter,33,16.5,387.48166,0.19374083
RP_0153,RP,winter,34,17.0,406.2738,0.2031369
RP_0153,RP,winter,35,17.5,450.17703,0.22508852
RP_0153,RP,winter,36,18.0,596.3748,0.2981874
RP_0153,RP,winter,37,18.5,663.43536,0.33171767
RP_0153,RP,winter,38,19.0,738.76514,0.36938256
RP_0153,RP,winter,39,19.5,880.82983,0.4404149
RP_0153,RP,winter,40,20.0,1071.6614,0.5358307
RP_0153,RP,winter,41,20.5,960.1919,0.48009595
RP_0153,RP,winter,42,21.0,1112.6748,0.5563374
RP_0153,RP,winter,43,21.5,1065.4419,0.5327209
RP_0153,RP,winter,44,22.0,980.35675,0.49017838
RP_0153,RP,winter,45,22.5,1020.3891,0.51019454
RP_0153,RP,winter,46,23.0,878.0506,0.4390253
RP_0153,RP,winter,47,23.5,807.0396,0.4035198
RP_0154,RP,winter,0,0.0,433.23505,0.21661752
RP_0154,RP,winter,1,0.5,379.4685,0.18973425
RP_0154,RP,winter,2,1.0,436.64392,0.21832196
RP_0154,RP,winter,3,1.5,409.78354,0.20489177
RP_0154,RP,winter,4,2.0,486.91382,0.24345692
RP_0154,RP,winter,5,2.5,419.27902,0.2096395
RP_0154,RP,winter,6,3.0,441.04645,0.22052322
RP_0154,RP,winter,7,3.5,378.66183,0.18933092
RP_0154,RP,winter,8,4.0,425.3777,0.21268885
RP_0154,RP,winter,9,4.5,393.32736,0.19666368
RP_0154,RP,winter,10,5.0,374.54312,0.18727157
RP_0154,RP,winter,11,5.5,365.11566,0.18255784
RP_0154,RP,winter,12,6.0,427.0073,0.21350364
RP_0154,RP,winter,13,6.5,441.21213,0.22060606
RP_0154,RP,winter,14,7.0,523.135,0.2615675
RP_0154,RP,winter,15,7.5,589.06226,0.29453114
RP_0154,RP,winter,16,8.0,713.12756,0.35656378
RP_0154,RP,winter,17,8.5,722.5091,0.36125454
RP_0154,RP,winter,18,9.0,742.9879,0.37149397
RP_0154,RP,winter,19,9.5,711.40186,0.35570094
RP_0154,RP,winter,20,10.0,764.0121,0.38200605
RP_0154,RP,winter,21,10.5,848.4506,0.4242253
RP_0154,RP,winter,22,11.0,846.84045,0.42342022
RP_0154,RP,winter,23,11.5,944.17615,0.47208807
RP_0154,RP,winter,24,12.0,1072.2216,0.53611076
RP_0154,RP,winter,25,12.5,1053.1501,0.5265751
RP_0154,RP,winter,26,13.0,945.9391,0.47296953
RP_0154,RP,winter,27,13.5,837.5276,0.4187638
RP_0154,RP,winter,28,14.0,642.12317,0.32106158
RP_0154,RP,winter,29,14.5,674.50464,0.33725232
RP_0154,RP,winter,30,15.0,641.4868,0.3207434
RP_0154,RP,winter,31,15.5,584.7038,0.2923519
RP_0154,RP,winter,32,16.0,641.968,0.320984
RP_0154,RP,winter,33,16.5,689.1162,0.34455812
RP_0154,RP,winter,34,17.0,770.90826,0.38545412
RP_0154,RP,winter,35,17.5,818.55475,0.40927738
RP_0154,RP,winter,36,18.0,1068.8978,0.5344489
RP_0154,RP,winter,37,18.5,1286.4865,0.64324325
RP_0154,RP,winter,38,19.0,1522.082,0.76104105
RP_0154,RP,winter,39,19.5,1610.8348,0.8054174
RP_0154,RP,winter,40,20.0,1672.6512,0.83632565
RP_0154,RP,winter,41,20.5,1684.5854,0.8422927
RP_0154,RP,winter,42,21.0,1706.4701,0.85323507
RP_0154,RP,winter,43,21.5,1432.4419,0.716221
RP_0154,RP,winter,44,22.0,1333.2906,0.66664535
RP_0154,RP,winter,45,22.5,1013.9707,0.50698537
RP_0154,RP,winter,46,23.0,692.7796,0.3463898
RP_0154,RP,winter,47,23.5,513.6465,0.25682324
RP_0155,RP,autumn,0,0.0,1866.0608,0.93303037
RP_0155,RP,autumn,1,0.5,1856.6405,0.9283202
RP_0155,RP,autumn,2,1.0,1772.6416,0.8863208
RP_0155,RP,autumn,3,1.5,1150.3004,0.5751502
RP_0155,RP,autumn,4,2.0,992.5252,0.4962626
RP_0155,RP,autumn,5,2.5,801.87537,0.40093768
RP_0155,RP,autumn,6,3.0,634.1343,0.31706715
RP_0155,RP,autumn,7,3.5,536.5484,0.2682742
RP_0155,RP,autumn,8,4.0,497.704,0.248852
RP_0155,RP,autumn,9,4.5,498.88156,0.24944077
RP_0155,RP,autumn,10,5.0,518.23944,0.25911972
RP_0155,RP,autumn,11,5.5,507.97165,0.25398582
RP_0155,RP,autumn,12,6.0,519.37964,0.2596898
RP_0155,RP,autumn,13,6.5,520.7337,0.26036686
RP_0155,RP,autumn,14,7.0,420.66348,0.21033174
RP_0155,RP,autumn,15,7.5,332.66284,0.16633143
RP_0155,RP,autumn,16,8.0,305.79816,0.15289907
RP_0155,RP,autumn,17,8.5,448.08258,0.22404128
RP_0155,RP,autumn,18,9.0,580.3307,0.29016533
RP_0155,RP,autumn,19,9.5,647.7696,0.3238848
RP_0155,RP,autumn,20,10.0,1068.8167,0.53440833
RP_0155,RP,autumn,21,10.5,925.64685,0.46282342
RP_0155,RP,autumn,22,11.0,1330.9431,0.66547155
RP_0155,RP,autumn,23,11.5,1590.676,0.79533803
RP_0155,RP,autumn,24,12.0,1399.8319,0.69991595
RP_0155,RP,autumn,25,12.5,1357.5961,0.678798
RP_0155,RP,autumn,26,13.0,953.3815,0.47669074
RP_0155,RP,autumn,27,13.5,682.96576,0.34148288
RP_0155,RP,autumn,28,14.0,603.9684,0.3019842
RP_0155,RP,autumn,29,14.5,468.55386,0.23427694
RP_0155,RP,autumn,30,15.0,330.15973,0.16507986
RP_0155,RP,autumn,31,15.5,302.2496,0.1511248
RP_0155,RP,autumn,32,16.0,266.0544,0.13302721
RP_0155,RP,autumn,33,16.5,218.62154,0.10931077
RP_0155,RP,autumn,34,17.0,221.05476,0.11052738
RP_0155,RP,autumn,35,17.5,261.84378,0.13092189
RP_0155,RP,autumn,36,18.0,229.94601,0.11497301
RP_0155,RP,autumn,37,18.5,245.2892,0.1226446
RP_0155,RP,autumn,38,19.0,239.62234,0.11981117
RP_0155,RP,autumn,39,19.5,260.06335,0.13003168
RP_0155,RP,autumn,40,20.0,287.98676,0.14399338
RP_0155,RP,autumn,41,20.5,264.36536,0.13218267
RP_0155,RP,autumn,42,21.0,270.00494,0.13500248
RP_0155,RP,autumn,43,21.5,268.81482,0.13440742
RP_0155,RP,autumn,44,22.0,262.83353,0.13141677
RP_0155,RP,autumn,45,22.5,329.64584,0.16482292
RP_0155,RP,autumn,46,23.0,412.07028,0.20603514
RP_0155,RP,autumn,47,23.5,868.9058,0.43445292
RP_0156,RP,spring,0,0.0,225.4722,0.1127361
RP_0156,RP,spring,1,0.5,195.17488,0.097587444
RP_0156,RP,spring,2,1.0,188.36443,0.094182216
RP_0156,RP,spring,3,1.5,261.01526,0.13050763
RP_0156,RP,spring,4,2.0,294.71478,0.14735739
RP_0156,RP,spring,5,2.5,197.15247,0.09857623
RP_0156,RP,spring,6,3.0,244.26736,0.12213368
RP_0156,RP,spring,7,3.5,251.38033,0.12569016
RP_0156,RP,spring,8,4.0,240.75932,0.120379664
RP_0156,RP,spring,9,4.5,265.7141,0.13285705
RP_0156,RP,spring,10,5.0,222.07668,0.111038335
RP_0156,RP,spring,11,5.5,210.35446,0.10517723
RP_0156,RP,spring,12,6.0,203.82706,0.10191353
RP_0156,RP,spring,13,6.5,196.57721,0.0982886
RP_0156,RP,spring,14,7.0,175.34477,0.08767238
RP_0156,RP,spring,15,7.5,182.63853,0.09131927
RP_0156,RP,spring,16,8.0,139.39722,0.06969861
RP_0156,RP,spring,17,8.5,198.39268,0.099196345
RP_0156,RP,spring,18,9.0,306.31003,0.15315501
RP_0156,RP,spring,19,9.5,561.6648,0.2808324
RP_0156,RP,spring,20,10.0,801.1242,0.4005621
RP_0156,RP,spring,21,10.5,596.5161,0.29825807
RP_0156,RP,spring,22,11.0,744.1091,0.37205455
RP_0156,RP,spring,23,11.5,624.708,0.312354
RP_0156,RP,spring,24,12.0,374.61835,0.18730918
RP_0156,RP,spring,25,12.5,257.03146,0.12851574
RP_0156,RP,spring,26,13.0,213.39851,0.10669926
RP_0156,RP,spring,27,13.5,169.80434,0.08490217
RP_0156,RP,spring,28,14.0,98.1033,0.04905165
RP_0156,RP,spring,29,14.5,76.35686,0.03817843
RP_0156,RP,spring,30,15.0,85.1291,0.04256455
RP_0156,RP,spring,31,15.5,82.45367,0.041226834
RP_0156,RP,spring,32,16.0,72.14723,0.036073618
RP_0156,RP,spring,33,16.5,76.02254,0.038011268
RP_0156,RP,spring,34,17.0,75.17331,0.037586655
RP_0156,RP,spring,35,17.5,91.7007,0.045850348
RP_0156,RP,spring,36,18.0,98.29687,0.049148433
RP_0156,RP,spring,37,18.5,77.78203,0.038891014
RP_0156,RP,spring,38,19.0,94.36873,0.047184363
RP_0156,RP,spring,39,19.5,121.264496,0.060632247
RP_0156,RP,spring,40,20.0,145.96849,0.07298425
RP_0156,RP,spring,41,20.5,171.09177,0.08554588
RP_0156,RP,spring,42,21.0,347.0504,0.17352521
RP_0156,RP,spring,43,21.5,608.68207,0.30434105
RP_0156,RP,spring,44,22.0,1412.6241,0.70631206
RP_0156,RP,spring,45,22.5,1326.1274,0.6630637
RP_0156,RP,spring,46,23.0,589.81366,0.29490682
RP_0156,RP,spring,47,23.5,344.21988,0.17210995
RP_0157,RP,winter,0,0.0,1651.6027,0.8258013
RP_0157,RP,winter,1,0.5,1627.033,0.8135165
RP_0157,RP,winter,2,1.0,1708.7163,0.85435814
RP_0157,RP,winter,3,1.5,1559.5397,0.77976984
RP_0157,RP,winter,4,2.0,1469.5226,0.7347613
RP_0157,RP,winter,5,2.5,1573.0066,0.7865033
RP_0157,RP,winter,6,3.0,1642.1028,0.8210514
RP_0157,RP,winter,7,3.5,1612.3667,0.80618334
RP_0157,RP,winter,8,4.0,1595.2349,0.79761744
RP_0157,RP,winter,9,4.5,1616.3373,0.80816865
RP_0157,RP,winter,10,5.0,1690.0969,0.8450485
RP_0157,RP,winter,11,5.5,1694.4384,0.84721917
RP_0157,RP,winter,12,6.0,1625.0895,0.81254476
RP_0157,RP,winter,13,6.5,1619.847,0.8099235
RP_0157,RP,winter,14,7.0,1709.3018,0.85465086
RP_0157,RP,winter,15,7.5,1649.0278,0.8245139
RP_0157,RP,winter,16,8.0,1575.7455,0.78787273
RP_0157,RP,winter,17,8.5,1559.8002,0.7799001
RP_0157,RP,winter,18,9.0,1515.2083,0.7576041
RP_0157,RP,winter,19,9.5,1501.29,0.75064504
RP_0157,RP,winter,20,10.0,1531.7574,0.76587874
RP_0157,RP,winter,21,10.5,1532.6464,0.7663232
RP_0157,RP,winter,22,11.0,1501.7013,0.7508506
RP_0157,RP,winter,23,11.5,1546.571,0.7732855
RP_0157,RP,winter,24,12.0,1504.3958,0.75219786
RP_0157,RP,winter,25,12.5,1529.7787,0.76488936
RP_0157,RP,winter,26,13.0,1438.88,0.71944
RP_0157,RP,winter,27,13.5,1494.3674,0.74718374
RP_0157,RP,winter,28,14.0,1433.7062,0.7168531
RP_0157,RP,winter,29,14.5,1477.1855,0.73859274
RP_0157,RP,winter,30,15.0,1465.6759,0.732838
RP_0157,RP,winter,31,15.5,1335.5461,0.66777307
RP_0157,RP,winter,32,16.0,1354.178,0.677089
RP_0157,RP,winter,33,16.5,1350.0164,0.6750082
RP_0157,RP,winter,34,17.0,1443.4379,0.7217189
RP_0157,RP,winter,35,17.5,1419.891,0.7099455
RP_0157,RP,winter,36,18.0,1475.8286,0.7379143
RP_0157,RP,winter,37,18.5,1490.7844,0.7453922
RP_0157,RP,winter,38,19.0,1534.0101,0.7670051
RP_0157,RP,winter,39,19.5,1455.6687,0.72783434
RP_0157,RP,winter,40,20.0,1418.8967,0.70944834
RP_0157,RP,winter,41,20.5,1377.2633,0.68863165
RP_0157,RP,winter,42,21.0,1318.4514,0.6592257
RP_0157,RP,winter,43,21.5,1322.2589,0.6611295
RP_0157,RP,winter,44,22.0,1360.3236,0.68016183
RP_0157,RP,winter,45,22.5,1428.1415,0.71407074
RP_0157,RP,winter,46,23.0,1364.7,0.68235
RP_0157,RP,winter,47,23.5,1502.4302,0.7512151
RP_0158,RP,spring,0,0.0,213.17749,0.10658874
RP_0158,RP,spring,1,0.5,214.69588,0.107347935
RP_0158,RP,spring,2,1.0,222.25917,0.11112958
RP_0158,RP,spring,3,1.5,208.43288,0.10421644
RP_0158,RP,spring,4,2.0,241.80197,0.12090099
RP_0158,RP,spring,5,2.5,394.3642,0.1971821
RP_0158,RP,spring,6,3.0,765.0955,0.38254777
RP_0158,RP,spring,7,3.5,851.183,0.4255915
RP_0158,RP,spring,8,4.0,906.95764,0.4534788
RP_0158,RP,spring,9,4.5,712.6704,0.3563352
RP_0158,RP,spring,10,5.0,550.93317,0.2754666
RP_0158,RP,spring,11,5.5,367.12778,0.18356389
RP_0158,RP,spring,12,6.0,268.9699,0.13448496
RP_0158,RP,spring,13,6.5,204.9332,0.1024666
RP_0158,RP,spring,14,7.0,177.86455,0.088932276
RP_0158,RP,spring,15,7.5,172.16913,0.08608457
RP_0158,RP,spring,16,8.0,162.10501,0.081052504
RP_0158,RP,spring,17,8.5,143.30891,0.071654454
RP_0158,RP,spring,18,9.0,154.14041,0.07707021
RP_0158,RP,spring,19,9.5,160.89993,0.08044997
RP_0158,RP,spring,20,10.0,251.99713,0.12599857
RP_0158,RP,spring,21,10.5,231.6313,0.115815654
RP_0158,RP,spring,22,11.0,344.33347,0.17216673
RP_0158,RP,spring,23,11.5,337.534,0.168767
RP_0158,RP,spring,24,12.0,367.5966,0.1837983
RP_0158,RP,spring,25,12.5,389.6187,0.19480936
RP_0158,RP,spring,26,13.0,348.07227,0.17403613
RP_0158,RP,spring,27,13.5,332.5221,0.16626105
RP_0158,RP,spring,28,14.0,552.16547,0.27608272
RP_0158,RP,spring,29,14.5,475.12112,0.23756056
RP_0158,RP,spring,30,15.0,348.41415,0.17420708
RP_0158,RP,spring,31,15.5,327.8833,0.16394165
RP_0158,RP,spring,32,16.0,312.44336,0.15622167
RP_0158,RP,spring,33,16.5,276.3404,0.1381702
RP_0158,RP,spring,34,17.0,284.8445,0.14242226
RP_0158,RP,spring,35,17.5,288.38376,0.14419188
RP_0158,RP,spring,36,18.0,318.99023,0.15949512
RP_0158,RP,spring,37,18.5,302.43503,0.15121752
RP_0158,RP,spring,38,19.0,395.0516,0.1975258
RP_0158,RP,spring,39,19.5,336.7077,0.16835386
RP_0158,RP,spring,40,20.0,362.8124,0.1814062
RP_0158,RP,spring,41,20.5,344.26566,0.17213283
RP_0158,RP,spring,42,21.0,335.73648,0.16786824
RP_0158,RP,spring,43,21.5,320.7697,0.16038486
RP_0158,RP,spring,44,22.0,331.27234,0.16563617
RP_0158,RP,spring,45,22.5,326.11703,0.16305852
RP_0158,RP,spring,46,23.0,292.0423,0.14602114
RP_0158,RP,spring,47,23.5,230.73828,0.11536914
RP_0159,RP,summer,0,0.0,356.3917,0.17819585
RP_0159,RP,summer,1,0.5,674.6718,0.3373359
RP_0159,RP,summer,2,1.0,1657.9275,0.82896376
RP_0159,RP,summer,3,1.5,4194.75,2.097375
RP_0159,RP,summer,4,2.0,3638.8838,1.8194419
RP_0159,RP,summer,5,2.5,3263.7192,1.6318597
RP_0159,RP,summer,6,3.0,4851.241,2.4256206
RP_0159,RP,summer,7,3.5,2572.4766,1.2862383
RP_0159,RP,summer,8,4.0,2174.4106,1.0872053
RP_0159,RP,summer,9,4.5,2255.4167,1.1277083
RP_0159,RP,summer,10,5.0,2297.633,1.1488166
RP_0159,RP,summer,11,5.5,1880.41,0.94020504
RP_0159,RP,summer,12,6.0,1147.0354,0.5735177
RP_0159,RP,summer,13,6.5,1053.5604,0.5267802
RP_0159,RP,summer,14,7.0,1006.9768,0.5034884
RP_0159,RP,summer,15,7.5,448.32315,0.22416158
RP_0159,RP,summer,16,8.0,119.766106,0.059883054
RP_0159,RP,summer,17,8.5,137.36668,0.06868334
RP_0159,RP,summer,18,9.0,4.1346726,0.0020673363
RP_0159,RP,summer,19,9.5,0.060931057,3.0465528e-05
RP_0159,RP,summer,20,10.0,1.014096,0.000507048
RP_0159,RP,summer,21,10.5,10.163972,0.005081986
RP_0159,RP,summer,22,11.0,10.194821,0.0050974106
RP_0159,RP,summer,23,11.5,6.5521655,0.0032760827
RP_0159,RP,summer,24,12.0,27.84056,0.01392028
RP_0159,RP,summer,25,12.5,195.52289,0.097761445
RP_0159,RP,summer,26,13.0,115.62471,0.057812355
RP_0159,RP,summer,27,13.5,103.88989,0.051944945
RP_0159,RP,summer,28,14.0,104.01125,0.052005626
RP_0159,RP,summer,29,14.5,8.683362,0.004341681
RP_0159,RP,summer,30,15.0,0.92496204,0.00046248102
RP_0159,RP,summer,31,15.5,0.6310173,0.00031550866
RP_0159,RP,summer,32,16.0,0.0,0.0
RP_0159,RP,summer,33,16.5,0.43513784,0.00021756892
RP_0159,RP,summer,34,17.0,3.0579896,0.0015289948
RP_0159,RP,summer,35,17.5,0.35711265,0.00017855632
RP_0159,RP,summer,36,18.0,4.1087036,0.0020543518
RP_0159,RP,summer,37,18.5,28.182848,0.014091424
RP_0159,RP,summer,38,19.0,48.854088,0.024427043
RP_0159,RP,summer,39,19.5,501.96423,0.2509821
RP_0159,RP,summer,40,20.0,502.42108,0.25121054
RP_0159,RP,summer,41,20.5,266.6356,0.1333178
RP_0159,RP,summer,42,21.0,247.99734,0.12399867
RP_0159,RP,summer,43,21.5,296.37088,0.14818545
RP_0159,RP,summer,44,22.0,150.8724,0.075436205
RP_0159,RP,summer,45,22.5,119.718376,0.059859186
RP_0159,RP,summer,46,23.0,76.01024,0.03800512
RP_0159,RP,summer,47,23.5,85.92544,0.04296272
RP_0160,RP,winter,0,0.0,3704.467,1.8522335
RP_0160,RP,winter,1,0.5,4478.3716,2.2391858
RP_0160,RP,winter,2,1.0,4365.195,2.1825974
RP_0160,RP,winter,3,1.5,4137.9897,2.0689948
RP_0160,RP,winter,4,2.0,3684.6567,1.8423283
RP_0160,RP,winter,5,2.5,3521.5542,1.7607771
RP_0160,RP,winter,6,3.0,3567.7502,1.7838751
RP_0160,RP,winter,7,3.5,4416.788,2.208394
RP_0160,RP,winter,8,4.0,4223.534,2.111767
RP_0160,RP,winter,9,4.5,4569.473,2.2847366
RP_0160,RP,winter,10,5.0,4695.338,2.347669
RP_0160,RP,winter,11,5.5,5086.3896,2.5431948
RP_0160,RP,winter,12,6.0,4101.7793,2.0508897
RP_0160,RP,winter,13,6.5,4416.43,2.208215
RP_0160,RP,winter,14,7.0,4851.5977,2.425799
RP_0160,RP,winter,15,7.5,5883.9297,2.9419649
RP_0160,RP,winter,16,8.0,4524.444,2.2622218
RP_0160,RP,winter,17,8.5,5689.8994,2.8449497
RP_0160,RP,winter,18,9.0,5532.1216,2.7660608
RP_0160,RP,winter,19,9.5,5724.2544,2.8621273
RP_0160,RP,winter,20,10.0,3602.449,1.8012245
RP_0160,RP,winter,21,10.5,4579.8804,2.28994
RP_0160,RP,winter,22,11.0,4585.0776,2.292539
RP_0160,RP,winter,23,11.5,4848.572,2.424286
RP_0160,RP,winter,24,12.0,3886.109,1.9430544
RP_0160,RP,winter,25,12.5,4182.284,2.0911422
RP_0160,RP,winter,26,13.0,4020.813,2.0104065
RP_0160,RP,winter,27,13.5,4306.0503,2.1530252
RP_0160,RP,winter,28,14.0,3401.9553,1.7009777
RP_0160,RP,winter,29,14.5,3438.947,1.7194735
RP_0160,RP,winter,30,15.0,3788.1023,1.8940512
RP_0160,RP,winter,31,15.5,4161.225,2.0806127
RP_0160,RP,winter,32,16.0,3661.496,1.8307481
RP_0160,RP,winter,33,16.5,3895.391,1.9476956
RP_0160,RP,winter,34,17.0,3586.5183,1.7932591
RP_0160,RP,winter,35,17.5,3517.9717,1.7589859
RP_0160,RP,winter,36,18.0,3081.6401,1.5408201
RP_0160,RP,winter,37,18.5,3795.3435,1.8976717
RP_0160,RP,winter,38,19.0,4352.26,2.1761298
RP_0160,RP,winter,39,19.5,4479.132,2.2395658
RP_0160,RP,winter,40,20.0,3840.5002,1.9202502
RP_0160,RP,winter,41,20.5,4149.9355,2.0749679
RP_0160,RP,winter,42,21.0,4227.424,2.1137118
RP_0160,RP,winter,43,21.5,4436.694,2.2183468
RP_0160,RP,winter,44,22.0,3955.041,1.9775205
RP_0160,RP,winter,45,22.5,3889.1943,1.9445971
RP_0160,RP,winter,46,23.0,3834.8516,1.9174258
RP_0160,RP,winter,47,23.5,3632.2666,1.8161333
RP_0161,RP,spring,0,0.0,78.6565,0.03932825
RP_0161,RP,spring,1,0.5,67.18887,0.033594437
RP_0161,RP,spring,2,1.0,68.652054,0.034326028
RP_0161,RP,spring,3,1.5,74.92719,0.037463598
RP_0161,RP,spring,4,2.0,93.56066,0.04678033
RP_0161,RP,spring,5,2.5,66.27399,0.033136994
RP_0161,RP,spring,6,3.0,85.611404,0.0428057
RP_0161,RP,spring,7,3.5,73.959854,0.03697993
RP_0161,RP,spring,8,4.0,69.940216,0.03497011
RP_0161,RP,spring,9,4.5,60.284046,0.030142022
RP_0161,RP,spring,10,5.0,78.018936,0.039009467
RP_0161,RP,spring,11,5.5,156.16321,0.0780816
RP_0161,RP,spring,12,6.0,1294.5491,0.64727455
RP_0161,RP,spring,13,6.5,2375.4104,1.1877052
RP_0161,RP,spring,14,7.0,1546.2168,0.7731084
RP_0161,RP,spring,15,7.5,423.84338,0.21192169
RP_0161,RP,spring,16,8.0,173.705,0.0868525
RP_0161,RP,spring,17,8.5,99.34081,0.049670406
RP_0161,RP,spring,18,9.0,73.59277,0.036796387
RP_0161,RP,spring,19,9.5,69.03408,0.03451704
RP_0161,RP,spring,20,10.0,64.138054,0.032069027
RP_0161,RP,spring,21,10.5,61.977707,0.030988853
RP_0161,RP,spring,22,11.0,80.57561,0.040287804
RP_0161,RP,spring,23,11.5,125.00599,0.062502995
RP_0161,RP,spring,24,12.0,207.06927,0.10353464
RP_0161,RP,spring,25,12.5,280.46817,0.14023408
RP_0161,RP,spring,26,13.0,202.32982,0.10116491
RP_0161,RP,spring,27,13.5,115.57673,0.057788365
RP_0161,RP,spring,28,14.0,86.7086,0.043354303
RP_0161,RP,spring,29,14.5,57.231277,0.028615639
RP_0161,RP,spring,30,15.0,59.006897,0.029503448
RP_0161,RP,spring,31,15.5,65.33663,0.032668315
RP_0161,RP,spring,32,16.0,72.28807,0.036144037
RP_0161,RP,spring,33,16.5,94.151695,0.04707585
RP_0161,RP,spring,34,17.0,94.4767,0.04723835
RP_0161,RP,spring,35,17.5,119.07161,0.059535805
RP_0161,RP,spring,36,18.0,158.73853,0.07936926
RP_0161,RP,spring,37,18.5,279.10492,0.13955246
RP_0161,RP,spring,38,19.0,386.07394,0.19303697
RP_0161,RP,spring,39,19.5,339.3533,0.16967665
RP_0161,RP,spring,40,20.0,374.81775,0.18740888
RP_0161,RP,spring,41,20.5,272.75253,0.13637626
RP_0161,RP,spring,42,21.0,244.16447,0.12208224
RP_0161,RP,spring,43,21.5,188.31593,0.094157964
RP_0161,RP,spring,44,22.0,156.71056,0.078355275
RP_0161,RP,spring,45,22.5,152.64827,0.076324135
RP_0161,RP,spring,46,23.0,137.90121,0.06895061
RP_0161,RP,spring,47,23.5,98.27925,0.049139626
RP_0162,RP,winter,0,0.0,691.5269,0.34576344
RP_0162,RP,winter,1,0.5,717.99207,0.35899603
RP_0162,RP,winter,2,1.0,799.94934,0.39997467
RP_0162,RP,winter,3,1.5,1586.8645,0.79343224
RP_0162,RP,winter,4,2.0,2119.327,1.0596634
RP_0162,RP,winter,5,2.5,2332.7026,1.1663513
RP_0162,RP,winter,6,3.0,2411.577,1.2057885
RP_0162,RP,winter,7,3.5,2171.422,1.085711
RP_0162,RP,winter,8,4.0,1937.341,0.9686705
RP_0162,RP,winter,9,4.5,1773.9132,0.88695663
RP_0162,RP,winter,10,5.0,1587.7104,0.79385525
RP_0162,RP,winter,11,5.5,1408.5162,0.70425814
RP_0162,RP,winter,12,6.0,1500.5724,0.7502862
RP_0162,RP,winter,13,6.5,1577.572,0.788786
RP_0162,RP,winter,14,7.0,1323.8234,0.66191167
RP_0162,RP,winter,15,7.5,1163.4479,0.5817239
RP_0162,RP,winter,16,8.0,1027.2084,0.51360416
RP_0162,RP,winter,17,8.5,823.5679,0.41178393
RP_0162,RP,winter,18,9.0,773.6922,0.3868461
RP_0162,RP,winter,19,9.5,590.90894,0.29545447
RP_0162,RP,winter,20,10.0,755.51953,0.37775975
RP_0162,RP,winter,21,10.5,595.2851,0.29764256
RP_0162,RP,winter,22,11.0,538.9887,0.26949435
RP_0162,RP,winter,23,11.5,483.07047,0.24153523
RP_0162,RP,winter,24,12.0,606.2438,0.3031219
RP_0162,RP,winter,25,12.5,834.5577,0.41727883
RP_0162,RP,winter,26,13.0,913.48126,0.45674062
RP_0162,RP,winter,27,13.5,917.6131,0.45880654
RP_0162,RP,winter,28,14.0,1143.4253,0.5717127
RP_0162,RP,winter,29,14.5,1125.0457,0.5625228
RP_0162,RP,winter,30,15.0,1002.78424,0.5013921
RP_0162,RP,winter,31,15.5,715.01074,0.35750538
RP_0162,RP,winter,32,16.0,716.71716,0.3583586
RP_0162,RP,winter,33,16.5,662.94,0.33147
RP_0162,RP,winter,34,17.0,737.807,0.36890352
RP_0162,RP,winter,35,17.5,713.7309,0.35686544
RP_0162,RP,winter,36,18.0,927.3611,0.46368054
RP_0162,RP,winter,37,18.5,878.0359,0.43901795
RP_0162,RP,winter,38,19.0,912.3757,0.45618784
RP_0162,RP,winter,39,19.5,959.10675,0.47955337
RP_0162,RP,winter,40,20.0,1046.3677,0.5231838
RP_0162,RP,winter,41,20.5,949.85156,0.4749258
RP_0162,RP,winter,42,21.0,956.84735,0.47842368
RP_0162,RP,winter,43,21.5,931.5858,0.4657929
RP_0162,RP,winter,44,22.0,866.6555,0.43332776
RP_0162,RP,winter,45,22.5,865.8268,0.4329134
RP_0162,RP,winter,46,23.0,757.7909,0.37889546
RP_0162,RP,winter,47,23.5,703.2848,0.3516424
RP_0163,RP,spring,0,0.0,382.47815,0.19123907
RP_0163,RP,spring,1,0.5,310.6365,0.15531825
RP_0163,RP,spring,2,1.0,325.12634,0.16256317
RP_0163,RP,spring,3,1.5,291.19937,0.1455997
RP_0163,RP,spring,4,2.0,300.27576,0.15013787
RP_0163,RP,spring,5,2.5,259.03366,0.12951683
RP_0163,RP,spring,6,3.0,292.20975,0.14610487
RP_0163,RP,spring,7,3.5,260.8741,0.13043706
RP_0163,RP,spring,8,4.0,265.20157,0.13260078
RP_0163,RP,spring,9,4.5,223.5021,0.11175105
RP_0163,RP,spring,10,5.0,236.52617,0.11826308
RP_0163,RP,spring,11,5.5,197.25,0.098625
RP_0163,RP,spring,12,6.0,230.14001,0.11507001
RP_0163,RP,spring,13,6.5,185.92592,0.09296296
RP_0163,RP,spring,14,7.0,223.69102,0.111845516
RP_0163,RP,spring,15,7.5,183.38399,0.09169199
RP_0163,RP,spring,16,8.0,209.28275,0.10464137
RP_0163,RP,spring,17,8.5,215.54855,0.10777428
RP_0163,RP,spring,18,9.0,239.44182,0.119720906
RP_0163,RP,spring,19,9.5,285.1059,0.14255294
RP_0163,RP,spring,20,10.0,399.58505,0.19979252
RP_0163,RP,spring,21,10.5,527.66693,0.26383346
RP_0163,RP,spring,22,11.0,590.07745,0.29503873
RP_0163,RP,spring,23,11.5,762.8963,0.38144815
RP_0163,RP,spring,24,12.0,637.4954,0.3187477
RP_0163,RP,spring,25,12.5,423.19745,0.21159872
RP_0163,RP,spring,26,13.0,400.76822,0.20038411
RP_0163,RP,spring,27,13.5,348.01468,0.17400734
RP_0163,RP,spring,28,14.0,338.63235,0.16931617
RP_0163,RP,spring,29,14.5,320.18814,0.16009407
RP_0163,RP,spring,30,15.0,382.44962,0.19122481
RP_0163,RP,spring,31,15.5,392.30994,0.19615497
RP_0163,RP,spring,32,16.0,502.79355,0.25139678
RP_0163,RP,spring,33,16.5,550.42993,0.27521497
RP_0163,RP,spring,34,17.0,703.3059,0.35165295
RP_0163,RP,spring,35,17.5,785.4091,0.39270455
RP_0163,RP,spring,36,18.0,1041.875,0.5209375
RP_0163,RP,spring,37,18.5,1161.4496,0.5807248
RP_0163,RP,spring,38,19.0,1133.4175,0.56670874
RP_0163,RP,spring,39,19.5,954.9966,0.4774983
RP_0163,RP,spring,40,20.0,807.0666,0.40353328
RP_0163,RP,spring,41,20.5,614.05927,0.30702963
RP_0163,RP,spring,42,21.0,583.065,0.2915325
RP_0163,RP,spring,43,21.5,501.6281,0.25081405
RP_0163,RP,spring,44,22.0,474.85284,0.23742642
RP_0163,RP,spring,45,22.5,419.61865,0.20980933
RP_0163,RP,spring,46,23.0,418.47977,0.20923989
RP_0163,RP,spring,47,23.5,344.02585,0.17201293
RP_0164,RP,autumn,0,0.0,472.81577,0.23640788
RP_0164,RP,autumn,1,0.5,362.41605,0.18120803
RP_0164,RP,autumn,2,1.0,362.11276,0.18105638
RP_0164,RP,autumn,3,1.5,276.63983,0.13831991
RP_0164,RP,autumn,4,2.0,243.65938,0.12182969
RP_0164,RP,autumn,5,2.5,295.49234,0.14774618
RP_0164,RP,autumn,6,3.0,286.82098,0.14341049
RP_0164,RP,autumn,7,3.5,330.69138,0.16534568
RP_0164,RP,autumn,8,4.0,288.0281,0.14401406
RP_0164,RP,autumn,9,4.5,359.83408,0.17991704
RP_0164,RP,autumn,10,5.0,298.79153,0.14939576
RP_0164,RP,autumn,11,5.5,371.2019,0.18560095
RP_0164,RP,autumn,12,6.0,318.34485,0.15917243
RP_0164,RP,autumn,13,6.5,267.58112,0.13379055
RP_0164,RP,autumn,14,7.0,233.74983,0.11687492
RP_0164,RP,autumn,15,7.5,226.2865,0.11314325
RP_0164,RP,autumn,16,8.0,175.98795,0.08799397
RP_0164,RP,autumn,17,8.5,160.10971,0.08005486
RP_0164,RP,autumn,18,9.0,155.97874,0.07798937
RP_0164,RP,autumn,19,9.5,160.40945,0.080204725
RP_0164,RP,autumn,20,10.0,191.72748,0.09586374
RP_0164,RP,autumn,21,10.5,272.26724,0.13613363
RP_0164,RP,autumn,22,11.0,274.1329,0.13706645
RP_0164,RP,autumn,23,11.5,205.63876,0.10281938
RP_0164,RP,autumn,24,12.0,237.76917,0.118884586
RP_0164,RP,autumn,25,12.5,75.25799,0.037628993
RP_0164,RP,autumn,26,13.0,93.16569,0.046582844
RP_0164,RP,autumn,27,13.5,33.155605,0.016577803
RP_0164,RP,autumn,28,14.0,51.44102,0.02572051
RP_0164,RP,autumn,29,14.5,44.07078,0.02203539
RP_0164,RP,autumn,30,15.0,78.93891,0.039469454
RP_0164,RP,autumn,31,15.5,143.6872,0.071843594
RP_0164,RP,autumn,32,16.0,85.50294,0.04275147
RP_0164,RP,autumn,33,16.5,96.144775,0.048072387
RP_0164,RP,autumn,34,17.0,108.70243,0.054351214
RP_0164,RP,autumn,35,17.5,106.68714,0.05334357
RP_0164,RP,autumn,36,18.0,133.29402,0.06664701
RP_0164,RP,autumn,37,18.5,179.26834,0.08963417
RP_0164,RP,autumn,38,19.0,181.11295,0.09055647
RP_0164,RP,autumn,39,19.5,175.55528,0.087777644
RP_0164,RP,autumn,40,20.0,204.32225,0.102161124
RP_0164,RP,autumn,41,20.5,200.53586,0.10026793
RP_0164,RP,autumn,42,21.0,167.77344,0.08388672
RP_0164,RP,autumn,43,21.5,223.62987,0.11181493
RP_0164,RP,autumn,44,22.0,426.2094,0.21310471
RP_0164,RP,autumn,45,22.5,965.39056,0.48269528
RP_0164,RP,autumn,46,23.0,1077.7355,0.5388677
RP_0164,RP,autumn,47,23.5,707.2378,0.3536189
RP_0165,RP,autumn,0,0.0,523.7264,0.2618632
RP_0165,RP,autumn,1,0.5,527.92487,0.26396245
RP_0165,RP,autumn,2,1.0,693.03735,0.34651867
RP_0165,RP,autumn,3,1.5,1153.129,0.5765645
RP_0165,RP,autumn,4,2.0,1656.2222,0.8281111
RP_0165,RP,autumn,5,2.5,1774.621,0.8873105
RP_0165,RP,autumn,6,3.0,1907.6829,0.95384145
RP_0165,RP,autumn,7,3.5,1910.8364,0.9554182
RP_0165,RP,autumn,8,4.0,1685.0123,0.8425062
RP_0165,RP,autumn,9,4.5,1343.4408,0.6717204
RP_0165,RP,autumn,10,5.0,1039.3826,0.5196913
RP_0165,RP,autumn,11,5.5,722.0018,0.3610009
RP_0165,RP,autumn,12,6.0,669.27405,0.33463702
RP_0165,RP,autumn,13,6.5,598.8851,0.29944253
RP_0165,RP,autumn,14,7.0,461.01736,0.23050869
RP_0165,RP,autumn,15,7.5,354.30762,0.17715381
RP_0165,RP,autumn,16,8.0,262.8485,0.13142425
RP_0165,RP,autumn,17,8.5,243.25024,0.121625125
RP_0165,RP,autumn,18,9.0,261.5215,0.13076076
RP_0165,RP,autumn,19,9.5,274.98962,0.13749482
RP_0165,RP,autumn,20,10.0,318.3616,0.1591808
RP_0165,RP,autumn,21,10.5,289.67795,0.14483897
RP_0165,RP,autumn,22,11.0,399.2343,0.19961716
RP_0165,RP,autumn,23,11.5,445.5703,0.22278516
RP_0165,RP,autumn,24,12.0,616.93866,0.30846933
RP_0165,RP,autumn,25,12.5,760.362,0.380181
RP_0165,RP,autumn,26,13.0,738.04626,0.36902314
RP_0165,RP,autumn,27,13.5,528.9908,0.2644954
RP_0165,RP,autumn,28,14.0,383.16888,0.19158444
RP_0165,RP,autumn,29,14.5,325.9806,0.1629903
RP_0165,RP,autumn,30,15.0,299.44052,0.14972027
RP_0165,RP,autumn,31,15.5,291.70587,0.14585294
RP_0165,RP,autumn,32,16.0,320.9482,0.1604741
RP_0165,RP,autumn,33,16.5,376.98355,0.18849178
RP_0165,RP,autumn,34,17.0,495.5239,0.24776195
RP_0165,RP,autumn,35,17.5,670.18713,0.33509356
RP_0165,RP,autumn,36,18.0,860.604,0.430302
RP_0165,RP,autumn,37,18.5,914.33765,0.45716882
RP_0165,RP,autumn,38,19.0,977.34125,0.48867062
RP_0165,RP,autumn,39,19.5,1017.26373,0.5086319
RP_0165,RP,autumn,40,20.0,971.8816,0.48594078
RP_0165,RP,autumn,41,20.5,897.42175,0.4487109
RP_0165,RP,autumn,42,21.0,785.0121,0.39250603
RP_0165,RP,autumn,43,21.5,722.45734,0.36122867
RP_0165,RP,autumn,44,22.0,746.59247,0.37329623
RP_0165,RP,autumn,45,22.5,770.5771,0.38528854
RP_0165,RP,autumn,46,23.0,679.0986,0.33954927
RP_0165,RP,autumn,47,23.5,503.9713,0.25198567
RP_0166,RP,summer,0,0.0,364.51614,0.18225807
RP_0166,RP,summer,1,0.5,180.8292,0.0904146
RP_0166,RP,summer,2,1.0,131.92212,0.06596106
RP_0166,RP,summer,3,1.5,148.21622,0.07410811
RP_0166,RP,summer,4,2.0,111.90968,0.05595484
RP_0166,RP,summer,5,2.5,155.28012,0.077640064
RP_0166,RP,summer,6,3.0,157.64304,0.07882152
RP_0166,RP,summer,7,3.5,186.4547,0.09322735
RP_0166,RP,summer,8,4.0,210.25934,0.10512967
RP_0166,RP,summer,9,4.5,159.54222,0.07977111
RP_0166,RP,summer,10,5.0,181.70824,0.090854116
RP_0166,RP,summer,11,5.5,246.48033,0.123240165
RP_0166,RP,summer,12,6.0,262.92978,0.13146488
RP_0166,RP,summer,13,6.5,251.80876,0.12590438
RP_0166,RP,summer,14,7.0,309.55035,0.15477517
RP_0166,RP,summer,15,7.5,415.60254,0.20780127
RP_0166,RP,summer,16,8.0,414.8541,0.20742705
RP_0166,RP,summer,17,8.5,347.0048,0.1735024
RP_0166,RP,summer,18,9.0,432.4136,0.2162068
RP_0166,RP,summer,19,9.5,462.00894,0.23100448
RP_0166,RP,summer,20,10.0,377.04053,0.18852027
RP_0166,RP,summer,21,10.5,321.4629,0.16073145
RP_0166,RP,summer,22,11.0,460.50632,0.23025316
RP_0166,RP,summer,23,11.5,598.7392,0.2993696
RP_0166,RP,summer,24,12.0,638.26404,0.31913203
RP_0166,RP,summer,25,12.5,624.38074,0.31219035
RP_0166,RP,summer,26,13.0,635.3969,0.31769845
RP_0166,RP,summer,27,13.5,659.59796,0.32979897
RP_0166,RP,summer,28,14.0,500.5292,0.2502646
RP_0166,RP,summer,29,14.5,546.45184,0.27322593
RP_0166,RP,summer,30,15.0,638.1894,0.3190947
RP_0166,RP,summer,31,15.5,679.0143,0.33950713
RP_0166,RP,summer,32,16.0,750.62616,0.37531307
RP_0166,RP,summer,33,16.5,765.02246,0.38251123
RP_0166,RP,summer,34,17.0,843.66876,0.42183438
RP_0166,RP,summer,35,17.5,842.68896,0.4213445
RP_0166,RP,summer,36,18.0,767.8578,0.3839289
RP_0166,RP,summer,37,18.5,817.3239,0.40866196
RP_0166,RP,summer,38,19.0,886.8947,0.44344735
RP_0166,RP,summer,39,19.5,765.11237,0.38255617
RP_0166,RP,summer,40,20.0,699.23096,0.34961548
RP_0166,RP,summer,41,20.5,700.3337,0.35016683
RP_0166,RP,summer,42,21.0,788.24725,0.3941236
RP_0166,RP,summer,43,21.5,879.6415,0.43982074
RP_0166,RP,summer,44,22.0,1163.5756,0.58178777
RP_0166,RP,summer,45,22.5,1875.1334,0.9375667
RP_0166,RP,summer,46,23.0,1934.86,0.96743
RP_0166,RP,summer,47,23.5,1287.7924,0.64389616
RP_0167,RP,winter,0,0.0,476.2786,0.2381393
RP_0167,RP,winter,1,0.5,451.78265,0.22589132
RP_0167,RP,winter,2,1.0,427.88638,0.2139432
RP_0167,RP,winter,3,1.5,374.7031,0.18735155
RP_0167,RP,winter,4,2.0,408.00296,0.20400149
RP_0167,RP,winter,5,2.5,422.4069,0.21120344
RP_0167,RP,winter,6,3.0,414.97348,0.20748673
RP_0167,RP,winter,7,3.5,417.0628,0.20853141
RP_0167,RP,winter,8,4.0,422.16165,0.21108082
RP_0167,RP,winter,9,4.5,412.4246,0.2062123
RP_0167,RP,winter,10,5.0,448.50058,0.22425029
RP_0167,RP,winter,11,5.5,454.2322,0.22711611
RP_0167,RP,winter,12,6.0,513.8369,0.25691846
RP_0167,RP,winter,13,6.5,492.61765,0.24630882
RP_0167,RP,winter,14,7.0,542.16534,0.27108267
RP_0167,RP,winter,15,7.5,594.5304,0.2972652
RP_0167,RP,winter,16,8.0,677.06085,0.33853042
RP_0167,RP,winter,17,8.5,694.6615,0.34733075
RP_0167,RP,winter,18,9.0,759.6522,0.3798261
RP_0167,RP,winter,19,9.5,688.33215,0.34416607
RP_0167,RP,winter,20,10.0,603.6993,0.30184963
RP_0167,RP,winter,21,10.5,540.3229,0.27016145
RP_0167,RP,winter,22,11.0,454.0688,0.22703439
RP_0167,RP,winter,23,11.5,368.97537,0.18448769
RP_0167,RP,winter,24,12.0,373.29117,0.18664558
RP_0167,RP,winter,25,12.5,280.98175,0.14049087
RP_0167,RP,winter,26,13.0,270.6275,0.13531375
RP_0167,RP,winter,27,13.5,228.3054,0.1141527
RP_0167,RP,winter,28,14.0,219.64465,0.109822325
RP_0167,RP,winter,29,14.5,234.40794,0.11720397
RP_0167,RP,winter,30,15.0,236.76187,0.118380934
RP_0167,RP,winter,31,15.5,257.97418,0.12898709
RP_0167,RP,winter,32,16.0,257.05225,0.12852612
RP_0167,RP,winter,33,16.5,311.63998,0.15582
RP_0167,RP,winter,34,17.0,348.2461,0.17412305
RP_0167,RP,winter,35,17.5,332.9898,0.1664949
RP_0167,RP,winter,36,18.0,408.6215,0.20431075
RP_0167,RP,winter,37,18.5,450.3367,0.22516835
RP_0167,RP,winter,38,19.0,437.5309,0.21876545
RP_0167,RP,winter,39,19.5,439.45346,0.21972673
RP_0167,RP,winter,40,20.0,484.50693,0.24225347
RP_0167,RP,winter,41,20.5,450.32184,0.22516093
RP_0167,RP,winter,42,21.0,424.5327,0.21226636
RP_0167,RP,winter,43,21.5,454.359,0.2271795
RP_0167,RP,winter,44,22.0,497.42633,0.24871317
RP_0167,RP,winter,45,22.5,578.41504,0.28920752
RP_0167,RP,winter,46,23.0,526.5722,0.2632861
RP_0167,RP,winter,47,23.5,499.4258,0.2497129
RP_0168,RP,autumn,0,0.0,1526.5712,0.7632856
RP_0168,RP,autumn,1,0.5,1584.1404,0.7920702
RP_0168,RP,autumn,2,1.0,1762.9204,0.8814602
RP_0168,RP,autumn,3,1.5,1706.1184,0.85305923
RP_0168,RP,autumn,4,2.0,1754.6709,0.8773354
RP_0168,RP,autumn,5,2.5,1681.3888,0.84069437
RP_0168,RP,autumn,6,3.0,1463.4174,0.7317087
RP_0168,RP,autumn,7,3.5,1306.2627,0.65313137
RP_0168,RP,autumn,8,4.0,1210.4331,0.60521656
RP_0168,RP,autumn,9,4.5,1165.0087,0.58250433
RP_0168,RP,autumn,10,5.0,1072.8994,0.53644973
RP_0168,RP,autumn,11,5.5,974.05786,0.48702893
RP_0168,RP,autumn,12,6.0,1052.5879,0.52629393
RP_0168,RP,autumn,13,6.5,1076.8024,0.5384012
RP_0168,RP,autumn,14,7.0,907.7854,0.4538927
RP_0168,RP,autumn,15,7.5,834.6553,0.41732764
RP_0168,RP,autumn,16,8.0,861.8251,0.43091252
RP_0168,RP,autumn,17,8.5,810.59296,0.40529647
RP_0168,RP,autumn,18,9.0,838.31805,0.41915902
RP_0168,RP,autumn,19,9.5,739.214,0.369607
RP_0168,RP,autumn,20,10.0,921.9655,0.46098277
RP_0168,RP,autumn,21,10.5,874.669,0.4373345
RP_0168,RP,autumn,22,11.0,987.0915,0.49354574
RP_0168,RP,autumn,23,11.5,960.7939,0.48039696
RP_0168,RP,autumn,24,12.0,1191.4388,0.5957194
RP_0168,RP,autumn,25,12.5,1374.0166,0.6870083
RP_0168,RP,autumn,26,13.0,1331.7029,0.6658514
RP_0168,RP,autumn,27,13.5,1389.7473,0.69487363
RP_0168,RP,autumn,28,14.0,1272.5789,0.6362894
RP_0168,RP,autumn,29,14.5,1097.2272,0.5486136
RP_0168,RP,autumn,30,15.0,863.42944,0.4317147
RP_0168,RP,autumn,31,15.5,731.8461,0.36592308
RP_0168,RP,autumn,32,16.0,686.54205,0.34327102
RP_0168,RP,autumn,33,16.5,629.8979,0.31494895
RP_0168,RP,autumn,34,17.0,669.2069,0.33460346
RP_0168,RP,autumn,35,17.5,736.1524,0.3680762
RP_0168,RP,autumn,36,18.0,822.3354,0.41116768
RP_0168,RP,autumn,37,18.5,898.9366,0.44946828
RP_0168,RP,autumn,38,19.0,932.2077,0.46610385
RP_0168,RP,autumn,39,19.5,926.5876,0.4632938
RP_0168,RP,autumn,40,20.0,951.6378,0.4758189
RP_0168,RP,autumn,41,20.5,1007.5807,0.5037903
RP_0168,RP,autumn,42,21.0,981.7972,0.49089858
RP_0168,RP,autumn,43,21.5,1142.8792,0.57143956
RP_0168,RP,autumn,44,22.0,1225.8258,0.6129129
RP_0168,RP,autumn,45,22.5,1236.519,0.61825955
RP_0168,RP,autumn,46,23.0,1244.5901,0.622295
RP_0168,RP,autumn,47,23.5,1454.5044,0.7272522
RP_0169,RP,summer,0,0.0,75.821976,0.037910987
RP_0169,RP,summer,1,0.5,60.056767,0.030028384
RP_0169,RP,summer,2,1.0,58.710167,0.029355083
RP_0169,RP,summer,3,1.5,109.285614,0.054642808
RP_0169,RP,summer,4,2.0,40.939106,0.020469554
RP_0169,RP,summer,5,2.5,88.61045,0.044305224
RP_0169,RP,summer,6,3.0,75.705284,0.03785264
RP_0169,RP,summer,7,3.5,75.42096,0.03771048
RP_0169,RP,summer,8,4.0,95.04822,0.04752411
RP_0169,RP,summer,9,4.5,61.168503,0.030584252
RP_0169,RP,summer,10,5.0,69.99815,0.034999076
RP_0169,RP,summer,11,5.5,102.39025,0.051195126
RP_0169,RP,summer,12,6.0,96.80105,0.048400525
RP_0169,RP,summer,13,6.5,134.83519,0.06741759
RP_0169,RP,summer,14,7.0,130.28322,0.06514161
RP_0169,RP,summer,15,7.5,202.28822,0.10114411
RP_0169,RP,summer,16,8.0,99.43013,0.049715064
RP_0169,RP,summer,17,8.5,54.596794,0.027298396
RP_0169,RP,summer,18,9.0,79.691376,0.039845686
RP_0169,RP,summer,19,9.5,113.43931,0.056719653
RP_0169,RP,summer,20,10.0,31.916122,0.015958061
RP_0169,RP,summer,21,10.5,97.72244,0.04886122
RP_0169,RP,summer,22,11.0,55.71389,0.027856944
RP_0169,RP,summer,23,11.5,63.491623,0.03174581
RP_0169,RP,summer,24,12.0,94.87475,0.047437374
RP_0169,RP,summer,25,12.5,50.616245,0.025308123
RP_0169,RP,summer,26,13.0,69.307945,0.034653973
RP_0169,RP,summer,27,13.5,92.365234,0.046182618
RP_0169,RP,summer,28,14.0,68.29474,0.03414737
RP_0169,RP,summer,29,14.5,79.724625,0.039862312
RP_0169,RP,summer,30,15.0,102.88721,0.051443603
RP_0169,RP,summer,31,15.5,107.450264,0.05372513
RP_0169,RP,summer,32,16.0,110.10116,0.055050578
RP_0169,RP,summer,33,16.5,117.08298,0.058541488
RP_0169,RP,summer,34,17.0,111.41571,0.055707857
RP_0169,RP,summer,35,17.5,127.6207,0.06381035
RP_0169,RP,summer,36,18.0,98.05795,0.049028978
RP_0169,RP,summer,37,18.5,147.37021,0.0736851
RP_0169,RP,summer,38,19.0,213.56287,0.10678143
RP_0169,RP,summer,39,19.5,178.2109,0.08910546
RP_0169,RP,summer,40,20.0,211.64688,0.10582344
RP_0169,RP,summer,41,20.5,197.85129,0.09892564
RP_0169,RP,summer,42,21.0,162.26974,0.08113487
RP_0169,RP,summer,43,21.5,247.62279,0.123811394
RP_0169,RP,summer,44,22.0,359.78882,0.1798944
RP_0169,RP,summer,45,22.5,868.3402,0.4341701
RP_0169,RP,summer,46,23.0,423.73584,0.21186791
RP_0169,RP,summer,47,23.5,182.74048,0.09137024
RP_0170,RP,winter,0,0.0,1401.0588,0.7005294
RP_0170,RP,winter,1,0.5,1197.6224,0.5988112
RP_0170,RP,winter,2,1.0,1343.7473,0.6718736
RP_0170,RP,winter,3,1.5,1224.9048,0.6124524
RP_0170,RP,winter,4,2.0,1511.2559,0.75562793
RP_0170,RP,winter,5,2.5,1296.8789,0.64843947
RP_0170,RP,winter,6,3.0,1370.8214,0.6854107
RP_0170,RP,winter,7,3.5,1360.8151,0.6804075
RP_0170,RP,winter,8,4.0,1447.2559,0.7236279
RP_0170,RP,winter,9,4.5,1426.5906,0.7132953
RP_0170,RP,winter,10,5.0,1435.2135,0.7176067
RP_0170,RP,winter,11,5.5,1634.9221,0.8174611
RP_0170,RP,winter,12,6.0,1641.3423,0.82067114
RP_0170,RP,winter,13,6.5,1730.5015,0.8652507
RP_0170,RP,winter,14,7.0,1803.2839,0.90164196
RP_0170,RP,winter,15,7.5,1775.483,0.8877415
RP_0170,RP,winter,16,8.0,1760.1654,0.8800827
RP_0170,RP,winter,17,8.5,1769.2551,0.8846276
RP_0170,RP,winter,18,9.0,1738.7112,0.8693556
RP_0170,RP,winter,19,9.5,1836.122,0.91806096
RP_0170,RP,winter,20,10.0,2075.442,1.0377209
RP_0170,RP,winter,21,10.5,2085.505,1.0427524
RP_0170,RP,winter,22,11.0,2473.8953,1.2369477
RP_0170,RP,winter,23,11.5,2476.5745,1.2382872
RP_0170,RP,winter,24,12.0,2457.6865,1.2288432
RP_0170,RP,winter,25,12.5,2563.9512,1.2819756
RP_0170,RP,winter,26,13.0,2679.8174,1.3399087
RP_0170,RP,winter,27,13.5,2359.741,1.1798705
RP_0170,RP,winter,28,14.0,1907.0277,0.95351386
RP_0170,RP,winter,29,14.5,1906.3318,0.9531659
RP_0170,RP,winter,30,15.0,1911.5476,0.95577383
RP_0170,RP,winter,31,15.5,2120.1987,1.0600994
RP_0170,RP,winter,32,16.0,2120.6074,1.0603037
RP_0170,RP,winter,33,16.5,2372.628,1.186314
RP_0170,RP,winter,34,17.0,2159.708,1.079854
RP_0170,RP,winter,35,17.5,2350.46,1.17523
RP_0170,RP,winter,36,18.0,2376.944,1.188472
RP_0170,RP,winter,37,18.5,2358.2014,1.1791008
RP_0170,RP,winter,38,19.0,2312.8318,1.1564159
RP_0170,RP,winter,39,19.5,2244.7395,1.1223698
RP_0170,RP,winter,40,20.0,2103.9663,1.0519831
RP_0170,RP,winter,41,20.5,2315.573,1.1577865
RP_0170,RP,winter,42,21.0,2261.9775,1.1309887
RP_0170,RP,winter,43,21.5,2059.8213,1.0299107
RP_0170,RP,winter,44,22.0,1850.5703,0.92528516
RP_0170,RP,winter,45,22.5,2044.2782,1.0221391
RP_0170,RP,winter,46,23.0,1959.7622,0.9798811
RP_0170,RP,winter,47,23.5,1635.3162,0.81765807
RP_0171,RP,autumn,0,0.0,210.32452,0.10516226
RP_0171,RP,autumn,1,0.5,163.46689,0.08173344
RP_0171,RP,autumn,2,1.0,150.05643,0.07502821
RP_0171,RP,autumn,3,1.5,175.14517,0.08757259
RP_0171,RP,autumn,4,2.0,181.82903,0.09091451
RP_0171,RP,autumn,5,2.5,152.01482,0.07600741
RP_0171,RP,autumn,6,3.0,176.31883,0.08815942
RP_0171,RP,autumn,7,3.5,149.82791,0.074913956
RP_0171,RP,autumn,8,4.0,191.31163,0.095655814
RP_0171,RP,autumn,9,4.5,154.17644,0.07708822
RP_0171,RP,autumn,10,5.0,186.31744,0.09315872
RP_0171,RP,autumn,11,5.5,176.99425,0.088497125
RP_0171,RP,autumn,12,6.0,280.55316,0.14027658
RP_0171,RP,autumn,13,6.5,265.95142,0.13297571
RP_0171,RP,autumn,14,7.0,309.76352,0.15488176
RP_0171,RP,autumn,15,7.5,290.98306,0.14549153
RP_0171,RP,autumn,16,8.0,372.13162,0.18606581
RP_0171,RP,autumn,17,8.5,350.64572,0.17532286
RP_0171,RP,autumn,18,9.0,389.01477,0.19450739
RP_0171,RP,autumn,19,9.5,485.3575,0.24267876
RP_0171,RP,autumn,20,10.0,505.73648,0.25286824
RP_0171,RP,autumn,21,10.5,645.4104,0.3227052
RP_0171,RP,autumn,22,11.0,832.2114,0.41610572
RP_0171,RP,autumn,23,11.5,1173.3544,0.5866772
RP_0171,RP,autumn,24,12.0,1341.7212,0.6708606
RP_0171,RP,autumn,25,12.5,1239.2637,0.6196318
RP_0171,RP,autumn,26,13.0,1190.4698,0.59523493
RP_0171,RP,autumn,27,13.5,1060.2373,0.53011864
RP_0171,RP,autumn,28,14.0,822.952,0.41147602
RP_0171,RP,autumn,29,14.5,624.63727,0.31231862
RP_0171,RP,autumn,30,15.0,620.2755,0.31013775
RP_0171,RP,autumn,31,15.5,604.7893,0.30239466
RP_0171,RP,autumn,32,16.0,627.60516,0.31380257
RP_0171,RP,autumn,33,16.5,594.2028,0.2971014
RP_0171,RP,autumn,34,17.0,751.21674,0.37560835
RP_0171,RP,autumn,35,17.5,723.86896,0.36193448
RP_0171,RP,autumn,36,18.0,989.9655,0.49498275
RP_0171,RP,autumn,37,18.5,1225.676,0.61283803
RP_0171,RP,autumn,38,19.0,1183.7213,0.59186065
RP_0171,RP,autumn,39,19.5,987.0741,0.49353704
RP_0171,RP,autumn,40,20.0,858.1277,0.42906386
RP_0171,RP,autumn,41,20.5,682.9041,0.34145206
RP_0171,RP,autumn,42,21.0,623.1456,0.31157282
RP_0171,RP,autumn,43,21.5,507.57474,0.25378737
RP_0171,RP,autumn,44,22.0,414.50644,0.20725322
RP_0171,RP,autumn,45,22.5,339.50623,0.16975312
RP_0171,RP,autumn,46,23.0,319.10913,0.15955457
RP_0171,RP,autumn,47,23.5,256.27206,0.12813604
RP_0172,RP,autumn,0,0.0,307.69455,0.15384728
RP_0172,RP,autumn,1,0.5,78.71586,0.03935793
RP_0172,RP,autumn,2,1.0,55.96954,0.02798477
RP_0172,RP,autumn,3,1.5,42.286728,0.021143364
RP_0172,RP,autumn,4,2.0,33.989967,0.016994983
RP_0172,RP,autumn,5,2.5,40.07998,0.020039989
RP_0172,RP,autumn,6,3.0,36.280838,0.018140418
RP_0172,RP,autumn,7,3.5,47.96523,0.023982614
RP_0172,RP,autumn,8,4.0,34.946373,0.017473187
RP_0172,RP,autumn,9,4.5,47.886513,0.023943257
RP_0172,RP,autumn,10,5.0,38.98198,0.019490989
RP_0172,RP,autumn,11,5.5,33.422276,0.016711138
RP_0172,RP,autumn,12,6.0,23.473837,0.011736918
RP_0172,RP,autumn,13,6.5,30.148468,0.015074234
RP_0172,RP,autumn,14,7.0,23.792164,0.011896082
RP_0172,RP,autumn,15,7.5,24.94947,0.012474735
RP_0172,RP,autumn,16,8.0,25.850908,0.012925454
RP_0172,RP,autumn,17,8.5,22.628534,0.011314267
RP_0172,RP,autumn,18,9.0,24.205435,0.0121027175
RP_0172,RP,autumn,19,9.5,29.897602,0.014948801
RP_0172,RP,autumn,20,10.0,22.083904,0.011041952
RP_0172,RP,autumn,21,10.5,27.861576,0.013930788
RP_0172,RP,autumn,22,11.0,11.854587,0.005927293
RP_0172,RP,autumn,23,11.5,26.59071,0.013295355
RP_0172,RP,autumn,24,12.0,24.80219,0.012401096
RP_0172,RP,autumn,25,12.5,27.048235,0.013524118
RP_0172,RP,autumn,26,13.0,29.661053,0.014830526
RP_0172,RP,autumn,27,13.5,28.008448,0.014004224
RP_0172,RP,autumn,28,14.0,21.043953,0.010521976
RP_0172,RP,autumn,29,14.5,16.464027,0.008232013
RP_0172,RP,autumn,30,15.0,20.697195,0.010348598
RP_0172,RP,autumn,31,15.5,15.557457,0.0077787284
RP_0172,RP,autumn,32,16.0,17.252031,0.008626016
RP_0172,RP,autumn,33,16.5,15.9408455,0.0079704225
RP_0172,RP,autumn,34,17.0,14.895852,0.007447926
RP_0172,RP,autumn,35,17.5,22.134058,0.011067029
RP_0172,RP,autumn,36,18.0,21.28423,0.010642115
RP_0172,RP,autumn,37,18.5,22.307653,0.0111538265
RP_0172,RP,autumn,38,19.0,26.704985,0.013352492
RP_0172,RP,autumn,39,19.5,38.919518,0.019459758
RP_0172,RP,autumn,40,20.0,20.151213,0.010075606
RP_0172,RP,autumn,41,20.5,16.66589,0.0083329445
RP_0172,RP,autumn,42,21.0,15.455757,0.0077278786
RP_0172,RP,autumn,43,21.5,12.574495,0.006287248
RP_0172,RP,autumn,44,22.0,62.308693,0.031154346
RP_0172,RP,autumn,45,22.5,299.32907,0.14966454
RP_0172,RP,autumn,46,23.0,537.0187,0.26850933
RP_0172,RP,autumn,47,23.5,552.32056,0.27616027
RP_0173,RP,summer,0,0.0,302.98114,0.15149057
RP_0173,RP,summer,1,0.5,435.14316,0.21757159
RP_0173,RP,summer,2,1.0,1158.1456,0.57907283
RP_0173,RP,summer,3,1.5,465.87225,0.23293613
RP_0173,RP,summer,4,2.0,68.00043,0.034000214
RP_0173,RP,summer,5,2.5,39.7635,0.01988175
RP_0173,RP,summer,6,3.0,36.359913,0.018179957
RP_0173,RP,summer,7,3.5,38.63275,0.019316375
RP_0173,RP,summer,8,4.0,32.667667,0.016333833
RP_0173,RP,summer,9,4.5,19.442806,0.009721403
RP_0173,RP,summer,10,5.0,37.929775,0.018964889
RP_0173,RP,summer,11,5.5,26.008976,0.013004488
RP_0173,RP,summer,12,6.0,27.64902,0.013824509
RP_0173,RP,summer,13,6.5,31.033665,0.0155168325
RP_0173,RP,summer,14,7.0,34.54363,0.017271815
RP_0173,RP,summer,15,7.5,19.122013,0.009561007
RP_0173,RP,summer,16,8.0,28.861912,0.014430956
RP_0173,RP,summer,17,8.5,63.798615,0.031899307
RP_0173,RP,summer,18,9.0,166.9552,0.0834776
RP_0173,RP,summer,19,9.5,170.0309,0.085015446
RP_0173,RP,summer,20,10.0,235.24998,0.11762499
RP_0173,RP,summer,21,10.5,240.15245,0.120076224
RP_0173,RP,summer,22,11.0,258.2219,0.12911095
RP_0173,RP,summer,23,11.5,435.4467,0.21772334
RP_0173,RP,summer,24,12.0,268.6106,0.1343053
RP_0173,RP,summer,25,12.5,285.3416,0.14267081
RP_0173,RP,summer,26,13.0,169.65227,0.084826134
RP_0173,RP,summer,27,13.5,106.18724,0.05309362
RP_0173,RP,summer,28,14.0,59.54754,0.02977377
RP_0173,RP,summer,29,14.5,53.42976,0.02671488
RP_0173,RP,summer,30,15.0,58.594543,0.029297272
RP_0173,RP,summer,31,15.5,42.169052,0.021084527
RP_0173,RP,summer,32,16.0,51.66887,0.025834434
RP_0173,RP,summer,33,16.5,56.214603,0.028107302
RP_0173,RP,summer,34,17.0,75.16431,0.03758215
RP_0173,RP,summer,35,17.5,60.987286,0.030493643
RP_0173,RP,summer,36,18.0,53.393852,0.026696926
RP_0173,RP,summer,37,18.5,42.107506,0.021053754
RP_0173,RP,summer,38,19.0,27.316998,0.013658498
RP_0173,RP,summer,39,19.5,70.261284,0.035130642
RP_0173,RP,summer,40,20.0,67.24004,0.033620022
RP_0173,RP,summer,41,20.5,57.464428,0.028732214
RP_0173,RP,summer,42,21.0,106.509056,0.05325453
RP_0173,RP,summer,43,21.5,84.0058,0.042002898
RP_0173,RP,summer,44,22.0,61.01602,0.030508012
RP_0173,RP,summer,45,22.5,47.089096,0.023544548
RP_0173,RP,summer,46,23.0,51.0928,0.0255464
RP_0173,RP,summer,47,23.5,73.862015,0.036931008
RP_0174,RP,summer,0,0.0,59.54936,0.029774679
RP_0174,RP,summer,1,0.5,53.293747,0.026646873
RP_0174,RP,summer,2,1.0,50.08061,0.025040304
RP_0174,RP,summer,3,1.5,50.88115,0.025440576
RP_0174,RP,summer,4,2.0,43.403244,0.021701623
RP_0174,RP,summer,5,2.5,44.198277,0.02209914
RP_0174,RP,summer,6,3.0,53.327156,0.026663577
RP_0174,RP,summer,7,3.5,69.424515,0.03471226
RP_0174,RP,summer,8,4.0,74.30496,0.03715248
RP_0174,RP,summer,9,4.5,52.403698,0.02620185
RP_0174,RP,summer,10,5.0,60.268646,0.030134324
RP_0174,RP,summer,11,5.5,64.45957,0.032229785
RP_0174,RP,summer,12,6.0,77.317474,0.038658738
RP_0174,RP,summer,13,6.5,67.99069,0.033995345
RP_0174,RP,summer,14,7.0,64.675835,0.03233792
RP_0174,RP,summer,15,7.5,85.85765,0.042928826
RP_0174,RP,summer,16,8.0,95.51209,0.047756046
RP_0174,RP,summer,17,8.5,74.40432,0.03720216
RP_0174,RP,summer,18,9.0,76.50399,0.038251996
RP_0174,RP,summer,19,9.5,79.15874,0.03957937
RP_0174,RP,summer,20,10.0,76.54746,0.03827373
RP_0174,RP,summer,21,10.5,71.484474,0.03574224
RP_0174,RP,summer,22,11.0,75.41287,0.037706435
RP_0174,RP,summer,23,11.5,86.94707,0.043473534
RP_0174,RP,summer,24,12.0,78.26767,0.039133836
RP_0174,RP,summer,25,12.5,65.634636,0.03281732
RP_0174,RP,summer,26,13.0,73.95028,0.036975138
RP_0174,RP,summer,27,13.5,68.175064,0.03408753
RP_0174,RP,summer,28,14.0,60.409714,0.030204857
RP_0174,RP,summer,29,14.5,56.93493,0.028467465
RP_0174,RP,summer,30,15.0,67.35269,0.033676345
RP_0174,RP,summer,31,15.5,77.55276,0.03877638
RP_0174,RP,summer,32,16.0,94.5482,0.0472741
RP_0174,RP,summer,33,16.5,93.46642,0.04673321
RP_0174,RP,summer,34,17.0,101.29058,0.05064529
RP_0174,RP,summer,35,17.5,110.52493,0.055262465
RP_0174,RP,summer,36,18.0,115.619705,0.057809852
RP_0174,RP,summer,37,18.5,127.92317,0.06396159
RP_0174,RP,summer,38,19.0,130.63364,0.06531682
RP_0174,RP,summer,39,19.5,130.87413,0.06543706
RP_0174,RP,summer,40,20.0,129.91446,0.06495723
RP_0174,RP,summer,41,20.5,118.52784,0.05926392
RP_0174,RP,summer,42,21.0,122.12088,0.06106044
RP_0174,RP,summer,43,21.5,113.863655,0.056931827
RP_0174,RP,summer,44,22.0,123.6155,0.06180775
RP_0174,RP,summer,45,22.5,111.83896,0.05591948
RP_0174,RP,summer,46,23.0,104.72748,0.05236374
RP_0174,RP,summer,47,23.5,95.78002,0.04789001
RP_0175,RP,winter,0,0.0,2364.1848,1.1820924
RP_0175,RP,winter,1,0.5,2530.4387,1.2652193
RP_0175,RP,winter,2,1.0,2730.1616,1.3650808
RP_0175,RP,winter,3,1.5,2871.8406,1.4359202
RP_0175,RP,winter,4,2.0,1968.0663,0.98403317
RP_0175,RP,winter,5,2.5,1673.9924,0.8369962
RP_0175,RP,winter,6,3.0,1058.3434,0.5291717
RP_0175,RP,winter,7,3.5,685.5468,0.3427734
RP_0175,RP,winter,8,4.0,612.15936,0.3060797
RP_0175,RP,winter,9,4.5,522.05695,0.26102847
RP_0175,RP,winter,10,5.0,511.9364,0.2559682
RP_0175,RP,winter,11,5.5,477.57166,0.23878583
RP_0175,RP,winter,12,6.0,487.8386,0.2439193
RP_0175,RP,winter,13,6.5,462.19907,0.23109953
RP_0175,RP,winter,14,7.0,416.87366,0.20843683
RP_0175,RP,winter,15,7.5,431.2912,0.2156456
RP_0175,RP,winter,16,8.0,499.51865,0.24975932
RP_0175,RP,winter,17,8.5,402.86417,0.20143208
RP_0175,RP,winter,18,9.0,392.6773,0.19633865
RP_0175,RP,winter,19,9.5,364.71732,0.18235865
RP_0175,RP,winter,20,10.0,426.36163,0.21318081
RP_0175,RP,winter,21,10.5,387.29034,0.19364518
RP_0175,RP,winter,22,11.0,320.97095,0.16048548
RP_0175,RP,winter,23,11.5,239.52232,0.11976116
RP_0175,RP,winter,24,12.0,348.64365,0.17432183
RP_0175,RP,winter,25,12.5,439.0611,0.21953055
RP_0175,RP,winter,26,13.0,417.10727,0.20855364
RP_0175,RP,winter,27,13.5,478.3717,0.23918585
RP_0175,RP,winter,28,14.0,609.0092,0.3045046
RP_0175,RP,winter,29,14.5,583.13995,0.29156998
RP_0175,RP,winter,30,15.0,528.97205,0.264486
RP_0175,RP,winter,31,15.5,488.70016,0.24435008
RP_0175,RP,winter,32,16.0,497.27496,0.24863748
RP_0175,RP,winter,33,16.5,518.07355,0.25903678
RP_0175,RP,winter,34,17.0,543.27167,0.27163583
RP_0175,RP,winter,35,17.5,523.8398,0.2619199
RP_0175,RP,winter,36,18.0,577.00745,0.28850374
RP_0175,RP,winter,37,18.5,774.83527,0.38741764
RP_0175,RP,winter,38,19.0,845.9301,0.42296505
RP_0175,RP,winter,39,19.5,820.39825,0.41019914
RP_0175,RP,winter,40,20.0,871.456,0.43572798
RP_0175,RP,winter,41,20.5,834.4899,0.41724497
RP_0175,RP,winter,42,21.0,817.7361,0.40886804
RP_0175,RP,winter,43,21.5,696.7472,0.3483736
RP_0175,RP,winter,44,22.0,703.2794,0.35163972
RP_0175,RP,winter,45,22.5,648.3889,0.32419446
RP_0175,RP,winter,46,23.0,864.02527,0.43201265
RP_0175,RP,winter,47,23.5,1926.8475,0.9634238
RP_0176,RP,winter,0,0.0,356.94666,0.17847332
RP_0176,RP,winter,1,0.5,277.44366,0.13872184
RP_0176,RP,winter,2,1.0,241.8396,0.1209198
RP_0176,RP,winter,3,1.5,251.94598,0.12597299
RP_0176,RP,winter,4,2.0,258.90585,0.12945293
RP_0176,RP,winter,5,2.5,285.41904,0.14270952
RP_0176,RP,winter,6,3.0,267.40585,0.13370293
RP_0176,RP,winter,7,3.5,276.4593,0.13822964
RP_0176,RP,winter,8,4.0,317.1214,0.1585607
RP_0176,RP,winter,9,4.5,336.58453,0.16829227
RP_0176,RP,winter,10,5.0,448.57687,0.22428843
RP_0176,RP,winter,11,5.5,507.8838,0.2539419
RP_0176,RP,winter,12,6.0,878.28156,0.43914077
RP_0176,RP,winter,13,6.5,1026.2008,0.5131004
RP_0176,RP,winter,14,7.0,1119.2028,0.55960137
RP_0176,RP,winter,15,7.5,1018.71893,0.5093595
RP_0176,RP,winter,16,8.0,983.26514,0.49163258
RP_0176,RP,winter,17,8.5,969.76385,0.48488194
RP_0176,RP,winter,18,9.0,971.6283,0.48581415
RP_0176,RP,winter,19,9.5,954.15955,0.47707978
RP_0176,RP,winter,20,10.0,898.6624,0.4493312
RP_0176,RP,winter,21,10.5,938.0974,0.4690487
RP_0176,RP,winter,22,11.0,779.3484,0.3896742
RP_0176,RP,winter,23,11.5,609.50714,0.30475357
RP_0176,RP,winter,24,12.0,538.62555,0.26931277
RP_0176,RP,winter,25,12.5,247.0512,0.1235256
RP_0176,RP,winter,26,13.0,179.93007,0.08996504
RP_0176,RP,winter,27,13.5,125.46816,0.06273408
RP_0176,RP,winter,28,14.0,117.85854,0.058929272
RP_0176,RP,winter,29,14.5,144.07904,0.07203952
RP_0176,RP,winter,30,15.0,180.64964,0.09032482
RP_0176,RP,winter,31,15.5,257.84616,0.12892307
RP_0176,RP,winter,32,16.0,277.39706,0.13869853
RP_0176,RP,winter,33,16.5,335.97083,0.16798541
RP_0176,RP,winter,34,17.0,483.70496,0.24185248
RP_0176,RP,winter,35,17.5,452.67673,0.22633836
RP_0176,RP,winter,36,18.0,592.55414,0.29627708
RP_0176,RP,winter,37,18.5,778.58,0.38929
RP_0176,RP,winter,38,19.0,702.3521,0.35117605
RP_0176,RP,winter,39,19.5,671.2826,0.3356413
RP_0176,RP,winter,40,20.0,732.00476,0.36600238
RP_0176,RP,winter,41,20.5,704.69904,0.35234952
RP_0176,RP,winter,42,21.0,626.26917,0.31313458
RP_0176,RP,winter,43,21.5,601.5529,0.30077645
RP_0176,RP,winter,44,22.0,660.4531,0.33022657
RP_0176,RP,winter,45,22.5,738.04944,0.36902472
RP_0176,RP,winter,46,23.0,668.0612,0.3340306
RP_0176,RP,winter,47,23.5,512.4427,0.25622135
RP_0177,RP,summer,0,0.0,846.8372,0.4234186
RP_0177,RP,summer,1,0.5,670.82275,0.33541137
RP_0177,RP,summer,2,1.0,553.54645,0.2767732
RP_0177,RP,summer,3,1.5,517.53577,0.25876787
RP_0177,RP,summer,4,2.0,556.5061,0.27825305
RP_0177,RP,summer,5,2.5,507.35364,0.25367683
RP_0177,RP,summer,6,3.0,503.97348,0.25198674
RP_0177,RP,summer,7,3.5,503.58835,0.25179416
RP_0177,RP,summer,8,4.0,490.03485,0.24501742
RP_0177,RP,summer,9,4.5,456.5296,0.2282648
RP_0177,RP,summer,10,5.0,479.92078,0.23996039
RP_0177,RP,summer,11,5.5,424.36658,0.21218328
RP_0177,RP,summer,12,6.0,469.14688,0.23457344
RP_0177,RP,summer,13,6.5,409.0168,0.20450841
RP_0177,RP,summer,14,7.0,398.2243,0.19911215
RP_0177,RP,summer,15,7.5,343.37216,0.17168608
RP_0177,RP,summer,16,8.0,370.46945,0.18523473
RP_0177,RP,summer,17,8.5,409.78412,0.20489205
RP_0177,RP,summer,18,9.0,433.93112,0.21696556
RP_0177,RP,summer,19,9.5,516.1793,0.25808966
RP_0177,RP,summer,20,10.0,529.6609,0.26483044
RP_0177,RP,summer,21,10.5,491.19287,0.24559644
RP_0177,RP,summer,22,11.0,478.87735,0.23943867
RP_0177,RP,summer,23,11.5,367.1339,0.18356696
RP_0177,RP,summer,24,12.0,382.91763,0.19145882
RP_0177,RP,summer,25,12.5,322.88495,0.16144247
RP_0177,RP,summer,26,13.0,324.9645,0.16248225
RP_0177,RP,summer,27,13.5,294.5558,0.14727789
RP_0177,RP,summer,28,14.0,366.26236,0.18313117
RP_0177,RP,summer,29,14.5,336.47525,0.16823763
RP_0177,RP,summer,30,15.0,498.41577,0.24920788
RP_0177,RP,summer,31,15.5,636.4493,0.31822464
RP_0177,RP,summer,32,16.0,629.4964,0.3147482
RP_0177,RP,summer,33,16.5,635.3978,0.31769893
RP_0177,RP,summer,34,17.0,681.2508,0.3406254
RP_0177,RP,summer,35,17.5,630.7432,0.3153716
RP_0177,RP,summer,36,18.0,645.6512,0.32282558
RP_0177,RP,summer,37,18.5,538.0996,0.2690498
RP_0177,RP,summer,38,19.0,551.8688,0.2759344
RP_0177,RP,summer,39,19.5,561.4043,0.28070214
RP_0177,RP,summer,40,20.0,552.5045,0.27625227
RP_0177,RP,summer,41,20.5,444.7867,0.22239336
RP_0177,RP,summer,42,21.0,466.93225,0.23346612
RP_0177,RP,summer,43,21.5,486.24054,0.24312027
RP_0177,RP,summer,44,22.0,456.2049,0.22810245
RP_0177,RP,summer,45,22.5,410.5882,0.2052941
RP_0177,RP,summer,46,23.0,495.92535,0.24796268
RP_0177,RP,summer,47,23.5,615.7982,0.30789912
RP_0178,RP,winter,0,0.0,540.07153,0.27003577
RP_0178,RP,winter,1,0.5,543.9084,0.27195418
RP_0178,RP,winter,2,1.0,644.5292,0.32226458
RP_0178,RP,winter,3,1.5,607.9438,0.3039719
RP_0178,RP,winter,4,2.0,749.9939,0.37499696
RP_0178,RP,winter,5,2.5,660.8342,0.33041713
RP_0178,RP,winter,6,3.0,678.1196,0.3390598
RP_0178,RP,winter,7,3.5,575.6582,0.2878291
RP_0178,RP,winter,8,4.0,636.8859,0.31844297
RP_0178,RP,winter,9,4.5,610.23505,0.30511752
RP_0178,RP,winter,10,5.0,591.1384,0.2955692
RP_0178,RP,winter,11,5.5,557.4371,0.27871853
RP_0178,RP,winter,12,6.0,645.25104,0.32262552
RP_0178,RP,winter,13,6.5,651.8003,0.32590014
RP_0178,RP,winter,14,7.0,742.49176,0.3712459
RP_0178,RP,winter,15,7.5,868.7606,0.43438032
RP_0178,RP,winter,16,8.0,1032.3993,0.51619965
RP_0178,RP,winter,17,8.5,1080.477,0.5402385
RP_0178,RP,winter,18,9.0,1167.1434,0.58357173
RP_0178,RP,winter,19,9.5,1162.4471,0.58122355
RP_0178,RP,winter,20,10.0,1132.2869,0.56614345
RP_0178,RP,winter,21,10.5,1147.8135,0.5739067
RP_0178,RP,winter,22,11.0,1136.9509,0.5684755
RP_0178,RP,winter,23,11.5,1107.4822,0.5537411
RP_0178,RP,winter,24,12.0,1097.623,0.5488115
RP_0178,RP,winter,25,12.5,1146.5778,0.57328886
RP_0178,RP,winter,26,13.0,1082.903,0.54145145
RP_0178,RP,winter,27,13.5,1080.028,0.54001397
RP_0178,RP,winter,28,14.0,1089.0049,0.54450244
RP_0178,RP,winter,29,14.5,1277.1923,0.6385961
RP_0178,RP,winter,30,15.0,1347.9436,0.6739718
RP_0178,RP,winter,31,15.5,1135.2147,0.56760734
RP_0178,RP,winter,32,16.0,1114.552,0.557276
RP_0178,RP,winter,33,16.5,998.51337,0.49925667
RP_0178,RP,winter,34,17.0,1023.7938,0.5118969
RP_0178,RP,winter,35,17.5,985.4824,0.4927412
RP_0178,RP,winter,36,18.0,1114.2695,0.55713475
RP_0178,RP,winter,37,18.5,1116.2981,0.55814904
RP_0178,RP,winter,38,19.0,1275.6896,0.6378448
RP_0178,RP,winter,39,19.5,1190.8329,0.5954164
RP_0178,RP,winter,40,20.0,1167.9641,0.58398205
RP_0178,RP,winter,41,20.5,1056.8734,0.5284367
RP_0178,RP,winter,42,21.0,1033.5106,0.5167553
RP_0178,RP,winter,43,21.5,867.56866,0.43378434
RP_0178,RP,winter,44,22.0,824.32947,0.41216475
RP_0178,RP,winter,45,22.5,708.80316,0.3544016
RP_0178,RP,winter,46,23.0,556.6537,0.27832684
RP_0178,RP,winter,47,23.5,487.3414,0.2436707
RP_0179,RP,spring,0,0.0,228.09076,0.11404538
RP_0179,RP,spring,1,0.5,199.3167,0.09965835
RP_0179,RP,spring,2,1.0,219.47029,0.109735146
RP_0179,RP,spring,3,1.5,252.61482,0.12630741
RP_0179,RP,spring,4,2.0,260.10083,0.13005042
RP_0179,RP,spring,5,2.5,234.92937,0.117464684
RP_0179,RP,spring,6,3.0,275.70145,0.13785072
RP_0179,RP,spring,7,3.5,266.1187,0.13305935
RP_0179,RP,spring,8,4.0,265.42685,0.13271342
RP_0179,RP,spring,9,4.5,262.56055,0.13128027
RP_0179,RP,spring,10,5.0,253.83238,0.12691619
RP_0179,RP,spring,11,5.5,276.5268,0.1382634
RP_0179,RP,spring,12,6.0,309.86163,0.15493082
RP_0179,RP,spring,13,6.5,300.66675,0.15033337
RP_0179,RP,spring,14,7.0,267.25397,0.13362698
RP_0179,RP,spring,15,7.5,262.9883,0.13149415
RP_0179,RP,spring,16,8.0,215.11601,0.107558005
RP_0179,RP,spring,17,8.5,180.60408,0.09030204
RP_0179,RP,spring,18,9.0,195.99106,0.09799553
RP_0179,RP,spring,19,9.5,205.45578,0.10272789
RP_0179,RP,spring,20,10.0,216.11038,0.10805519
RP_0179,RP,spring,21,10.5,183.99297,0.09199648
RP_0179,RP,spring,22,11.0,257.97394,0.12898697
RP_0179,RP,spring,23,11.5,251.89508,0.12594754
RP_0179,RP,spring,24,12.0,224.12225,0.11206113
RP_0179,RP,spring,25,12.5,254.89761,0.12744881
RP_0179,RP,spring,26,13.0,247.55214,0.12377607
RP_0179,RP,spring,27,13.5,317.38257,0.15869129
RP_0179,RP,spring,28,14.0,344.79617,0.17239809
RP_0179,RP,spring,29,14.5,345.70493,0.17285246
RP_0179,RP,spring,30,15.0,279.26993,0.13963497
RP_0179,RP,spring,31,15.5,256.81192,0.12840596
RP_0179,RP,spring,32,16.0,247.48068,0.12374034
RP_0179,RP,spring,33,16.5,251.37456,0.12568727
RP_0179,RP,spring,34,17.0,269.67203,0.13483602
RP_0179,RP,spring,35,17.5,280.53946,0.14026973
RP_0179,RP,spring,36,18.0,292.02356,0.14601178
RP_0179,RP,spring,37,18.5,299.42075,0.14971037
RP_0179,RP,spring,38,19.0,418.9505,0.20947525
RP_0179,RP,spring,39,19.5,404.66763,0.20233382
RP_0179,RP,spring,40,20.0,429.8663,0.21493316
RP_0179,RP,spring,41,20.5,429.13242,0.2145662
RP_0179,RP,spring,42,21.0,398.6799,0.19933996
RP_0179,RP,spring,43,21.5,499.60648,0.24980325
RP_0179,RP,spring,44,22.0,428.0936,0.2140468
RP_0179,RP,spring,45,22.5,483.55612,0.24177806
RP_0179,RP,spring,46,23.0,398.02066,0.19901033
RP_0179,RP,spring,47,23.5,334.5243,0.16726215
RP_0180,RP,autumn,0,0.0,704.41943,0.35220972
RP_0180,RP,autumn,1,0.5,928.2854,0.4641427
RP_0180,RP,autumn,2,1.0,1453.49,0.726745
RP_0180,RP,autumn,3,1.5,1896.0804,0.94804025
RP_0180,RP,autumn,4,2.0,1994.0844,0.9970422
RP_0180,RP,autumn,5,2.5,1875.2327,0.93761635
RP_0180,RP,autumn,6,3.0,1462.5837,0.7312919
RP_0180,RP,autumn,7,3.5,1297.1704,0.6485852
RP_0180,RP,autumn,8,4.0,1131.4318,0.5657159
RP_0180,RP,autumn,9,4.5,999.78815,0.49989408
RP_0180,RP,autumn,10,5.0,1012.17096,0.50608546
RP_0180,RP,autumn,11,5.5,1035.7971,0.51789856
RP_0180,RP,autumn,12,6.0,1078.8857,0.5394429
RP_0180,RP,autumn,13,6.5,1206.7003,0.60335016
RP_0180,RP,autumn,14,7.0,1169.5282,0.5847641
RP_0180,RP,autumn,15,7.5,1082.0846,0.54104227
RP_0180,RP,autumn,16,8.0,1019.6403,0.50982016
RP_0180,RP,autumn,17,8.5,888.7549,0.44437745
RP_0180,RP,autumn,18,9.0,895.14343,0.44757172
RP_0180,RP,autumn,19,9.5,737.87744,0.3689387
RP_0180,RP,autumn,20,10.0,790.5678,0.3952839
RP_0180,RP,autumn,21,10.5,708.81903,0.35440952
RP_0180,RP,autumn,22,11.0,744.38165,0.37219083
RP_0180,RP,autumn,23,11.5,774.5135,0.38725674
RP_0180,RP,autumn,24,12.0,941.5248,0.4707624
RP_0180,RP,autumn,25,12.5,1124.4465,0.56222326
RP_0180,RP,autumn,26,13.0,1151.2737,0.57563686
RP_0180,RP,autumn,27,13.5,1041.865,0.5209325
RP_0180,RP,autumn,28,14.0,1227.7637,0.6138818
RP_0180,RP,autumn,29,14.5,1096.3147,0.54815733
RP_0180,RP,autumn,30,15.0,903.2165,0.45160824
RP_0180,RP,autumn,31,15.5,773.5962,0.38679808
RP_0180,RP,autumn,32,16.0,683.00165,0.34150082
RP_0180,RP,autumn,33,16.5,594.8031,0.29740155
RP_0180,RP,autumn,34,17.0,638.6928,0.3193464
RP_0180,RP,autumn,35,17.5,661.52386,0.33076194
RP_0180,RP,autumn,36,18.0,781.0451,0.39052254
RP_0180,RP,autumn,37,18.5,818.9863,0.40949318
RP_0180,RP,autumn,38,19.0,863.9098,0.4319549
RP_0180,RP,autumn,39,19.5,902.8363,0.45141816
RP_0180,RP,autumn,40,20.0,888.52496,0.44426247
RP_0180,RP,autumn,41,20.5,809.12756,0.40456378
RP_0180,RP,autumn,42,21.0,741.72144,0.37086073
RP_0180,RP,autumn,43,21.5,701.5061,0.35075304
RP_0180,RP,autumn,44,22.0,673.01044,0.3365052
RP_0180,RP,autumn,45,22.5,559.5102,0.2797551
RP_0180,RP,autumn,46,23.0,494.3134,0.2471567
RP_0180,RP,autumn,47,23.5,507.49207,0.25374603
RP_0181,RP,autumn,0,0.0,186.66309,0.093331546
RP_0181,RP,autumn,1,0.5,189.62106,0.09481053
RP_0181,RP,autumn,2,1.0,185.49048,0.09274524
RP_0181,RP,autumn,3,1.5,372.38348,0.18619174
RP_0181,RP,autumn,4,2.0,853.94006,0.42697003
RP_0181,RP,autumn,5,2.5,859.6333,0.42981666
RP_0181,RP,autumn,6,3.0,696.27423,0.3481371
RP_0181,RP,autumn,7,3.5,515.5647,0.25778234
RP_0181,RP,autumn,8,4.0,448.86038,0.22443019
RP_0181,RP,autumn,9,4.5,378.17734,0.18908867
RP_0181,RP,autumn,10,5.0,371.39505,0.18569753
RP_0181,RP,autumn,11,5.5,393.45224,0.19672611
RP_0181,RP,autumn,12,6.0,589.1337,0.29456687
RP_0181,RP,autumn,13,6.5,738.2662,0.36913309
RP_0181,RP,autumn,14,7.0,818.629,0.4093145
RP_0181,RP,autumn,15,7.5,770.80444,0.38540223
RP_0181,RP,autumn,16,8.0,762.3661,0.38118306
RP_0181,RP,autumn,17,8.5,777.6148,0.38880742
RP_0181,RP,autumn,18,9.0,907.74036,0.45387018
RP_0181,RP,autumn,19,9.5,932.7009,0.46635047
RP_0181,RP,autumn,20,10.0,955.65784,0.47782892
RP_0181,RP,autumn,21,10.5,774.7102,0.3873551
RP_0181,RP,autumn,22,11.0,593.23663,0.2966183
RP_0181,RP,autumn,23,11.5,470.7307,0.23536536
RP_0181,RP,autumn,24,12.0,471.93567,0.23596783
RP_0181,RP,autumn,25,12.5,467.62915,0.23381458
RP_0181,RP,autumn,26,13.0,479.94485,0.23997243
RP_0181,RP,autumn,27,13.5,387.37665,0.19368832
RP_0181,RP,autumn,28,14.0,468.16867,0.23408434
RP_0181,RP,autumn,29,14.5,466.95547,0.23347774
RP_0181,RP,autumn,30,15.0,556.1941,0.27809703
RP_0181,RP,autumn,31,15.5,505.99026,0.25299513
RP_0181,RP,autumn,32,16.0,419.11954,0.20955977
RP_0181,RP,autumn,33,16.5,375.6396,0.1878198
RP_0181,RP,autumn,34,17.0,393.51187,0.19675593
RP_0181,RP,autumn,35,17.5,388.04224,0.19402112
RP_0181,RP,autumn,36,18.0,390.49606,0.19524804
RP_0181,RP,autumn,37,18.5,464.4896,0.23224479
RP_0181,RP,autumn,38,19.0,397.9223,0.19896115
RP_0181,RP,autumn,39,19.5,379.11163,0.18955582
RP_0181,RP,autumn,40,20.0,385.1787,0.19258936
RP_0181,RP,autumn,41,20.5,330.8081,0.16540405
RP_0181,RP,autumn,42,21.0,294.9684,0.14748421
RP_0181,RP,autumn,43,21.5,231.51518,0.11575759
RP_0181,RP,autumn,44,22.0,213.5822,0.1067911
RP_0181,RP,autumn,45,22.5,172.65178,0.08632589
RP_0181,RP,autumn,46,23.0,171.66978,0.08583489
RP_0181,RP,autumn,47,23.5,142.74953,0.07137477
RP_0182,RP,spring,0,0.0,586.0747,0.29303735
RP_0182,RP,spring,1,0.5,485.54333,0.24277167
RP_0182,RP,spring,2,1.0,433.5271,0.21676356
RP_0182,RP,spring,3,1.5,469.12402,0.23456201
RP_0182,RP,spring,4,2.0,698.9562,0.3494781
RP_0182,RP,spring,5,2.5,737.5816,0.3687908
RP_0182,RP,spring,6,3.0,1163.0082,0.5815041
RP_0182,RP,spring,7,3.5,1265.8877,0.63294387
RP_0182,RP,spring,8,4.0,1365.7188,0.68285936
RP_0182,RP,spring,9,4.5,1167.1172,0.5835586
RP_0182,RP,spring,10,5.0,1287.6073,0.64380366
RP_0182,RP,spring,11,5.5,1462.4938,0.7312469
RP_0182,RP,spring,12,6.0,1466.5651,0.7332825
RP_0182,RP,spring,13,6.5,1301.1394,0.6505697
RP_0182,RP,spring,14,7.0,1533.7233,0.7668616
RP_0182,RP,spring,15,7.5,1845.4391,0.92271954
RP_0182,RP,spring,16,8.0,2431.3733,1.2156867
RP_0182,RP,spring,17,8.5,2851.363,1.4256815
RP_0182,RP,spring,18,9.0,2899.0068,1.4495034
RP_0182,RP,spring,19,9.5,2902.437,1.4512185
RP_0182,RP,spring,20,10.0,3133.9553,1.5669776
RP_0182,RP,spring,21,10.5,2485.1675,1.2425838
RP_0182,RP,spring,22,11.0,2635.556,1.317778
RP_0182,RP,spring,23,11.5,2038.504,1.0192521
RP_0182,RP,spring,24,12.0,1779.2804,0.8896402
RP_0182,RP,spring,25,12.5,2221.4438,1.110722
RP_0182,RP,spring,26,13.0,2040.8763,1.0204382
RP_0182,RP,spring,27,13.5,2314.812,1.157406
RP_0182,RP,spring,28,14.0,2551.3103,1.2756552
RP_0182,RP,spring,29,14.5,2397.1997,1.1985998
RP_0182,RP,spring,30,15.0,2331.313,1.1656564
RP_0182,RP,spring,31,15.5,2452.6528,1.2263265
RP_0182,RP,spring,32,16.0,2454.2773,1.2271386
RP_0182,RP,spring,33,16.5,2347.8342,1.173917
RP_0182,RP,spring,34,17.0,2213.0886,1.1065443
RP_0182,RP,spring,35,17.5,2517.414,1.258707
RP_0182,RP,spring,36,18.0,2170.2852,1.0851426
RP_0182,RP,spring,37,18.5,2324.284,1.1621419
RP_0182,RP,spring,38,19.0,2507.2632,1.2536316
RP_0182,RP,spring,39,19.5,2789.531,1.3947655
RP_0182,RP,spring,40,20.0,2831.1367,1.4155684
RP_0182,RP,spring,41,20.5,3178.9053,1.5894526
RP_0182,RP,spring,42,21.0,2855.009,1.4275045
RP_0182,RP,spring,43,21.5,2541.9465,1.2709733
RP_0182,RP,spring,44,22.0,2079.9785,1.0399892
RP_0182,RP,spring,45,22.5,2357.757,1.1788785
RP_0182,RP,spring,46,23.0,1641.8428,0.82092136
RP_0182,RP,spring,47,23.5,1144.1682,0.5720841
RP_0183,RP,autumn,0,0.0,148.83603,0.074418016
RP_0183,RP,autumn,1,0.5,136.68556,0.06834278
RP_0183,RP,autumn,2,1.0,131.66168,0.06583084
RP_0183,RP,autumn,3,1.5,155.96414,0.07798207
RP_0183,RP,autumn,4,2.0,149.15602,0.07457801
RP_0183,RP,autumn,5,2.5,110.094055,0.055047028
RP_0183,RP,autumn,6,3.0,148.1625,0.07408125
RP_0183,RP,autumn,7,3.5,177.1465,0.08857325
RP_0183,RP,autumn,8,4.0,210.26982,0.10513491
RP_0183,RP,autumn,9,4.5,212.15306,0.10607653
RP_0183,RP,autumn,10,5.0,208.91689,0.104458444
RP_0183,RP,autumn,11,5.5,234.36832,0.117184155
RP_0183,RP,autumn,12,6.0,230.61288,0.115306444
RP_0183,RP,autumn,13,6.5,158.33223,0.079166114
RP_0183,RP,autumn,14,7.0,132.71727,0.06635863
RP_0183,RP,autumn,15,7.5,123.306656,0.061653327
RP_0183,RP,autumn,16,8.0,92.05855,0.046029273
RP_0183,RP,autumn,17,8.5,77.77707,0.038888536
RP_0183,RP,autumn,18,9.0,72.777374,0.036388688
RP_0183,RP,autumn,19,9.5,108.8391,0.05441955
RP_0183,RP,autumn,20,10.0,144.45517,0.07222758
RP_0183,RP,autumn,21,10.5,162.20903,0.08110452
RP_0183,RP,autumn,22,11.0,187.4762,0.0937381
RP_0183,RP,autumn,23,11.5,172.56271,0.08628136
RP_0183,RP,autumn,24,12.0,160.13353,0.08006676
RP_0183,RP,autumn,25,12.5,135.23158,0.06761579
RP_0183,RP,autumn,26,13.0,126.20469,0.06310234
RP_0183,RP,autumn,27,13.5,138.53166,0.06926583
RP_0183,RP,autumn,28,14.0,136.82507,0.068412535
RP_0183,RP,autumn,29,14.5,123.314476,0.06165724
RP_0183,RP,autumn,30,15.0,140.79204,0.07039602
RP_0183,RP,autumn,31,15.5,172.05794,0.08602897
RP_0183,RP,autumn,32,16.0,183.16916,0.09158458
RP_0183,RP,autumn,33,16.5,180.11366,0.09005683
RP_0183,RP,autumn,34,17.0,205.8102,0.102905095
RP_0183,RP,autumn,35,17.5,218.35748,0.109178744
RP_0183,RP,autumn,36,18.0,239.02715,0.11951357
RP_0183,RP,autumn,37,18.5,252.66284,0.12633142
RP_0183,RP,autumn,38,19.0,224.77296,0.11238648
RP_0183,RP,autumn,39,19.5,185.32257,0.092661284
RP_0183,RP,autumn,40,20.0,189.15717,0.09457858
RP_0183,RP,autumn,41,20.5,182.42972,0.09121486
RP_0183,RP,autumn,42,21.0,167.20374,0.08360187
RP_0183,RP,autumn,43,21.5,207.18687,0.10359344
RP_0183,RP,autumn,44,22.0,176.28416,0.08814208
RP_0183,RP,autumn,45,22.5,168.831,0.084415495
RP_0183,RP,autumn,46,23.0,152.60043,0.07630022
RP_0183,RP,autumn,47,23.5,141.07202,0.07053601
RP_0184,RP,autumn,0,0.0,507.60944,0.2538047
RP_0184,RP,autumn,1,0.5,474.30884,0.23715442
RP_0184,RP,autumn,2,1.0,527.7208,0.2638604
RP_0184,RP,autumn,3,1.5,615.1362,0.3075681
RP_0184,RP,autumn,4,2.0,719.1992,0.35959962
RP_0184,RP,autumn,5,2.5,703.1961,0.35159805
RP_0184,RP,autumn,6,3.0,716.79724,0.35839862
RP_0184,RP,autumn,7,3.5,756.7431,0.37837154
RP_0184,RP,autumn,8,4.0,779.1281,0.38956407
RP_0184,RP,autumn,9,4.5,837.0399,0.41851994
RP_0184,RP,autumn,10,5.0,778.7644,0.3893822
RP_0184,RP,autumn,11,5.5,810.8604,0.4054302
RP_0184,RP,autumn,12,6.0,605.10223,0.30255112
RP_0184,RP,autumn,13,6.5,642.6736,0.3213368
RP_0184,RP,autumn,14,7.0,635.1754,0.3175877
RP_0184,RP,autumn,15,7.5,599.49866,0.2997493
RP_0184,RP,autumn,16,8.0,386.2547,0.19312735
RP_0184,RP,autumn,17,8.5,333.6158,0.1668079
RP_0184,RP,autumn,18,9.0,282.87766,0.14143883
RP_0184,RP,autumn,19,9.5,280.34595,0.14017297
RP_0184,RP,autumn,20,10.0,205.97879,0.1029894
RP_0184,RP,autumn,21,10.5,191.48943,0.095744714
RP_0184,RP,autumn,22,11.0,218.01602,0.109008014
RP_0184,RP,autumn,23,11.5,232.44415,0.116222076
RP_0184,RP,autumn,24,12.0,228.03375,0.114016876
RP_0184,RP,autumn,25,12.5,273.34073,0.13667037
RP_0184,RP,autumn,26,13.0,297.84982,0.14892492
RP_0184,RP,autumn,27,13.5,394.30124,0.19715062
RP_0184,RP,autumn,28,14.0,748.8013,0.37440065
RP_0184,RP,autumn,29,14.5,674.36163,0.33718082
RP_0184,RP,autumn,30,15.0,567.849,0.2839245
RP_0184,RP,autumn,31,15.5,546.674,0.273337
RP_0184,RP,autumn,32,16.0,489.8251,0.24491255
RP_0184,RP,autumn,33,16.5,398.3172,0.1991586
RP_0184,RP,autumn,34,17.0,405.66272,0.20283136
RP_0184,RP,autumn,35,17.5,363.75876,0.18187939
RP_0184,RP,autumn,36,18.0,378.11172,0.18905586
RP_0184,RP,autumn,37,18.5,381.24915,0.19062458
RP_0184,RP,autumn,38,19.0,432.72308,0.21636154
RP_0184,RP,autumn,39,19.5,508.26273,0.25413138
RP_0184,RP,autumn,40,20.0,459.48065,0.22974032
RP_0184,RP,autumn,41,20.5,468.1029,0.23405145
RP_0184,RP,autumn,42,21.0,447.6866,0.2238433
RP_0184,RP,autumn,43,21.5,469.6132,0.2348066
RP_0184,RP,autumn,44,22.0,381.73282,0.19086641
RP_0184,RP,autumn,45,22.5,399.7169,0.19985844
RP_0184,RP,autumn,46,23.0,397.44495,0.19872247
RP_0184,RP,autumn,47,23.5,429.35953,0.21467976
RP_0185,RP,summer,0,0.0,180.33022,0.09016511
RP_0185,RP,summer,1,0.5,170.81422,0.085407116
RP_0185,RP,summer,2,1.0,254.42703,0.12721352
RP_0185,RP,summer,3,1.5,409.96417,0.20498209
RP_0185,RP,summer,4,2.0,547.2363,0.27361816
RP_0185,RP,summer,5,2.5,390.5082,0.1952541
RP_0185,RP,summer,6,3.0,312.10635,0.15605317
RP_0185,RP,summer,7,3.5,266.6319,0.13331595
RP_0185,RP,summer,8,4.0,273.24982,0.1366249
RP_0185,RP,summer,9,4.5,239.88272,0.11994136
RP_0185,RP,summer,10,5.0,245.28473,0.12264237
RP_0185,RP,summer,11,5.5,288.6205,0.14431025
RP_0185,RP,summer,12,6.0,433.67175,0.21683587
RP_0185,RP,summer,13,6.5,402.91385,0.20145692
RP_0185,RP,summer,14,7.0,392.6452,0.1963226
RP_0185,RP,summer,15,7.5,281.10117,0.14055058
RP_0185,RP,summer,16,8.0,237.39601,0.11869801
RP_0185,RP,summer,17,8.5,153.16096,0.07658048
RP_0185,RP,summer,18,9.0,87.60849,0.043804243
RP_0185,RP,summer,19,9.5,59.85029,0.029925143
RP_0185,RP,summer,20,10.0,39.061504,0.019530753
RP_0185,RP,summer,21,10.5,44.971966,0.022485983
RP_0185,RP,summer,22,11.0,48.36081,0.024180405
RP_0185,RP,summer,23,11.5,35.7893,0.01789465
RP_0185,RP,summer,24,12.0,35.60459,0.017802296
RP_0185,RP,summer,25,12.5,32.150524,0.016075263
RP_0185,RP,summer,26,13.0,81.10305,0.040551525
RP_0185,RP,summer,27,13.5,107.44598,0.05372299
RP_0185,RP,summer,28,14.0,63.31952,0.03165976
RP_0185,RP,summer,29,14.5,44.98101,0.022490505
RP_0185,RP,summer,30,15.0,29.542463,0.014771231
RP_0185,RP,summer,31,15.5,54.581844,0.027290922
RP_0185,RP,summer,32,16.0,265.14142,0.13257071
RP_0185,RP,summer,33,16.5,332.2979,0.16614896
RP_0185,RP,summer,34,17.0,498.99026,0.24949513
RP_0185,RP,summer,35,17.5,632.6544,0.3163272
RP_0185,RP,summer,36,18.0,738.7377,0.36936882
RP_0185,RP,summer,37,18.5,871.64197,0.435821
RP_0185,RP,summer,38,19.0,1147.9554,0.5739777
RP_0185,RP,summer,39,19.5,1297.046,0.64852303
RP_0185,RP,summer,40,20.0,950.80237,0.4754012
RP_0185,RP,summer,41,20.5,676.34216,0.3381711
RP_0185,RP,summer,42,21.0,416.57846,0.20828924
RP_0185,RP,summer,43,21.5,311.92114,0.15596057
RP_0185,RP,summer,44,22.0,300.7905,0.15039524
RP_0185,RP,summer,45,22.5,241.08105,0.12054053
RP_0185,RP,summer,46,23.0,309.7619,0.15488096
RP_0185,RP,summer,47,23.5,236.65826,0.11832913
RP_0186,RP,winter,0,0.0,97.27864,0.04863932
RP_0186,RP,winter,1,0.5,109.01627,0.05450814
RP_0186,RP,winter,2,1.0,109.22731,0.054613654
RP_0186,RP,winter,3,1.5,82.02658,0.04101329
RP_0186,RP,winter,4,2.0,240.41719,0.1202086
RP_0186,RP,winter,5,2.5,571.9703,0.28598514
RP_0186,RP,winter,6,3.0,690.2106,0.3451053
RP_0186,RP,winter,7,3.5,318.9042,0.1594521
RP_0186,RP,winter,8,4.0,230.70744,0.11535372
RP_0186,RP,winter,9,4.5,154.21182,0.07710591
RP_0186,RP,winter,10,5.0,137.62444,0.06881222
RP_0186,RP,winter,11,5.5,115.83188,0.05791594
RP_0186,RP,winter,12,6.0,136.39305,0.06819653
RP_0186,RP,winter,13,6.5,202.02202,0.10101101
RP_0186,RP,winter,14,7.0,268.59015,0.13429508
RP_0186,RP,winter,15,7.5,389.1885,0.19459425
RP_0186,RP,winter,16,8.0,480.8387,0.24041936
RP_0186,RP,winter,17,8.5,424.5222,0.2122611
RP_0186,RP,winter,18,9.0,283.35913,0.14167957
RP_0186,RP,winter,19,9.5,186.75894,0.09337947
RP_0186,RP,winter,20,10.0,203.44426,0.10172213
RP_0186,RP,winter,21,10.5,192.75433,0.096377164
RP_0186,RP,winter,22,11.0,220.8119,0.11040595
RP_0186,RP,winter,23,11.5,169.86551,0.08493275
RP_0186,RP,winter,24,12.0,205.8385,0.10291925
RP_0186,RP,winter,25,12.5,189.42194,0.09471097
RP_0186,RP,winter,26,13.0,226.13786,0.11306893
RP_0186,RP,winter,27,13.5,438.73807,0.21936904
RP_0186,RP,winter,28,14.0,1644.7736,0.8223868
RP_0186,RP,winter,29,14.5,2232.6501,1.116325
RP_0186,RP,winter,30,15.0,660.5314,0.3302657
RP_0186,RP,winter,31,15.5,374.91312,0.18745656
RP_0186,RP,winter,32,16.0,255.45584,0.12772793
RP_0186,RP,winter,33,16.5,266.1405,0.13307025
RP_0186,RP,winter,34,17.0,247.42915,0.12371457
RP_0186,RP,winter,35,17.5,308.88397,0.15444198
RP_0186,RP,winter,36,18.0,389.06982,0.19453491
RP_0186,RP,winter,37,18.5,511.7721,0.25588605
RP_0186,RP,winter,38,19.0,584.5907,0.29229534
RP_0186,RP,winter,39,19.5,821.61566,0.41080782
RP_0186,RP,winter,40,20.0,957.32886,0.47866443
RP_0186,RP,winter,41,20.5,872.9641,0.43648204
RP_0186,RP,winter,42,21.0,783.4515,0.39172575
RP_0186,RP,winter,43,21.5,480.4267,0.24021335
RP_0186,RP,winter,44,22.0,321.8132,0.1609066
RP_0186,RP,winter,45,22.5,239.94601,0.119973004
RP_0186,RP,winter,46,23.0,177.87717,0.08893859
RP_0186,RP,winter,47,23.5,151.9321,0.07596605
RP_0187,RP,spring,0,0.0,186.88567,0.093442835
RP_0187,RP,spring,1,0.5,154.23831,0.07711916
RP_0187,RP,spring,2,1.0,210.19226,0.10509613
RP_0187,RP,spring,3,1.5,160.05081,0.080025405
RP_0187,RP,spring,4,2.0,68.93747,0.034468736
RP_0187,RP,spring,5,2.5,59.37427,0.029687136
RP_0187,RP,spring,6,3.0,41.03744,0.02051872
RP_0187,RP,spring,7,3.5,87.44812,0.04372406
RP_0187,RP,spring,8,4.0,95.06952,0.04753476
RP_0187,RP,spring,9,4.5,95.10736,0.04755368
RP_0187,RP,spring,10,5.0,72.68575,0.036342878
RP_0187,RP,spring,11,5.5,189.13359,0.09456679
RP_0187,RP,spring,12,6.0,115.2388,0.0576194
RP_0187,RP,spring,13,6.5,113.167816,0.056583907
RP_0187,RP,spring,14,7.0,61.059685,0.030529842
RP_0187,RP,spring,15,7.5,194.47902,0.09723951
RP_0187,RP,spring,16,8.0,144.3267,0.07216335
RP_0187,RP,spring,17,8.5,41.17097,0.020585485
RP_0187,RP,spring,18,9.0,5.4983215,0.0027491609
RP_0187,RP,spring,19,9.5,90.480576,0.045240287
RP_0187,RP,spring,20,10.0,8.820226,0.0044101127
RP_0187,RP,spring,21,10.5,7.4876146,0.0037438073
RP_0187,RP,spring,22,11.0,6.1374197,0.0030687097
RP_0187,RP,spring,23,11.5,0.7873981,0.00039369904
RP_0187,RP,spring,24,12.0,3.5638933,0.0017819466
RP_0187,RP,spring,25,12.5,0.17160635,8.580317e-05
RP_0187,RP,spring,26,13.0,3.4018974,0.0017009487
RP_0187,RP,spring,27,13.5,0.0,0.0
RP_0187,RP,spring,28,14.0,0.12723869,6.361934e-05
RP_0187,RP,spring,29,14.5,0.25200078,0.00012600039
RP_0187,RP,spring,30,15.0,67.591064,0.03379553
RP_0187,RP,spring,31,15.5,8.608232,0.0043041157
RP_0187,RP,spring,32,16.0,0.0,0.0
RP_0187,RP,spring,33,16.5,0.0,0.0
RP_0187,RP,spring,34,17.0,0.0,0.0
RP_0187,RP,spring,35,17.5,0.32613352,0.00016306675
RP_0187,RP,spring,36,18.0,1.9492786,0.0009746393
RP_0187,RP,spring,37,18.5,7.6983624,0.003849181
RP_0187,RP,spring,38,19.0,1358.2933,0.67914665
RP_0187,RP,spring,39,19.5,472.54675,0.23627338
RP_0187,RP,spring,40,20.0,218.58919,0.10929459
RP_0187,RP,spring,41,20.5,383.4423,0.19172114
RP_0187,RP,spring,42,21.0,243.81949,0.121909745
RP_0187,RP,spring,43,21.5,431.04083,0.21552041
RP_0187,RP,spring,44,22.0,255.26541,0.1276327
RP_0187,RP,spring,45,22.5,139.96735,0.069983676
RP_0187,RP,spring,46,23.0,191.61522,0.09580761
RP_0187,RP,spring,47,23.5,227.37462,0.11368731
RP_0188,RP,spring,0,0.0,296.74518,0.14837259
RP_0188,RP,spring,1,0.5,281.60095,0.14080048
RP_0188,RP,spring,2,1.0,250.754,0.125377
RP_0188,RP,spring,3,1.5,275.2549,0.13762745
RP_0188,RP,spring,4,2.0,301.37775,0.15068887
RP_0188,RP,spring,5,2.5,227.85297,0.113926485
RP_0188,RP,spring,6,3.0,221.46333,0.11073167
RP_0188,RP,spring,7,3.5,209.07379,0.1045369
RP_0188,RP,spring,8,4.0,212.26418,0.10613209
RP_0188,RP,spring,9,4.5,202.81459,0.1014073
RP_0188,RP,spring,10,5.0,219.78084,0.109890416
RP_0188,RP,spring,11,5.5,192.42996,0.09621498
RP_0188,RP,spring,12,6.0,182.04736,0.09102368
RP_0188,RP,spring,13,6.5,176.99934,0.08849967
RP_0188,RP,spring,14,7.0,183.91078,0.09195539
RP_0188,RP,spring,15,7.5,193.99158,0.096995786
RP_0188,RP,spring,16,8.0,238.1144,0.1190572
RP_0188,RP,spring,17,8.5,245.13176,0.12256588
RP_0188,RP,spring,18,9.0,259.47296,0.12973648
RP_0188,RP,spring,19,9.5,242.57925,0.121289626
RP_0188,RP,spring,20,10.0,265.56598,0.132783
RP_0188,RP,spring,21,10.5,207.91093,0.10395547
RP_0188,RP,spring,22,11.0,220.41774,0.11020887
RP_0188,RP,spring,23,11.5,275.73483,0.13786742
RP_0188,RP,spring,24,12.0,295.95444,0.14797722
RP_0188,RP,spring,25,12.5,353.57764,0.17678882
RP_0188,RP,spring,26,13.0,342.4653,0.17123266
RP_0188,RP,spring,27,13.5,236.44304,0.11822152
RP_0188,RP,spring,28,14.0,232.80353,0.11640176
RP_0188,RP,spring,29,14.5,226.15985,0.11307993
RP_0188,RP,spring,30,15.0,197.70181,0.098850906
RP_0188,RP,spring,31,15.5,219.25854,0.10962927
RP_0188,RP,spring,32,16.0,235.34294,0.11767147
RP_0188,RP,spring,33,16.5,214.14949,0.107074745
RP_0188,RP,spring,34,17.0,236.09265,0.11804633
RP_0188,RP,spring,35,17.5,252.12225,0.12606113
RP_0188,RP,spring,36,18.0,285.1998,0.1425999
RP_0188,RP,spring,37,18.5,268.55365,0.13427682
RP_0188,RP,spring,38,19.0,376.50064,0.18825032
RP_0188,RP,spring,39,19.5,371.6288,0.18581441
RP_0188,RP,spring,40,20.0,366.53195,0.18326597
RP_0188,RP,spring,41,20.5,413.2526,0.2066263
RP_0188,RP,spring,42,21.0,607.7133,0.30385667
RP_0188,RP,spring,43,21.5,617.62,0.30881
RP_0188,RP,spring,44,22.0,953.50073,0.47675037
RP_0188,RP,spring,45,22.5,1040.8362,0.5204181
RP_0188,RP,spring,46,23.0,626.89996,0.31344998
RP_0188,RP,spring,47,23.5,396.47565,0.19823782
RP_0189,RP,winter,0,0.0,264.30008,0.13215004
RP_0189,RP,winter,1,0.5,201.19946,0.10059973
RP_0189,RP,winter,2,1.0,489.4746,0.2447373
RP_0189,RP,winter,3,1.5,1548.3829,0.77419144
RP_0189,RP,winter,4,2.0,2396.4175,1.1982087
RP_0189,RP,winter,5,2.5,1666.6621,0.83333105
RP_0189,RP,winter,6,3.0,1005.9651,0.50298256
RP_0189,RP,winter,7,3.5,686.1003,0.34305015
RP_0189,RP,winter,8,4.0,432.42828,0.21621414
RP_0189,RP,winter,9,4.5,309.0226,0.1545113
RP_0189,RP,winter,10,5.0,266.28958,0.1331448
RP_0189,RP,winter,11,5.5,311.16763,0.15558381
RP_0189,RP,winter,12,6.0,326.7192,0.1633596
RP_0189,RP,winter,13,6.5,335.9406,0.1679703
RP_0189,RP,winter,14,7.0,326.8616,0.1634308
RP_0189,RP,winter,15,7.5,445.22165,0.22261083
RP_0189,RP,winter,16,8.0,515.06885,0.2575344
RP_0189,RP,winter,17,8.5,624.8262,0.3124131
RP_0189,RP,winter,18,9.0,620.2014,0.3101007
RP_0189,RP,winter,19,9.5,662.63745,0.33131874
RP_0189,RP,winter,20,10.0,575.0165,0.28750825
RP_0189,RP,winter,21,10.5,593.92896,0.29696447
RP_0189,RP,winter,22,11.0,715.7578,0.3578789
RP_0189,RP,winter,23,11.5,984.56274,0.49228138
RP_0189,RP,winter,24,12.0,1600.1235,0.80006176
RP_0189,RP,winter,25,12.5,1441.2203,0.72061014
RP_0189,RP,winter,26,13.0,1005.2259,0.50261295
RP_0189,RP,winter,27,13.5,475.9651,0.23798254
RP_0189,RP,winter,28,14.0,258.7044,0.1293522
RP_0189,RP,winter,29,14.5,234.83286,0.11741643
RP_0189,RP,winter,30,15.0,192.32364,0.09616182
RP_0189,RP,winter,31,15.5,130.65886,0.06532943
RP_0189,RP,winter,32,16.0,155.50534,0.07775267
RP_0189,RP,winter,33,16.5,209.86311,0.104931556
RP_0189,RP,winter,34,17.0,277.22427,0.13861214
RP_0189,RP,winter,35,17.5,290.64398,0.145322
RP_0189,RP,winter,36,18.0,388.30426,0.19415213
RP_0189,RP,winter,37,18.5,504.48734,0.25224367
RP_0189,RP,winter,38,19.0,563.64294,0.28182146
RP_0189,RP,winter,39,19.5,701.2827,0.35064137
RP_0189,RP,winter,40,20.0,823.43854,0.41171926
RP_0189,RP,winter,41,20.5,742.3943,0.37119713
RP_0189,RP,winter,42,21.0,571.5344,0.2857672
RP_0189,RP,winter,43,21.5,482.55392,0.24127696
RP_0189,RP,winter,44,22.0,446.50653,0.22325327
RP_0189,RP,winter,45,22.5,424.16623,0.21208312
RP_0189,RP,winter,46,23.0,303.83246,0.15191624
RP_0189,RP,winter,47,23.5,227.18033,0.113590166
RP_0190,RP,spring,0,0.0,283.76282,0.1418814
RP_0190,RP,spring,1,0.5,236.82388,0.11841194
RP_0190,RP,spring,2,1.0,254.37383,0.12718691
RP_0190,RP,spring,3,1.5,280.5976,0.1402988
RP_0190,RP,spring,4,2.0,301.92847,0.15096423
RP_0190,RP,spring,5,2.5,277.09283,0.13854642
RP_0190,RP,spring,6,3.0,310.44443,0.1552222
RP_0190,RP,spring,7,3.5,291.9575,0.14597875
RP_0190,RP,spring,8,4.0,355.94327,0.17797163
RP_0190,RP,spring,9,4.5,300.92505,0.15046252
RP_0190,RP,spring,10,5.0,322.17484,0.16108742
RP_0190,RP,spring,11,5.5,307.21036,0.15360518
RP_0190,RP,spring,12,6.0,385.37137,0.19268568
RP_0190,RP,spring,13,6.5,364.08658,0.18204328
RP_0190,RP,spring,14,7.0,402.8501,0.20142505
RP_0190,RP,spring,15,7.5,370.67374,0.18533687
RP_0190,RP,spring,16,8.0,443.74658,0.2218733
RP_0190,RP,spring,17,8.5,373.25226,0.18662614
RP_0190,RP,spring,18,9.0,449.28574,0.22464287
RP_0190,RP,spring,19,9.5,501.06686,0.25053343
RP_0190,RP,spring,20,10.0,646.8289,0.32341444
RP_0190,RP,spring,21,10.5,824.80066,0.41240034
RP_0190,RP,spring,22,11.0,1043.8551,0.52192754
RP_0190,RP,spring,23,11.5,1214.8457,0.6074228
RP_0190,RP,spring,24,12.0,1269.6871,0.6348436
RP_0190,RP,spring,25,12.5,1317.447,0.65872353
RP_0190,RP,spring,26,13.0,1468.8798,0.7344399
RP_0190,RP,spring,27,13.5,1146.0581,0.57302904
RP_0190,RP,spring,28,14.0,995.5504,0.4977752
RP_0190,RP,spring,29,14.5,633.70197,0.316851
RP_0190,RP,spring,30,15.0,499.1374,0.2495687
RP_0190,RP,spring,31,15.5,450.19144,0.22509572
RP_0190,RP,spring,32,16.0,434.4333,0.21721664
RP_0190,RP,spring,33,16.5,437.59155,0.21879578
RP_0190,RP,spring,34,17.0,486.15317,0.24307658
RP_0190,RP,spring,35,17.5,455.66083,0.22783041
RP_0190,RP,spring,36,18.0,566.937,0.2834685
RP_0190,RP,spring,37,18.5,810.50934,0.40525466
RP_0190,RP,spring,38,19.0,1021.9264,0.5109632
RP_0190,RP,spring,39,19.5,1036.3475,0.51817375
RP_0190,RP,spring,40,20.0,987.54156,0.49377078
RP_0190,RP,spring,41,20.5,877.1427,0.43857136
RP_0190,RP,spring,42,21.0,779.0913,0.38954565
RP_0190,RP,spring,43,21.5,682.0789,0.34103945
RP_0190,RP,spring,44,22.0,566.2517,0.28312585
RP_0190,RP,spring,45,22.5,440.61053,0.22030526
RP_0190,RP,spring,46,23.0,397.70398,0.19885199
RP_0190,RP,spring,47,23.5,318.92664,0.15946332
RP_0191,RP,winter,0,0.0,1971.0675,0.9855338
RP_0191,RP,winter,1,0.5,1836.4355,0.9182178
RP_0191,RP,winter,2,1.0,1436.9574,0.7184787
RP_0191,RP,winter,3,1.5,1118.5145,0.55925727
RP_0191,RP,winter,4,2.0,1010.55963,0.50527984
RP_0191,RP,winter,5,2.5,920.4348,0.46021742
RP_0191,RP,winter,6,3.0,823.03687,0.41151842
RP_0191,RP,winter,7,3.5,795.9834,0.3979917
RP_0191,RP,winter,8,4.0,902.09314,0.45104656
RP_0191,RP,winter,9,4.5,924.7119,0.46235597
RP_0191,RP,winter,10,5.0,1094.9055,0.54745275
RP_0191,RP,winter,11,5.5,1158.5625,0.5792813
RP_0191,RP,winter,12,6.0,1320.5558,0.6602779
RP_0191,RP,winter,13,6.5,1399.6803,0.6998401
RP_0191,RP,winter,14,7.0,1281.5319,0.6407659
RP_0191,RP,winter,15,7.5,1101.7537,0.55087686
RP_0191,RP,winter,16,8.0,1077.0244,0.53851223
RP_0191,RP,winter,17,8.5,1051.5756,0.5257878
RP_0191,RP,winter,18,9.0,978.7614,0.48938072
RP_0191,RP,winter,19,9.5,893.0137,0.44650683
RP_0191,RP,winter,20,10.0,941.031,0.4705155
RP_0191,RP,winter,21,10.5,915.6681,0.45783404
RP_0191,RP,winter,22,11.0,928.5234,0.46426168
RP_0191,RP,winter,23,11.5,872.17975,0.43608987
RP_0191,RP,winter,24,12.0,852.07947,0.42603973
RP_0191,RP,winter,25,12.5,819.5108,0.4097554
RP_0191,RP,winter,26,13.0,734.7825,0.36739123
RP_0191,RP,winter,27,13.5,624.59106,0.31229553
RP_0191,RP,winter,28,14.0,626.536,0.313268
RP_0191,RP,winter,29,14.5,602.5243,0.30126214
RP_0191,RP,winter,30,15.0,503.7414,0.2518707
RP_0191,RP,winter,31,15.5,452.82214,0.22641107
RP_0191,RP,winter,32,16.0,538.032,0.269016
RP_0191,RP,winter,33,16.5,601.4561,0.30072805
RP_0191,RP,winter,34,17.0,668.9513,0.33447564
RP_0191,RP,winter,35,17.5,682.0688,0.34103438
RP_0191,RP,winter,36,18.0,854.66156,0.4273308
RP_0191,RP,winter,37,18.5,918.6961,0.45934805
RP_0191,RP,winter,38,19.0,880.599,0.4402995
RP_0191,RP,winter,39,19.5,767.16486,0.3835824
RP_0191,RP,winter,40,20.0,839.3941,0.41969705
RP_0191,RP,winter,41,20.5,777.9082,0.3889541
RP_0191,RP,winter,42,21.0,711.0089,0.35550445
RP_0191,RP,winter,43,21.5,660.86676,0.33043337
RP_0191,RP,winter,44,22.0,712.69794,0.35634896
RP_0191,RP,winter,45,22.5,951.64874,0.4758244
RP_0191,RP,winter,46,23.0,1494.2356,0.7471178
RP_0191,RP,winter,47,23.5,1979.9768,0.9899884
RP_0192,RP,spring,0,0.0,160.94618,0.08047309
RP_0192,RP,spring,1,0.5,162.1036,0.081051804
RP_0192,RP,spring,2,1.0,166.1811,0.08309055
RP_0192,RP,spring,3,1.5,211.64577,0.10582288
RP_0192,RP,spring,4,2.0,231.38196,0.11569098
RP_0192,RP,spring,5,2.5,197.17902,0.09858951
RP_0192,RP,spring,6,3.0,248.4889,0.12424445
RP_0192,RP,spring,7,3.5,224.63295,0.112316474
RP_0192,RP,spring,8,4.0,274.6181,0.13730904
RP_0192,RP,spring,9,4.5,240.26218,0.12013109
RP_0192,RP,spring,10,5.0,271.82874,0.13591437
RP_0192,RP,spring,11,5.5,253.33212,0.12666605
RP_0192,RP,spring,12,6.0,333.8907,0.16694534
RP_0192,RP,spring,13,6.5,327.29306,0.16364653
RP_0192,RP,spring,14,7.0,349.84998,0.17492498
RP_0192,RP,spring,15,7.5,352.8301,0.17641506
RP_0192,RP,spring,16,8.0,358.67505,0.17933753
RP_0192,RP,spring,17,8.5,407.08835,0.20354417
RP_0192,RP,spring,18,9.0,448.423,0.2242115
RP_0192,RP,spring,19,9.5,555.46124,0.2777306
RP_0192,RP,spring,20,10.0,616.9042,0.3084521
RP_0192,RP,spring,21,10.5,678.9812,0.3394906
RP_0192,RP,spring,22,11.0,682.29065,0.34114534
RP_0192,RP,spring,23,11.5,773.437,0.3867185
RP_0192,RP,spring,24,12.0,957.9327,0.47896633
RP_0192,RP,spring,25,12.5,901.88086,0.45094043
RP_0192,RP,spring,26,13.0,891.4901,0.44574505
RP_0192,RP,spring,27,13.5,867.48706,0.43374354
RP_0192,RP,spring,28,14.0,1136.1562,0.5680781
RP_0192,RP,spring,29,14.5,988.42346,0.49421173
RP_0192,RP,spring,30,15.0,1414.3872,0.7071936
RP_0192,RP,spring,31,15.5,1068.756,0.534378
RP_0192,RP,spring,32,16.0,986.8272,0.4934136
RP_0192,RP,spring,33,16.5,614.8187,0.30740938
RP_0192,RP,spring,34,17.0,685.74457,0.3428723
RP_0192,RP,spring,35,17.5,602.993,0.30149648
RP_0192,RP,spring,36,18.0,650.0129,0.32500643
RP_0192,RP,spring,37,18.5,600.2565,0.30012822
RP_0192,RP,spring,38,19.0,480.24194,0.24012098
RP_0192,RP,spring,39,19.5,364.86942,0.18243471
RP_0192,RP,spring,40,20.0,255.14862,0.12757431
RP_0192,RP,spring,41,20.5,215.00713,0.10750356
RP_0192,RP,spring,42,21.0,232.28603,0.11614301
RP_0192,RP,spring,43,21.5,192.87874,0.09643937
RP_0192,RP,spring,44,22.0,159.44527,0.079722635
RP_0192,RP,spring,45,22.5,121.107185,0.06055359
RP_0192,RP,spring,46,23.0,140.94586,0.07047293
RP_0192,RP,spring,47,23.5,121.13904,0.060569517
RP_0193,RP,autumn,0,0.0,980.17145,0.49008572
RP_0193,RP,autumn,1,0.5,510.91824,0.25545913
RP_0193,RP,autumn,2,1.0,294.40317,0.14720158
RP_0193,RP,autumn,3,1.5,250.95035,0.12547517
RP_0193,RP,autumn,4,2.0,199.33302,0.09966651
RP_0193,RP,autumn,5,2.5,184.97437,0.092487186
RP_0193,RP,autumn,6,3.0,176.58301,0.0882915
RP_0193,RP,autumn,7,3.5,204.02425,0.10201212
RP_0193,RP,autumn,8,4.0,183.6992,0.0918496
RP_0193,RP,autumn,9,4.5,242.07338,0.12103669
RP_0193,RP,autumn,10,5.0,230.15546,0.11507773
RP_0193,RP,autumn,11,5.5,232.21484,0.11610742
RP_0193,RP,autumn,12,6.0,240.1337,0.12006685
RP_0193,RP,autumn,13,6.5,282.9027,0.14145136
RP_0193,RP,autumn,14,7.0,307.50427,0.15375213
RP_0193,RP,autumn,15,7.5,342.02142,0.17101072
RP_0193,RP,autumn,16,8.0,376.2282,0.1881141
RP_0193,RP,autumn,17,8.5,345.1119,0.17255595
RP_0193,RP,autumn,18,9.0,337.5135,0.16875674
RP_0193,RP,autumn,19,9.5,294.74002,0.14737001
RP_0193,RP,autumn,20,10.0,181.68279,0.09084139
RP_0193,RP,autumn,21,10.5,182.94536,0.09147268
RP_0193,RP,autumn,22,11.0,131.42519,0.06571259
RP_0193,RP,autumn,23,11.5,190.37161,0.09518581
RP_0193,RP,autumn,24,12.0,205.57819,0.1027891
RP_0193,RP,autumn,25,12.5,212.03214,0.10601607
RP_0193,RP,autumn,26,13.0,188.8944,0.094447196
RP_0193,RP,autumn,27,13.5,151.91722,0.07595861
RP_0193,RP,autumn,28,14.0,101.09625,0.050548125
RP_0193,RP,autumn,29,14.5,65.10284,0.03255142
RP_0193,RP,autumn,30,15.0,78.05501,0.039027505
RP_0193,RP,autumn,31,15.5,80.92601,0.040463004
RP_0193,RP,autumn,32,16.0,85.98365,0.042991824
RP_0193,RP,autumn,33,16.5,82.57704,0.04128852
RP_0193,RP,autumn,34,17.0,89.33124,0.04466562
RP_0193,RP,autumn,35,17.5,109.056725,0.054528363
RP_0193,RP,autumn,36,18.0,135.31697,0.067658484
RP_0193,RP,autumn,37,18.5,144.72758,0.072363794
RP_0193,RP,autumn,38,19.0,157.57883,0.07878941
RP_0193,RP,autumn,39,19.5,194.50037,0.097250186
RP_0193,RP,autumn,40,20.0,186.90735,0.093453676
RP_0193,RP,autumn,41,20.5,175.25902,0.08762951
RP_0193,RP,autumn,42,21.0,229.15416,0.11457708
RP_0193,RP,autumn,43,21.5,276.50824,0.13825412
RP_0193,RP,autumn,44,22.0,1013.89716,0.5069486
RP_0193,RP,autumn,45,22.5,2092.3633,1.0461817
RP_0193,RP,autumn,46,23.0,2256.2896,1.1281447
RP_0193,RP,autumn,47,23.5,2042.6404,1.0213202
RP_0194,RP,winter,0,0.0,1869.5771,0.9347886
RP_0194,RP,winter,1,0.5,1633.9778,0.8169889
RP_0194,RP,winter,2,1.0,1609.7247,0.8048624
RP_0194,RP,winter,3,1.5,1539.6638,0.7698319
RP_0194,RP,winter,4,2.0,1479.69,0.739845
RP_0194,RP,winter,5,2.5,1367.8358,0.6839179
RP_0194,RP,winter,6,3.0,1396.8712,0.6984356
RP_0194,RP,winter,7,3.5,1336.8436,0.6684218
RP_0194,RP,winter,8,4.0,1405.3441,0.70267206
RP_0194,RP,winter,9,4.5,1335.5416,0.6677708
RP_0194,RP,winter,10,5.0,1343.6967,0.67184836
RP_0194,RP,winter,11,5.5,1385.8044,0.6929022
RP_0194,RP,winter,12,6.0,1454.156,0.727078
RP_0194,RP,winter,13,6.5,1472.7657,0.7363829
RP_0194,RP,winter,14,7.0,1419.5685,0.70978427
RP_0194,RP,winter,15,7.5,1297.8744,0.64893717
RP_0194,RP,winter,16,8.0,1368.0813,0.68404067
RP_0194,RP,winter,17,8.5,1319.1531,0.65957654
RP_0194,RP,winter,18,9.0,1397.4619,0.69873095
RP_0194,RP,winter,19,9.5,1306.7888,0.6533944
RP_0194,RP,winter,20,10.0,1507.4158,0.7537079
RP_0194,RP,winter,21,10.5,1476.7268,0.7383634
RP_0194,RP,winter,22,11.0,1693.4426,0.8467213
RP_0194,RP,winter,23,11.5,1746.5599,0.87328
RP_0194,RP,winter,24,12.0,1884.9982,0.9424991
RP_0194,RP,winter,25,12.5,1857.1517,0.9285759
RP_0194,RP,winter,26,13.0,1787.5295,0.8937648
RP_0194,RP,winter,27,13.5,1818.6182,0.9093091
RP_0194,RP,winter,28,14.0,1752.5667,0.87628335
RP_0194,RP,winter,29,14.5,1733.3059,0.86665297
RP_0194,RP,winter,30,15.0,1754.1067,0.8770533
RP_0194,RP,winter,31,15.5,1819.7222,0.9098611
RP_0194,RP,winter,32,16.0,1804.2563,0.90212816
RP_0194,RP,winter,33,16.5,1738.2642,0.8691321
RP_0194,RP,winter,34,17.0,1803.783,0.90189147
RP_0194,RP,winter,35,17.5,1893.2439,0.94662195
RP_0194,RP,winter,36,18.0,1896.9138,0.9484569
RP_0194,RP,winter,37,18.5,1777.084,0.888542
RP_0194,RP,winter,38,19.0,1854.1726,0.9270863
RP_0194,RP,winter,39,19.5,1762.6597,0.88132983
RP_0194,RP,winter,40,20.0,1679.4941,0.8397471
RP_0194,RP,winter,41,20.5,1669.5002,0.8347501
RP_0194,RP,winter,42,21.0,1682.8278,0.84141386
RP_0194,RP,winter,43,21.5,1628.413,0.8142065
RP_0194,RP,winter,44,22.0,1710.0955,0.8550477
RP_0194,RP,winter,45,22.5,1868.1729,0.93408644
RP_0194,RP,winter,46,23.0,2019.1877,1.0095938
RP_0194,RP,winter,47,23.5,2004.0353,1.0020176
RP_0195,RP,summer,0,0.0,123.83835,0.061919175
RP_0195,RP,summer,1,0.5,124.2813,0.06214065
RP_0195,RP,summer,2,1.0,109.84399,0.054921992
RP_0195,RP,summer,3,1.5,181.46193,0.090730965
RP_0195,RP,summer,4,2.0,135.39381,0.06769691
RP_0195,RP,summer,5,2.5,188.18825,0.09409413
RP_0195,RP,summer,6,3.0,360.69574,0.18034787
RP_0195,RP,summer,7,3.5,301.98163,0.15099081
RP_0195,RP,summer,8,4.0,299.62494,0.14981247
RP_0195,RP,summer,9,4.5,189.51547,0.094757736
RP_0195,RP,summer,10,5.0,206.42033,0.103210166
RP_0195,RP,summer,11,5.5,189.46452,0.09473226
RP_0195,RP,summer,12,6.0,176.60706,0.08830353
RP_0195,RP,summer,13,6.5,130.18073,0.065090366
RP_0195,RP,summer,14,7.0,124.08301,0.062041502
RP_0195,RP,summer,15,7.5,130.93745,0.06546873
RP_0195,RP,summer,16,8.0,102.440895,0.051220447
RP_0195,RP,summer,17,8.5,50.526817,0.025263408
RP_0195,RP,summer,18,9.0,81.263374,0.040631685
RP_0195,RP,summer,19,9.5,111.822174,0.055911086
RP_0195,RP,summer,20,10.0,94.02446,0.04701223
RP_0195,RP,summer,21,10.5,94.12483,0.047062416
RP_0195,RP,summer,22,11.0,128.81772,0.06440886
RP_0195,RP,summer,23,11.5,93.95154,0.04697577
RP_0195,RP,summer,24,12.0,127.15073,0.063575365
RP_0195,RP,summer,25,12.5,79.390205,0.039695103
RP_0195,RP,summer,26,13.0,123.429115,0.061714556
RP_0195,RP,summer,27,13.5,122.60311,0.061301555
RP_0195,RP,summer,28,14.0,166.81255,0.08340627
RP_0195,RP,summer,29,14.5,136.68497,0.068342485
RP_0195,RP,summer,30,15.0,125.62505,0.06281253
RP_0195,RP,summer,31,15.5,130.22295,0.06511147
RP_0195,RP,summer,32,16.0,125.86414,0.062932074
RP_0195,RP,summer,33,16.5,156.50517,0.078252584
RP_0195,RP,summer,34,17.0,136.68536,0.06834268
RP_0195,RP,summer,35,17.5,174.82243,0.08741122
RP_0195,RP,summer,36,18.0,213.4254,0.1067127
RP_0195,RP,summer,37,18.5,186.49501,0.0932475
RP_0195,RP,summer,38,19.0,300.86517,0.15043259
RP_0195,RP,summer,39,19.5,254.6215,0.12731075
RP_0195,RP,summer,40,20.0,289.77957,0.14488979
RP_0195,RP,summer,41,20.5,217.1477,0.108573854
RP_0195,RP,summer,42,21.0,174.46146,0.08723073
RP_0195,RP,summer,43,21.5,245.23236,0.12261618
RP_0195,RP,summer,44,22.0,237.02834,0.118514165
RP_0195,RP,summer,45,22.5,278.93494,0.13946746
RP_0195,RP,summer,46,23.0,211.35718,0.10567859
RP_0195,RP,summer,47,23.5,187.94348,0.093971744
RP_0196,RP,summer,0,0.0,627.96826,0.31398413
RP_0196,RP,summer,1,0.5,498.83603,0.24941802
RP_0196,RP,summer,2,1.0,394.9804,0.1974902
RP_0196,RP,summer,3,1.5,386.2438,0.1931219
RP_0196,RP,summer,4,2.0,365.90598,0.18295299
RP_0196,RP,summer,5,2.5,372.20316,0.18610157
RP_0196,RP,summer,6,3.0,399.99728,0.19999865
RP_0196,RP,summer,7,3.5,461.44717,0.23072359
RP_0196,RP,summer,8,4.0,458.7985,0.22939925
RP_0196,RP,summer,9,4.5,401.1669,0.20058344
RP_0196,RP,summer,10,5.0,439.86676,0.21993338
RP_0196,RP,summer,11,5.5,448.48727,0.22424364
RP_0196,RP,summer,12,6.0,416.9235,0.20846175
RP_0196,RP,summer,13,6.5,356.113,0.17805651
RP_0196,RP,summer,14,7.0,565.19507,0.28259754
RP_0196,RP,summer,15,7.5,495.04373,0.24752186
RP_0196,RP,summer,16,8.0,416.36548,0.20818274
RP_0196,RP,summer,17,8.5,266.08496,0.13304248
RP_0196,RP,summer,18,9.0,386.1273,0.19306365
RP_0196,RP,summer,19,9.5,82.8486,0.0414243
RP_0196,RP,summer,20,10.0,16.047012,0.008023506
RP_0196,RP,summer,21,10.5,6.686983,0.0033434916
RP_0196,RP,summer,22,11.0,3.1045928,0.0015522965
RP_0196,RP,summer,23,11.5,5.500244,0.002750122
RP_0196,RP,summer,24,12.0,5.1013865,0.0025506932
RP_0196,RP,summer,25,12.5,2.2358098,0.0011179049
RP_0196,RP,summer,26,13.0,2.7962635,0.0013981317
RP_0196,RP,summer,27,13.5,5.6884427,0.0028442214
RP_0196,RP,summer,28,14.0,1.1895535,0.00059477676
RP_0196,RP,summer,29,14.5,1.4950423,0.0007475212
RP_0196,RP,summer,30,15.0,1.3180125,0.00065900624
RP_0196,RP,summer,31,15.5,19.563799,0.0097819
RP_0196,RP,summer,32,16.0,31.763844,0.015881922
RP_0196,RP,summer,33,16.5,62.30821,0.031154104
RP_0196,RP,summer,34,17.0,95.498795,0.047749396
RP_0196,RP,summer,35,17.5,305.5563,0.15277815
RP_0196,RP,summer,36,18.0,391.3827,0.19569135
RP_0196,RP,summer,37,18.5,347.0934,0.1735467
RP_0196,RP,summer,38,19.0,432.43076,0.21621537
RP_0196,RP,summer,39,19.5,973.5085,0.48675424
RP_0196,RP,summer,40,20.0,900.9544,0.4504772
RP_0196,RP,summer,41,20.5,917.9969,0.45899844
RP_0196,RP,summer,42,21.0,815.2837,0.40764186
RP_0196,RP,summer,43,21.5,891.4326,0.44571632
RP_0196,RP,summer,44,22.0,792.98224,0.3964911
RP_0196,RP,summer,45,22.5,857.4643,0.42873216
RP_0196,RP,summer,46,23.0,714.55475,0.35727736
RP_0196,RP,summer,47,23.5,867.9034,0.43395168
RP_0197,RP,winter,0,0.0,2991.6365,1.4958183
RP_0197,RP,winter,1,0.5,2861.5383,1.4307692
RP_0197,RP,winter,2,1.0,3429.1653,1.7145827
RP_0197,RP,winter,3,1.5,3315.1753,1.6575876
RP_0197,RP,winter,4,2.0,1312.5461,0.65627307
RP_0197,RP,winter,5,2.5,801.7923,0.40089616
RP_0197,RP,winter,6,3.0,303.80295,0.15190147
RP_0197,RP,winter,7,3.5,215.79993,0.107899964
RP_0197,RP,winter,8,4.0,212.00197,0.10600098
RP_0197,RP,winter,9,4.5,181.34433,0.090672165
RP_0197,RP,winter,10,5.0,200.47168,0.10023584
RP_0197,RP,winter,11,5.5,241.10968,0.12055484
RP_0197,RP,winter,12,6.0,230.94434,0.11547217
RP_0197,RP,winter,13,6.5,271.9452,0.13597259
RP_0197,RP,winter,14,7.0,202.09802,0.10104901
RP_0197,RP,winter,15,7.5,253.78853,0.12689427
RP_0197,RP,winter,16,8.0,203.93843,0.10196921
RP_0197,RP,winter,17,8.5,134.04083,0.067020416
RP_0197,RP,winter,18,9.0,114.089584,0.057044793
RP_0197,RP,winter,19,9.5,174.47527,0.087237634
RP_0197,RP,winter,20,10.0,150.82658,0.075413294
RP_0197,RP,winter,21,10.5,183.98804,0.09199402
RP_0197,RP,winter,22,11.0,178.84096,0.08942048
RP_0197,RP,winter,23,11.5,131.27158,0.065635785
RP_0197,RP,winter,24,12.0,238.9038,0.119451895
RP_0197,RP,winter,25,12.5,240.7267,0.12036335
RP_0197,RP,winter,26,13.0,228.92819,0.1144641
RP_0197,RP,winter,27,13.5,197.51581,0.09875791
RP_0197,RP,winter,28,14.0,197.75754,0.09887877
RP_0197,RP,winter,29,14.5,166.18605,0.083093025
RP_0197,RP,winter,30,15.0,132.91597,0.06645799
RP_0197,RP,winter,31,15.5,119.82739,0.059913695
RP_0197,RP,winter,32,16.0,127.308044,0.06365402
RP_0197,RP,winter,33,16.5,165.96553,0.08298276
RP_0197,RP,winter,34,17.0,178.77133,0.089385666
RP_0197,RP,winter,35,17.5,226.6288,0.1133144
RP_0197,RP,winter,36,18.0,175.3346,0.087667294
RP_0197,RP,winter,37,18.5,403.08994,0.20154497
RP_0197,RP,winter,38,19.0,480.41476,0.24020739
RP_0197,RP,winter,39,19.5,410.31668,0.20515834
RP_0197,RP,winter,40,20.0,503.0944,0.2515472
RP_0197,RP,winter,41,20.5,462.82013,0.23141007
RP_0197,RP,winter,42,21.0,337.99374,0.16899687
RP_0197,RP,winter,43,21.5,234.50562,0.117252804
RP_0197,RP,winter,44,22.0,170.25394,0.085126966
RP_0197,RP,winter,45,22.5,174.55653,0.08727827
RP_0197,RP,winter,46,23.0,400.38217,0.20019108
RP_0197,RP,winter,47,23.5,1823.4584,0.9117292
RP_0198,RP,autumn,0,0.0,258.69302,0.1293465
RP_0198,RP,autumn,1,0.5,252.30711,0.12615356
RP_0198,RP,autumn,2,1.0,290.40778,0.14520389
RP_0198,RP,autumn,3,1.5,373.23694,0.18661846
RP_0198,RP,autumn,4,2.0,365.6377,0.18281884
RP_0198,RP,autumn,5,2.5,282.5477,0.14127386
RP_0198,RP,autumn,6,3.0,272.70947,0.13635473
RP_0198,RP,autumn,7,3.5,258.1397,0.12906985
RP_0198,RP,autumn,8,4.0,273.5891,0.13679455
RP_0198,RP,autumn,9,4.5,270.42422,0.13521211
RP_0198,RP,autumn,10,5.0,262.33542,0.13116771
RP_0198,RP,autumn,11,5.5,260.48083,0.13024041
RP_0198,RP,autumn,12,6.0,262.49332,0.13124666
RP_0198,RP,autumn,13,6.5,226.56717,0.11328358
RP_0198,RP,autumn,14,7.0,219.36287,0.109681435
RP_0198,RP,autumn,15,7.5,183.0473,0.091523655
RP_0198,RP,autumn,16,8.0,170.46835,0.08523418
RP_0198,RP,autumn,17,8.5,145.21823,0.07260912
RP_0198,RP,autumn,18,9.0,174.87442,0.08743721
RP_0198,RP,autumn,19,9.5,181.66946,0.09083473
RP_0198,RP,autumn,20,10.0,226.01724,0.11300862
RP_0198,RP,autumn,21,10.5,204.50002,0.10225001
RP_0198,RP,autumn,22,11.0,338.51785,0.16925892
RP_0198,RP,autumn,23,11.5,433.25534,0.21662767
RP_0198,RP,autumn,24,12.0,470.20557,0.23510279
RP_0198,RP,autumn,25,12.5,669.415,0.3347075
RP_0198,RP,autumn,26,13.0,582.2585,0.29112923
RP_0198,RP,autumn,27,13.5,539.07886,0.26953942
RP_0198,RP,autumn,28,14.0,629.9024,0.3149512
RP_0198,RP,autumn,29,14.5,500.4661,0.25023305
RP_0198,RP,autumn,30,15.0,412.1601,0.20608005
RP_0198,RP,autumn,31,15.5,384.79056,0.19239528
RP_0198,RP,autumn,32,16.0,341.69998,0.17085
RP_0198,RP,autumn,33,16.5,320.24127,0.16012064
RP_0198,RP,autumn,34,17.0,363.34225,0.18167113
RP_0198,RP,autumn,35,17.5,328.0574,0.1640287
RP_0198,RP,autumn,36,18.0,390.59613,0.19529806
RP_0198,RP,autumn,37,18.5,386.12048,0.19306025
RP_0198,RP,autumn,38,19.0,485.01767,0.24250883
RP_0198,RP,autumn,39,19.5,441.75778,0.22087888
RP_0198,RP,autumn,40,20.0,451.66653,0.22583327
RP_0198,RP,autumn,41,20.5,453.53485,0.22676742
RP_0198,RP,autumn,42,21.0,393.57602,0.19678801
RP_0198,RP,autumn,43,21.5,429.50342,0.2147517
RP_0198,RP,autumn,44,22.0,357.436,0.178718
RP_0198,RP,autumn,45,22.5,357.07007,0.17853503
RP_0198,RP,autumn,46,23.0,309.34726,0.15467364
RP_0198,RP,autumn,47,23.5,272.27533,0.13613766
RP_0199,RP,summer,0,0.0,105.37831,0.052689157
RP_0199,RP,summer,1,0.5,79.871185,0.039935593
RP_0199,RP,summer,2,1.0,108.88814,0.054444067
RP_0199,RP,summer,3,1.5,125.563965,0.06278198
RP_0199,RP,summer,4,2.0,152.6189,0.07630945
RP_0199,RP,summer,5,2.5,145.12518,0.07256259
RP_0199,RP,summer,6,3.0,285.88242,0.1429412
RP_0199,RP,summer,7,3.5,209.07579,0.1045379
RP_0199,RP,summer,8,4.0,141.75858,0.07087929
RP_0199,RP,summer,9,4.5,140.2742,0.0701371
RP_0199,RP,summer,10,5.0,129.60234,0.06480117
RP_0199,RP,summer,11,5.5,144.6561,0.072328046
RP_0199,RP,summer,12,6.0,153.92085,0.07696043
RP_0199,RP,summer,13,6.5,159.75288,0.079876445
RP_0199,RP,summer,14,7.0,89.56141,0.044780705
RP_0199,RP,summer,15,7.5,162.23541,0.081117705
RP_0199,RP,summer,16,8.0,80.56293,0.040281463
RP_0199,RP,summer,17,8.5,93.980385,0.046990193
RP_0199,RP,summer,18,9.0,115.637505,0.05781875
RP_0199,RP,summer,19,9.5,115.872055,0.057936028
RP_0199,RP,summer,20,10.0,140.61487,0.07030743
RP_0199,RP,summer,21,10.5,84.673775,0.04233689
RP_0199,RP,summer,22,11.0,227.34294,0.113671474
RP_0199,RP,summer,23,11.5,176.84485,0.088422425
RP_0199,RP,summer,24,12.0,108.59363,0.054296814
RP_0199,RP,summer,25,12.5,121.33343,0.060666714
RP_0199,RP,summer,26,13.0,89.89002,0.044945013
RP_0199,RP,summer,27,13.5,369.09958,0.1845498
RP_0199,RP,summer,28,14.0,708.5811,0.35429054
RP_0199,RP,summer,29,14.5,792.10474,0.39605236
RP_0199,RP,summer,30,15.0,332.13617,0.16606809
RP_0199,RP,summer,31,15.5,209.45078,0.10472539
RP_0199,RP,summer,32,16.0,130.83281,0.0654164
RP_0199,RP,summer,33,16.5,108.52686,0.05426343
RP_0199,RP,summer,34,17.0,129.96565,0.064982824
RP_0199,RP,summer,35,17.5,196.97151,0.09848575
RP_0199,RP,summer,36,18.0,162.96457,0.081482284
RP_0199,RP,summer,37,18.5,118.343544,0.059171773
RP_0199,RP,summer,38,19.0,231.95554,0.11597777
RP_0199,RP,summer,39,19.5,227.13974,0.11356987
RP_0199,RP,summer,40,20.0,198.0805,0.099040255
RP_0199,RP,summer,41,20.5,179.62242,0.08981121
RP_0199,RP,summer,42,21.0,161.90051,0.08095025
RP_0199,RP,summer,43,21.5,179.40723,0.08970361
RP_0199,RP,summer,44,22.0,172.53325,0.08626662
RP_0199,RP,summer,45,22.5,200.6417,0.100320846
RP_0199,RP,summer,46,23.0,224.0261,0.11201305
RP_0199,RP,summer,47,23.5,162.36646,0.081183225
RS_0000,RS,spring,0,0.0,64.597305,0.032298654
RS_0000,RS,spring,1,0.5,71.823296,0.03591165
RS_0000,RS,spring,2,1.0,63.859818,0.03192991
RS_0000,RS,spring,3,1.5,59.226852,0.029613426
RS_0000,RS,spring,4,2.0,59.626007,0.029813003
RS_0000,RS,spring,5,2.5,64.92534,0.032462668
RS_0000,RS,spring,6,3.0,65.21028,0.03260514
RS_0000,RS,spring,7,3.5,75.43885,0.037719425
RS_0000,RS,spring,8,4.0,77.4683,0.03873415
RS_0000,RS,spring,9,4.5,75.7855,0.03789275
RS_0000,RS,spring,10,5.0,66.99189,0.033495944
RS_0000,RS,spring,11,5.5,79.961395,0.0399807
RS_0000,RS,spring,12,6.0,61.687744,0.030843873
RS_0000,RS,spring,13,6.5,71.01374,0.03550687
RS_0000,RS,spring,14,7.0,139.35397,0.06967699
RS_0000,RS,spring,15,7.5,215.09314,0.10754657
RS_0000,RS,spring,16,8.0,211.69516,0.10584758
RS_0000,RS,spring,17,8.5,217.87904,0.10893952
RS_0000,RS,spring,18,9.0,269.51575,0.13475788
RS_0000,RS,spring,19,9.5,161.2806,0.08064029
RS_0000,RS,spring,20,10.0,127.629166,0.06381458
RS_0000,RS,spring,21,10.5,97.4705,0.04873525
RS_0000,RS,spring,22,11.0,101.031815,0.05051591
RS_0000,RS,spring,23,11.5,98.76687,0.049383435
RS_0000,RS,spring,24,12.0,89.46645,0.044733226
RS_0000,RS,spring,25,12.5,94.3992,0.0471996
RS_0000,RS,spring,26,13.0,87.568825,0.043784413
RS_0000,RS,spring,27,13.5,76.21869,0.038109343
RS_0000,RS,spring,28,14.0,68.51588,0.034257937
RS_0000,RS,spring,29,14.5,69.76679,0.034883395
RS_0000,RS,spring,30,15.0,69.01909,0.034509543
RS_0000,RS,spring,31,15.5,74.13051,0.037065253
RS_0000,RS,spring,32,16.0,91.627884,0.04581394
RS_0000,RS,spring,33,16.5,76.1057,0.03805285
RS_0000,RS,spring,34,17.0,87.50157,0.043750785
RS_0000,RS,spring,35,17.5,92.28429,0.046142142
RS_0000,RS,spring,36,18.0,81.974655,0.040987328
RS_0000,RS,spring,37,18.5,66.56731,0.033283655
RS_0000,RS,spring,38,19.0,75.202156,0.03760108
RS_0000,RS,spring,39,19.5,75.991325,0.037995663
RS_0000,RS,spring,40,20.0,78.7592,0.0393796
RS_0000,RS,spring,41,20.5,71.943405,0.0359717
RS_0000,RS,spring,42,21.0,78.51878,0.039259393
RS_0000,RS,spring,43,21.5,115.31448,0.05765724
RS_0000,RS,spring,44,22.0,140.68546,0.07034273
RS_0000,RS,spring,45,22.5,109.340004,0.054670002
RS_0000,RS,spring,46,23.0,95.2875,0.04764375
RS_0000,RS,spring,47,23.5,112.90165,0.056450825
RS_0001,RS,autumn,0,0.0,17.678278,0.008839139
RS_0001,RS,autumn,1,0.5,18.536068,0.009268034
RS_0001,RS,autumn,2,1.0,15.14653,0.007573265
RS_0001,RS,autumn,3,1.5,15.097172,0.007548586
RS_0001,RS,autumn,4,2.0,21.973667,0.010986834
RS_0001,RS,autumn,5,2.5,18.267776,0.009133888
RS_0001,RS,autumn,6,3.0,23.766382,0.011883191
RS_0001,RS,autumn,7,3.5,19.267742,0.009633871
RS_0001,RS,autumn,8,4.0,26.01516,0.013007579
RS_0001,RS,autumn,9,4.5,23.718489,0.011859245
RS_0001,RS,autumn,10,5.0,18.692972,0.009346486
RS_0001,RS,autumn,11,5.5,16.402807,0.008201404
RS_0001,RS,autumn,12,6.0,9.701669,0.004850834
RS_0001,RS,autumn,13,6.5,8.017609,0.0040088044
RS_0001,RS,autumn,14,7.0,8.5809555,0.004290478
RS_0001,RS,autumn,15,7.5,8.041041,0.0040205205
RS_0001,RS,autumn,16,8.0,7.798299,0.0038991494
RS_0001,RS,autumn,17,8.5,7.254957,0.0036274786
RS_0001,RS,autumn,18,9.0,8.155384,0.004077692
RS_0001,RS,autumn,19,9.5,5.4964795,0.0027482398
RS_0001,RS,autumn,20,10.0,8.374364,0.004187182
RS_0001,RS,autumn,21,10.5,6.3867664,0.003193383
RS_0001,RS,autumn,22,11.0,10.465607,0.0052328035
RS_0001,RS,autumn,23,11.5,8.593031,0.0042965156
RS_0001,RS,autumn,24,12.0,10.328835,0.0051644174
RS_0001,RS,autumn,25,12.5,8.234834,0.0041174167
RS_0001,RS,autumn,26,13.0,5.3937316,0.0026968657
RS_0001,RS,autumn,27,13.5,6.112559,0.0030562794
RS_0001,RS,autumn,28,14.0,7.5193434,0.0037596717
RS_0001,RS,autumn,29,14.5,6.382729,0.0031913645
RS_0001,RS,autumn,30,15.0,7.2951317,0.0036475658
RS_0001,RS,autumn,31,15.5,7.315509,0.0036577545
RS_0001,RS,autumn,32,16.0,9.435432,0.004717716
RS_0001,RS,autumn,33,16.5,8.038388,0.0040191943
RS_0001,RS,autumn,34,17.0,7.519971,0.0037599856
RS_0001,RS,autumn,35,17.5,7.2907934,0.0036453968
RS_0001,RS,autumn,36,18.0,14.88557,0.007442785
RS_0001,RS,autumn,37,18.5,12.967201,0.0064836005
RS_0001,RS,autumn,38,19.0,13.9931,0.00699655
RS_0001,RS,autumn,39,19.5,8.988149,0.0044940743
RS_0001,RS,autumn,40,20.0,8.998789,0.0044993944
RS_0001,RS,autumn,41,20.5,8.235576,0.004117788
RS_0001,RS,autumn,42,21.0,7.4929466,0.0037464732
RS_0001,RS,autumn,43,21.5,7.8470726,0.0039235363
RS_0001,RS,autumn,44,22.0,6.3069034,0.0031534517
RS_0001,RS,autumn,45,22.5,6.4464693,0.0032232346
RS_0001,RS,autumn,46,23.0,6.655298,0.003327649
RS_0001,RS,autumn,47,23.5,7.451415,0.0037257075
RS_0002,RS,spring,0,0.0,408.2076,0.20410381
RS_0002,RS,spring,1,0.5,308.56628,0.15428314
RS_0002,RS,spring,2,1.0,304.145,0.15207249
RS_0002,RS,spring,3,1.5,273.68198,0.13684098
RS_0002,RS,spring,4,2.0,285.20428,0.14260215
RS_0002,RS,spring,5,2.5,266.9261,0.13346304
RS_0002,RS,spring,6,3.0,272.36188,0.13618094
RS_0002,RS,spring,7,3.5,265.77325,0.13288663
RS_0002,RS,spring,8,4.0,333.54626,0.16677313
RS_0002,RS,spring,9,4.5,294.90268,0.14745134
RS_0002,RS,spring,10,5.0,332.6293,0.16631465
RS_0002,RS,spring,11,5.5,334.88943,0.16744472
RS_0002,RS,spring,12,6.0,413.23422,0.20661712
RS_0002,RS,spring,13,6.5,474.54913,0.23727457
RS_0002,RS,spring,14,7.0,574.78033,0.28739017
RS_0002,RS,spring,15,7.5,569.0535,0.28452677
RS_0002,RS,spring,16,8.0,742.0998,0.3710499
RS_0002,RS,spring,17,8.5,752.46704,0.37623352
RS_0002,RS,spring,18,9.0,857.9597,0.42897984
RS_0002,RS,spring,19,9.5,863.9671,0.43198356
RS_0002,RS,spring,20,10.0,971.04,0.48551998
RS_0002,RS,spring,21,10.5,1070.4933,0.5352467
RS_0002,RS,spring,22,11.0,1352.8539,0.67642695
RS_0002,RS,spring,23,11.5,1413.1837,0.70659184
RS_0002,RS,spring,24,12.0,1307.8401,0.65392005
RS_0002,RS,spring,25,12.5,1159.1416,0.57957083
RS_0002,RS,spring,26,13.0,1159.5139,0.579757
RS_0002,RS,spring,27,13.5,848.6422,0.42432112
RS_0002,RS,spring,28,14.0,631.96045,0.31598023
RS_0002,RS,spring,29,14.5,535.255,0.2676275
RS_0002,RS,spring,30,15.0,445.7362,0.2228681
RS_0002,RS,spring,31,15.5,479.9288,0.2399644
RS_0002,RS,spring,32,16.0,483.86606,0.24193303
RS_0002,RS,spring,33,16.5,477.20712,0.23860356
RS_0002,RS,spring,34,17.0,551.8907,0.27594534
RS_0002,RS,spring,35,17.5,555.83765,0.27791882
RS_0002,RS,spring,36,18.0,719.3826,0.35969132
RS_0002,RS,spring,37,18.5,869.85333,0.43492666
RS_0002,RS,spring,38,19.0,889.0846,0.4445423
RS_0002,RS,spring,39,19.5,839.6586,0.4198293
RS_0002,RS,spring,40,20.0,805.0631,0.40253156
RS_0002,RS,spring,41,20.5,754.4659,0.37723294
RS_0002,RS,spring,42,21.0,784.74677,0.39237338
RS_0002,RS,spring,43,21.5,703.1703,0.35158515
RS_0002,RS,spring,44,22.0,743.8622,0.3719311
RS_0002,RS,spring,45,22.5,793.7508,0.3968754
RS_0002,RS,spring,46,23.0,741.333,0.3706665
RS_0002,RS,spring,47,23.5,613.4595,0.30672973
RS_0003,RS,summer,0,0.0,194.8852,0.0974426
RS_0003,RS,summer,1,0.5,187.14333,0.09357166
RS_0003,RS,summer,2,1.0,211.5367,0.105768345
RS_0003,RS,summer,3,1.5,312.9009,0.15645045
RS_0003,RS,summer,4,2.0,309.86136,0.15493068
RS_0003,RS,summer,5,2.5,172.43192,0.08621596
RS_0003,RS,summer,6,3.0,211.95332,0.10597666
RS_0003,RS,summer,7,3.5,181.34764,0.09067382
RS_0003,RS,summer,8,4.0,151.88252,0.075941265
RS_0003,RS,summer,9,4.5,196.62762,0.098313816
RS_0003,RS,summer,10,5.0,186.98425,0.09349213
RS_0003,RS,summer,11,5.5,186.7961,0.09339805
RS_0003,RS,summer,12,6.0,165.70952,0.08285476
RS_0003,RS,summer,13,6.5,162.53435,0.08126717
RS_0003,RS,summer,14,7.0,116.98488,0.05849244
RS_0003,RS,summer,15,7.5,173.70392,0.08685196
RS_0003,RS,summer,16,8.0,125.96854,0.062984265
RS_0003,RS,summer,17,8.5,147.80255,0.07390127
RS_0003,RS,summer,18,9.0,157.1505,0.078575246
RS_0003,RS,summer,19,9.5,142.44681,0.0712234
RS_0003,RS,summer,20,10.0,165.15915,0.082579575
RS_0003,RS,summer,21,10.5,107.39593,0.053697962
RS_0003,RS,summer,22,11.0,158.97049,0.079485245
RS_0003,RS,summer,23,11.5,199.34248,0.099671245
RS_0003,RS,summer,24,12.0,115.511375,0.057755686
RS_0003,RS,summer,25,12.5,281.8196,0.1409098
RS_0003,RS,summer,26,13.0,159.31151,0.07965575
RS_0003,RS,summer,27,13.5,290.0391,0.14501955
RS_0003,RS,summer,28,14.0,211.48724,0.105743624
RS_0003,RS,summer,29,14.5,194.84344,0.09742172
RS_0003,RS,summer,30,15.0,171.89125,0.08594563
RS_0003,RS,summer,31,15.5,138.75659,0.069378294
RS_0003,RS,summer,32,16.0,155.16779,0.077583894
RS_0003,RS,summer,33,16.5,119.55449,0.059777245
RS_0003,RS,summer,34,17.0,161.54436,0.08077218
RS_0003,RS,summer,35,17.5,171.58788,0.085793935
RS_0003,RS,summer,36,18.0,187.72432,0.09386216
RS_0003,RS,summer,37,18.5,111.98266,0.05599133
RS_0003,RS,summer,38,19.0,209.60567,0.10480283
RS_0003,RS,summer,39,19.5,215.01001,0.10750501
RS_0003,RS,summer,40,20.0,156.85239,0.07842619
RS_0003,RS,summer,41,20.5,195.54959,0.097774796
RS_0003,RS,summer,42,21.0,222.6468,0.1113234
RS_0003,RS,summer,43,21.5,256.1455,0.12807275
RS_0003,RS,summer,44,22.0,266.52994,0.13326497
RS_0003,RS,summer,45,22.5,306.35254,0.15317626
RS_0003,RS,summer,46,23.0,227.83398,0.11391699
RS_0003,RS,summer,47,23.5,221.3807,0.110690355
RS_0004,RS,winter,0,0.0,1213.0781,0.6065391
RS_0004,RS,winter,1,0.5,1078.0807,0.5390403
RS_0004,RS,winter,2,1.0,1146.6462,0.57332313
RS_0004,RS,winter,3,1.5,1047.2355,0.52361774
RS_0004,RS,winter,4,2.0,1253.4923,0.6267462
RS_0004,RS,winter,5,2.5,1137.5159,0.56875795
RS_0004,RS,winter,6,3.0,1037.3992,0.5186996
RS_0004,RS,winter,7,3.5,1010.8809,0.5054405
RS_0004,RS,winter,8,4.0,1141.3916,0.5706958
RS_0004,RS,winter,9,4.5,1088.397,0.5441985
RS_0004,RS,winter,10,5.0,1098.9272,0.5494636
RS_0004,RS,winter,11,5.5,1146.22,0.57311
RS_0004,RS,winter,12,6.0,1200.9271,0.60046357
RS_0004,RS,winter,13,6.5,1214.1259,0.60706294
RS_0004,RS,winter,14,7.0,1366.1184,0.6830592
RS_0004,RS,winter,15,7.5,1325.8643,0.66293216
RS_0004,RS,winter,16,8.0,1404.2012,0.7021006
RS_0004,RS,winter,17,8.5,1313.3694,0.6566847
RS_0004,RS,winter,18,9.0,1397.3386,0.6986693
RS_0004,RS,winter,19,9.5,1394.2375,0.69711876
RS_0004,RS,winter,20,10.0,1481.8004,0.7409002
RS_0004,RS,winter,21,10.5,1515.2169,0.7576085
RS_0004,RS,winter,22,11.0,1535.9921,0.767996
RS_0004,RS,winter,23,11.5,1507.6942,0.7538471
RS_0004,RS,winter,24,12.0,1537.2415,0.7686207
RS_0004,RS,winter,25,12.5,1419.6024,0.7098012
RS_0004,RS,winter,26,13.0,1432.3789,0.71618944
RS_0004,RS,winter,27,13.5,1472.08,0.73604
RS_0004,RS,winter,28,14.0,1435.9443,0.71797216
RS_0004,RS,winter,29,14.5,1391.4341,0.69571704
RS_0004,RS,winter,30,15.0,1397.8,0.69890004
RS_0004,RS,winter,31,15.5,1407.362,0.70368105
RS_0004,RS,winter,32,16.0,1325.391,0.66269547
RS_0004,RS,winter,33,16.5,1430.2467,0.71512336
RS_0004,RS,winter,34,17.0,1433.5714,0.7167857
RS_0004,RS,winter,35,17.5,1491.1927,0.74559635
RS_0004,RS,winter,36,18.0,1681.2091,0.84060454
RS_0004,RS,winter,37,18.5,1616.9297,0.8084648
RS_0004,RS,winter,38,19.0,1707.2128,0.8536064
RS_0004,RS,winter,39,19.5,1798.5806,0.89929026
RS_0004,RS,winter,40,20.0,1669.9559,0.834978
RS_0004,RS,winter,41,20.5,1745.3595,0.87267977
RS_0004,RS,winter,42,21.0,1709.4788,0.85473937
RS_0004,RS,winter,43,21.5,1766.1666,0.8830833
RS_0004,RS,winter,44,22.0,1905.2871,0.9526436
RS_0004,RS,winter,45,22.5,2054.2512,1.0271256
RS_0004,RS,winter,46,23.0,2028.2534,1.0141267
RS_0004,RS,winter,47,23.5,1687.5394,0.8437697
RS_0005,RS,autumn,0,0.0,762.3694,0.3811847
RS_0005,RS,autumn,1,0.5,565.55756,0.28277877
RS_0005,RS,autumn,2,1.0,484.3479,0.24217395
RS_0005,RS,autumn,3,1.5,370.89392,0.18544696
RS_0005,RS,autumn,4,2.0,284.85934,0.14242968
RS_0005,RS,autumn,5,2.5,139.33276,0.06966638
RS_0005,RS,autumn,6,3.0,113.78333,0.056891665
RS_0005,RS,autumn,7,3.5,90.07011,0.045035053
RS_0005,RS,autumn,8,4.0,100.90175,0.050450873
RS_0005,RS,autumn,9,4.5,95.168335,0.04758417
RS_0005,RS,autumn,10,5.0,90.9675,0.04548375
RS_0005,RS,autumn,11,5.5,82.64246,0.041321233
RS_0005,RS,autumn,12,6.0,91.41951,0.045709755
RS_0005,RS,autumn,13,6.5,85.42336,0.042711683
RS_0005,RS,autumn,14,7.0,97.505905,0.048752952
RS_0005,RS,autumn,15,7.5,78.61056,0.039305277
RS_0005,RS,autumn,16,8.0,101.956635,0.050978318
RS_0005,RS,autumn,17,8.5,138.03143,0.06901572
RS_0005,RS,autumn,18,9.0,119.804405,0.059902202
RS_0005,RS,autumn,19,9.5,109.258064,0.05462903
RS_0005,RS,autumn,20,10.0,105.211205,0.052605603
RS_0005,RS,autumn,21,10.5,100.78516,0.05039258
RS_0005,RS,autumn,22,11.0,89.05796,0.04452898
RS_0005,RS,autumn,23,11.5,85.52587,0.042762935
RS_0005,RS,autumn,24,12.0,73.528244,0.036764123
RS_0005,RS,autumn,25,12.5,125.68406,0.06284203
RS_0005,RS,autumn,26,13.0,122.41742,0.06120871
RS_0005,RS,autumn,27,13.5,129.69672,0.064848356
RS_0005,RS,autumn,28,14.0,139.6489,0.06982445
RS_0005,RS,autumn,29,14.5,137.78476,0.06889238
RS_0005,RS,autumn,30,15.0,163.31279,0.0816564
RS_0005,RS,autumn,31,15.5,183.75655,0.09187827
RS_0005,RS,autumn,32,16.0,210.08614,0.10504307
RS_0005,RS,autumn,33,16.5,220.49324,0.11024662
RS_0005,RS,autumn,34,17.0,251.76308,0.12588154
RS_0005,RS,autumn,35,17.5,242.5198,0.121259905
RS_0005,RS,autumn,36,18.0,332.53098,0.16626549
RS_0005,RS,autumn,37,18.5,369.82013,0.18491006
RS_0005,RS,autumn,38,19.0,401.05377,0.2005269
RS_0005,RS,autumn,39,19.5,391.13278,0.19556639
RS_0005,RS,autumn,40,20.0,453.60617,0.22680308
RS_0005,RS,autumn,41,20.5,382.1972,0.1910986
RS_0005,RS,autumn,42,21.0,346.66278,0.1733314
RS_0005,RS,autumn,43,21.5,299.52707,0.14976354
RS_0005,RS,autumn,44,22.0,245.10641,0.12255321
RS_0005,RS,autumn,45,22.5,207.17209,0.10358605
RS_0005,RS,autumn,46,23.0,220.90372,0.11045186
RS_0005,RS,autumn,47,23.5,346.48727,0.17324364
RS_0006,RS,spring,0,0.0,248.40695,0.12420347
RS_0006,RS,spring,1,0.5,298.89963,0.14944981
RS_0006,RS,spring,2,1.0,787.00366,0.39350182
RS_0006,RS,spring,3,1.5,1134.0608,0.5670304
RS_0006,RS,spring,4,2.0,676.8145,0.33840725
RS_0006,RS,spring,5,2.5,431.99118,0.2159956
RS_0006,RS,spring,6,3.0,352.26804,0.17613402
RS_0006,RS,spring,7,3.5,323.7336,0.1618668
RS_0006,RS,spring,8,4.0,332.78476,0.16639239
RS_0006,RS,spring,9,4.5,280.8382,0.1404191
RS_0006,RS,spring,10,5.0,349.08658,0.17454329
RS_0006,RS,spring,11,5.5,360.73608,0.18036804
RS_0006,RS,spring,12,6.0,316.3366,0.1581683
RS_0006,RS,spring,13,6.5,362.16956,0.18108478
RS_0006,RS,spring,14,7.0,362.02637,0.18101318
RS_0006,RS,spring,15,7.5,432.5027,0.21625134
RS_0006,RS,spring,16,8.0,404.0686,0.2020343
RS_0006,RS,spring,17,8.5,407.8306,0.2039153
RS_0006,RS,spring,18,9.0,493.25995,0.24662997
RS_0006,RS,spring,19,9.5,530.08795,0.26504397
RS_0006,RS,spring,20,10.0,543.2195,0.27160975
RS_0006,RS,spring,21,10.5,509.38806,0.25469404
RS_0006,RS,spring,22,11.0,585.35095,0.29267547
RS_0006,RS,spring,23,11.5,741.9931,0.37099656
RS_0006,RS,spring,24,12.0,1218.933,0.6094665
RS_0006,RS,spring,25,12.5,1346.095,0.6730475
RS_0006,RS,spring,26,13.0,1538.1688,0.7690844
RS_0006,RS,spring,27,13.5,1358.7406,0.6793703
RS_0006,RS,spring,28,14.0,1399.0072,0.6995036
RS_0006,RS,spring,29,14.5,1001.1109,0.50055546
RS_0006,RS,spring,30,15.0,743.78265,0.37189132
RS_0006,RS,spring,31,15.5,516.7691,0.25838456
RS_0006,RS,spring,32,16.0,374.86398,0.18743199
RS_0006,RS,spring,33,16.5,241.66006,0.12083003
RS_0006,RS,spring,34,17.0,216.94838,0.10847419
RS_0006,RS,spring,35,17.5,248.54732,0.12427366
RS_0006,RS,spring,36,18.0,213.30887,0.106654435
RS_0006,RS,spring,37,18.5,259.16537,0.12958269
RS_0006,RS,spring,38,19.0,271.75916,0.13587958
RS_0006,RS,spring,39,19.5,302.4925,0.15124625
RS_0006,RS,spring,40,20.0,267.5842,0.1337921
RS_0006,RS,spring,41,20.5,250.93268,0.12546633
RS_0006,RS,spring,42,21.0,323.2082,0.16160409
RS_0006,RS,spring,43,21.5,313.95776,0.15697888
RS_0006,RS,spring,44,22.0,241.1793,0.12058965
RS_0006,RS,spring,45,22.5,238.24715,0.11912357
RS_0006,RS,spring,46,23.0,247.14194,0.12357097
RS_0006,RS,spring,47,23.5,224.07803,0.112039015
RS_0007,RS,summer,0,0.0,442.2937,0.22114685
RS_0007,RS,summer,1,0.5,395.29962,0.1976498
RS_0007,RS,summer,2,1.0,425.6148,0.2128074
RS_0007,RS,summer,3,1.5,438.95474,0.21947737
RS_0007,RS,summer,4,2.0,458.48486,0.22924243
RS_0007,RS,summer,5,2.5,379.0511,0.18952554
RS_0007,RS,summer,6,3.0,404.04214,0.20202108
RS_0007,RS,summer,7,3.5,353.53537,0.17676769
RS_0007,RS,summer,8,4.0,369.43204,0.18471602
RS_0007,RS,summer,9,4.5,332.34894,0.16617447
RS_0007,RS,summer,10,5.0,331.98672,0.16599336
RS_0007,RS,summer,11,5.5,329.07132,0.16453566
RS_0007,RS,summer,12,6.0,311.2108,0.15560539
RS_0007,RS,summer,13,6.5,262.52072,0.13126037
RS_0007,RS,summer,14,7.0,293.24014,0.14662006
RS_0007,RS,summer,15,7.5,302.4951,0.15124755
RS_0007,RS,summer,16,8.0,314.8582,0.1574291
RS_0007,RS,summer,17,8.5,303.85876,0.15192938
RS_0007,RS,summer,18,9.0,372.30338,0.18615168
RS_0007,RS,summer,19,9.5,420.81815,0.21040908
RS_0007,RS,summer,20,10.0,516.5995,0.25829974
RS_0007,RS,summer,21,10.5,455.6813,0.22784065
RS_0007,RS,summer,22,11.0,532.9713,0.26648566
RS_0007,RS,summer,23,11.5,482.461,0.2412305
RS_0007,RS,summer,24,12.0,493.36435,0.24668218
RS_0007,RS,summer,25,12.5,445.57968,0.22278984
RS_0007,RS,summer,26,13.0,440.66003,0.22033001
RS_0007,RS,summer,27,13.5,470.64703,0.23532352
RS_0007,RS,summer,28,14.0,510.42197,0.255211
RS_0007,RS,summer,29,14.5,504.64478,0.25232238
RS_0007,RS,summer,30,15.0,540.26917,0.27013457
RS_0007,RS,summer,31,15.5,608.8632,0.30443162
RS_0007,RS,summer,32,16.0,560.2791,0.28013957
RS_0007,RS,summer,33,16.5,483.4293,0.24171464
RS_0007,RS,summer,34,17.0,536.60376,0.26830187
RS_0007,RS,summer,35,17.5,555.6075,0.27780375
RS_0007,RS,summer,36,18.0,585.7834,0.29289168
RS_0007,RS,summer,37,18.5,485.72385,0.24286193
RS_0007,RS,summer,38,19.0,637.01184,0.3185059
RS_0007,RS,summer,39,19.5,588.2974,0.2941487
RS_0007,RS,summer,40,20.0,594.2005,0.29710025
RS_0007,RS,summer,41,20.5,582.81494,0.29140747
RS_0007,RS,summer,42,21.0,647.4445,0.32372227
RS_0007,RS,summer,43,21.5,707.47864,0.35373932
RS_0007,RS,summer,44,22.0,745.6167,0.37280834
RS_0007,RS,summer,45,22.5,632.3847,0.31619236
RS_0007,RS,summer,46,23.0,578.85034,0.28942516
RS_0007,RS,summer,47,23.5,527.4509,0.26372546
RS_0008,RS,winter,0,0.0,127.15225,0.063576125
RS_0008,RS,winter,1,0.5,145.86487,0.07293244
RS_0008,RS,winter,2,1.0,137.23987,0.06861994
RS_0008,RS,winter,3,1.5,110.451195,0.055225596
RS_0008,RS,winter,4,2.0,113.4332,0.0567166
RS_0008,RS,winter,5,2.5,100.527954,0.05026398
RS_0008,RS,winter,6,3.0,100.65647,0.050328236
RS_0008,RS,winter,7,3.5,116.22916,0.058114577
RS_0008,RS,winter,8,4.0,118.0962,0.0590481
RS_0008,RS,winter,9,4.5,122.72388,0.06136194
RS_0008,RS,winter,10,5.0,116.84746,0.058423728
RS_0008,RS,winter,11,5.5,104.58561,0.052292805
RS_0008,RS,winter,12,6.0,109.1901,0.05459505
RS_0008,RS,winter,13,6.5,147.44798,0.073723994
RS_0008,RS,winter,14,7.0,198.40039,0.0992002
RS_0008,RS,winter,15,7.5,295.9669,0.14798345
RS_0008,RS,winter,16,8.0,317.49127,0.15874563
RS_0008,RS,winter,17,8.5,340.28906,0.17014453
RS_0008,RS,winter,18,9.0,276.8863,0.13844314
RS_0008,RS,winter,19,9.5,185.8239,0.09291195
RS_0008,RS,winter,20,10.0,155.63965,0.077819824
RS_0008,RS,winter,21,10.5,199.43861,0.09971931
RS_0008,RS,winter,22,11.0,180.44931,0.09022465
RS_0008,RS,winter,23,11.5,179.38684,0.08969342
RS_0008,RS,winter,24,12.0,172.78233,0.086391166
RS_0008,RS,winter,25,12.5,213.1004,0.1065502
RS_0008,RS,winter,26,13.0,162.36366,0.08118183
RS_0008,RS,winter,27,13.5,151.24524,0.07562262
RS_0008,RS,winter,28,14.0,158.67448,0.07933724
RS_0008,RS,winter,29,14.5,181.66241,0.090831205
RS_0008,RS,winter,30,15.0,212.67897,0.106339484
RS_0008,RS,winter,31,15.5,191.65508,0.095827535
RS_0008,RS,winter,32,16.0,168.75383,0.08437692
RS_0008,RS,winter,33,16.5,150.43707,0.075218536
RS_0008,RS,winter,34,17.0,199.19485,0.099597424
RS_0008,RS,winter,35,17.5,159.97786,0.07998893
RS_0008,RS,winter,36,18.0,149.05473,0.07452737
RS_0008,RS,winter,37,18.5,150.05246,0.07502623
RS_0008,RS,winter,38,19.0,155.73372,0.07786686
RS_0008,RS,winter,39,19.5,136.41219,0.068206094
RS_0008,RS,winter,40,20.0,143.88443,0.07194222
RS_0008,RS,winter,41,20.5,158.25005,0.079125024
RS_0008,RS,winter,42,21.0,157.33107,0.07866553
RS_0008,RS,winter,43,21.5,190.51366,0.09525683
RS_0008,RS,winter,44,22.0,238.5894,0.1192947
RS_0008,RS,winter,45,22.5,256.3176,0.1281588
RS_0008,RS,winter,46,23.0,268.62152,0.13431077
RS_0008,RS,winter,47,23.5,253.12555,0.12656277
RS_0009,RS,summer,0,0.0,1486.0835,0.74304175
RS_0009,RS,summer,1,0.5,874.07043,0.4370352
RS_0009,RS,summer,2,1.0,562.2148,0.2811074
RS_0009,RS,summer,3,1.5,376.27194,0.18813597
RS_0009,RS,summer,4,2.0,301.7543,0.15087715
RS_0009,RS,summer,5,2.5,243.67058,0.12183529
RS_0009,RS,summer,6,3.0,208.18056,0.10409028
RS_0009,RS,summer,7,3.5,200.35547,0.100177735
RS_0009,RS,summer,8,4.0,204.71689,0.102358446
RS_0009,RS,summer,9,4.5,202.64438,0.10132219
RS_0009,RS,summer,10,5.0,232.35344,0.11617672
RS_0009,RS,summer,11,5.5,265.205,0.1326025
RS_0009,RS,summer,12,6.0,225.64764,0.11282382
RS_0009,RS,summer,13,6.5,238.1632,0.119081594
RS_0009,RS,summer,14,7.0,227.50545,0.11375272
RS_0009,RS,summer,15,7.5,231.80107,0.11590054
RS_0009,RS,summer,16,8.0,246.97621,0.123488106
RS_0009,RS,summer,17,8.5,235.88246,0.11794123
RS_0009,RS,summer,18,9.0,274.89197,0.13744599
RS_0009,RS,summer,19,9.5,267.445,0.1337225
RS_0009,RS,summer,20,10.0,258.66107,0.12933053
RS_0009,RS,summer,21,10.5,171.05542,0.08552771
RS_0009,RS,summer,22,11.0,225.16377,0.11258189
RS_0009,RS,summer,23,11.5,381.37784,0.19068892
RS_0009,RS,summer,24,12.0,430.54193,0.21527097
RS_0009,RS,summer,25,12.5,711.7328,0.3558664
RS_0009,RS,summer,26,13.0,763.6678,0.38183388
RS_0009,RS,summer,27,13.5,601.37537,0.30068767
RS_0009,RS,summer,28,14.0,385.80032,0.19290017
RS_0009,RS,summer,29,14.5,334.7964,0.1673982
RS_0009,RS,summer,30,15.0,247.98428,0.123992145
RS_0009,RS,summer,31,15.5,232.8595,0.116429746
RS_0009,RS,summer,32,16.0,255.6101,0.12780505
RS_0009,RS,summer,33,16.5,201.70724,0.10085362
RS_0009,RS,summer,34,17.0,217.70586,0.10885293
RS_0009,RS,summer,35,17.5,280.3399,0.14016995
RS_0009,RS,summer,36,18.0,297.09424,0.14854711
RS_0009,RS,summer,37,18.5,273.70123,0.13685061
RS_0009,RS,summer,38,19.0,349.04752,0.17452376
RS_0009,RS,summer,39,19.5,384.6984,0.1923492
RS_0009,RS,summer,40,20.0,348.8778,0.17443891
RS_0009,RS,summer,41,20.5,364.99994,0.18249997
RS_0009,RS,summer,42,21.0,415.67047,0.20783524
RS_0009,RS,summer,43,21.5,352.2384,0.17611921
RS_0009,RS,summer,44,22.0,263.25394,0.13162696
RS_0009,RS,summer,45,22.5,327.99387,0.16399693
RS_0009,RS,summer,46,23.0,556.8428,0.27842137
RS_0009,RS,summer,47,23.5,1367.1108,0.6835554
RS_0010,RS,autumn,0,0.0,162.61531,0.08130766
RS_0010,RS,autumn,1,0.5,138.71861,0.06935931
RS_0010,RS,autumn,2,1.0,133.78633,0.06689317
RS_0010,RS,autumn,3,1.5,140.415,0.0702075
RS_0010,RS,autumn,4,2.0,150.09944,0.07504972
RS_0010,RS,autumn,5,2.5,119.93599,0.059967995
RS_0010,RS,autumn,6,3.0,145.50508,0.07275254
RS_0010,RS,autumn,7,3.5,120.09427,0.060047135
RS_0010,RS,autumn,8,4.0,140.78804,0.07039402
RS_0010,RS,autumn,9,4.5,108.564995,0.054282498
RS_0010,RS,autumn,10,5.0,145.92938,0.07296469
RS_0010,RS,autumn,11,5.5,127.263275,0.06363164
RS_0010,RS,autumn,12,6.0,143.54245,0.07177123
RS_0010,RS,autumn,13,6.5,126.50736,0.06325368
RS_0010,RS,autumn,14,7.0,158.4603,0.079230145
RS_0010,RS,autumn,15,7.5,162.12383,0.081061915
RS_0010,RS,autumn,16,8.0,216.08855,0.108044274
RS_0010,RS,autumn,17,8.5,268.37247,0.13418624
RS_0010,RS,autumn,18,9.0,433.58014,0.21679007
RS_0010,RS,autumn,19,9.5,614.6423,0.30732113
RS_0010,RS,autumn,20,10.0,779.511,0.3897555
RS_0010,RS,autumn,21,10.5,969.17334,0.48458666
RS_0010,RS,autumn,22,11.0,859.534,0.429767
RS_0010,RS,autumn,23,11.5,1000.61597,0.500308
RS_0010,RS,autumn,24,12.0,903.73663,0.45186833
RS_0010,RS,autumn,25,12.5,701.744,0.350872
RS_0010,RS,autumn,26,13.0,633.8151,0.31690755
RS_0010,RS,autumn,27,13.5,585.0382,0.2925191
RS_0010,RS,autumn,28,14.0,512.2229,0.25611144
RS_0010,RS,autumn,29,14.5,580.4066,0.2902033
RS_0010,RS,autumn,30,15.0,639.5169,0.31975845
RS_0010,RS,autumn,31,15.5,638.8685,0.31943426
RS_0010,RS,autumn,32,16.0,618.3824,0.3091912
RS_0010,RS,autumn,33,16.5,582.99817,0.29149908
RS_0010,RS,autumn,34,17.0,572.07086,0.28603542
RS_0010,RS,autumn,35,17.5,455.83072,0.22791536
RS_0010,RS,autumn,36,18.0,485.24136,0.24262068
RS_0010,RS,autumn,37,18.5,506.6245,0.25331226
RS_0010,RS,autumn,38,19.0,521.3037,0.26065186
RS_0010,RS,autumn,39,19.5,460.59677,0.23029839
RS_0010,RS,autumn,40,20.0,426.7296,0.21336481
RS_0010,RS,autumn,41,20.5,373.81485,0.18690743
RS_0010,RS,autumn,42,21.0,416.4188,0.2082094
RS_0010,RS,autumn,43,21.5,401.4222,0.2007111
RS_0010,RS,autumn,44,22.0,342.5518,0.1712759
RS_0010,RS,autumn,45,22.5,305.4968,0.15274839
RS_0010,RS,autumn,46,23.0,288.67603,0.14433801
RS_0010,RS,autumn,47,23.5,235.60736,0.11780368
RS_0011,RS,spring,0,0.0,225.4233,0.112711646
RS_0011,RS,spring,1,0.5,195.68169,0.097840846
RS_0011,RS,spring,2,1.0,232.83553,0.116417766
RS_0011,RS,spring,3,1.5,248.43002,0.124215014
RS_0011,RS,spring,4,2.0,314.73907,0.15736954
RS_0011,RS,spring,5,2.5,178.76645,0.08938322
RS_0011,RS,spring,6,3.0,208.50539,0.104252696
RS_0011,RS,spring,7,3.5,176.36162,0.08818081
RS_0011,RS,spring,8,4.0,152.88063,0.07644031
RS_0011,RS,spring,9,4.5,180.52357,0.09026179
RS_0011,RS,spring,10,5.0,156.8657,0.07843285
RS_0011,RS,spring,11,5.5,187.86601,0.09393301
RS_0011,RS,spring,12,6.0,150.22969,0.075114846
RS_0011,RS,spring,13,6.5,185.24263,0.09262131
RS_0011,RS,spring,14,7.0,151.68974,0.07584487
RS_0011,RS,spring,15,7.5,183.57964,0.09178982
RS_0011,RS,spring,16,8.0,98.60473,0.049302366
RS_0011,RS,spring,17,8.5,123.82103,0.061910514
RS_0011,RS,spring,18,9.0,119.38153,0.059690766
RS_0011,RS,spring,19,9.5,119.47301,0.059736505
RS_0011,RS,spring,20,10.0,94.1815,0.04709075
RS_0011,RS,spring,21,10.5,74.04136,0.03702068
RS_0011,RS,spring,22,11.0,82.7763,0.04138815
RS_0011,RS,spring,23,11.5,113.166565,0.05658328
RS_0011,RS,spring,24,12.0,69.044464,0.03452223
RS_0011,RS,spring,25,12.5,178.68332,0.08934166
RS_0011,RS,spring,26,13.0,103.392975,0.051696487
RS_0011,RS,spring,27,13.5,154.55264,0.07727632
RS_0011,RS,spring,28,14.0,130.0705,0.06503525
RS_0011,RS,spring,29,14.5,190.0432,0.0950216
RS_0011,RS,spring,30,15.0,182.80086,0.09140043
RS_0011,RS,spring,31,15.5,145.40332,0.07270166
RS_0011,RS,spring,32,16.0,169.5583,0.08477915
RS_0011,RS,spring,33,16.5,165.19955,0.082599774
RS_0011,RS,spring,34,17.0,175.86394,0.08793197
RS_0011,RS,spring,35,17.5,192.13596,0.09606798
RS_0011,RS,spring,36,18.0,198.52992,0.099264964
RS_0011,RS,spring,37,18.5,164.06021,0.0820301
RS_0011,RS,spring,38,19.0,202.20653,0.10110326
RS_0011,RS,spring,39,19.5,199.68564,0.09984282
RS_0011,RS,spring,40,20.0,150.70326,0.07535163
RS_0011,RS,spring,41,20.5,187.5962,0.0937981
RS_0011,RS,spring,42,21.0,185.23412,0.09261706
RS_0011,RS,spring,43,21.5,232.7975,0.11639875
RS_0011,RS,spring,44,22.0,167.63812,0.08381906
RS_0011,RS,spring,45,22.5,230.73618,0.11536809
RS_0011,RS,spring,46,23.0,227.64256,0.11382128
RS_0011,RS,spring,47,23.5,222.11656,0.11105828
RS_0012,RS,summer,0,0.0,123.03086,0.06151543
RS_0012,RS,summer,1,0.5,94.795235,0.047397617
RS_0012,RS,summer,2,1.0,95.06429,0.047532145
RS_0012,RS,summer,3,1.5,143.09892,0.07154946
RS_0012,RS,summer,4,2.0,218.21725,0.10910863
RS_0012,RS,summer,5,2.5,158.17223,0.07908611
RS_0012,RS,summer,6,3.0,175.4622,0.0877311
RS_0012,RS,summer,7,3.5,175.1818,0.087590896
RS_0012,RS,summer,8,4.0,182.85907,0.09142953
RS_0012,RS,summer,9,4.5,191.7762,0.0958881
RS_0012,RS,summer,10,5.0,219.4746,0.1097373
RS_0012,RS,summer,11,5.5,250.20514,0.12510256
RS_0012,RS,summer,12,6.0,257.65985,0.12882993
RS_0012,RS,summer,13,6.5,278.22357,0.13911179
RS_0012,RS,summer,14,7.0,129.81636,0.06490818
RS_0012,RS,summer,15,7.5,147.01837,0.07350919
RS_0012,RS,summer,16,8.0,55.124725,0.027562363
RS_0012,RS,summer,17,8.5,44.82123,0.022410616
RS_0012,RS,summer,18,9.0,41.58644,0.02079322
RS_0012,RS,summer,19,9.5,46.53623,0.023268115
RS_0012,RS,summer,20,10.0,21.449413,0.010724707
RS_0012,RS,summer,21,10.5,8.036055,0.0040180273
RS_0012,RS,summer,22,11.0,14.662795,0.0073313974
RS_0012,RS,summer,23,11.5,6.19792,0.00309896
RS_0012,RS,summer,24,12.0,6.482558,0.003241279
RS_0012,RS,summer,25,12.5,2.2960198,0.0011480099
RS_0012,RS,summer,26,13.0,8.063625,0.004031813
RS_0012,RS,summer,27,13.5,3.7494268,0.0018747135
RS_0012,RS,summer,28,14.0,10.036137,0.0050180685
RS_0012,RS,summer,29,14.5,16.945875,0.008472937
RS_0012,RS,summer,30,15.0,51.521378,0.025760688
RS_0012,RS,summer,31,15.5,94.0833,0.047041647
RS_0012,RS,summer,32,16.0,87.70737,0.043853685
RS_0012,RS,summer,33,16.5,116.59996,0.05829998
RS_0012,RS,summer,34,17.0,101.61071,0.050805356
RS_0012,RS,summer,35,17.5,140.43576,0.07021788
RS_0012,RS,summer,36,18.0,151.96886,0.075984426
RS_0012,RS,summer,37,18.5,153.01497,0.07650749
RS_0012,RS,summer,38,19.0,126.75347,0.06337673
RS_0012,RS,summer,39,19.5,151.87093,0.07593546
RS_0012,RS,summer,40,20.0,118.33882,0.05916941
RS_0012,RS,summer,41,20.5,116.78695,0.058393475
RS_0012,RS,summer,42,21.0,111.49652,0.05574826
RS_0012,RS,summer,43,21.5,96.165764,0.04808288
RS_0012,RS,summer,44,22.0,101.49838,0.05074919
RS_0012,RS,summer,45,22.5,98.762634,0.049381316
RS_0012,RS,summer,46,23.0,86.9035,0.043451753
RS_0012,RS,summer,47,23.5,97.730965,0.048865482
RS_0013,RS,spring,0,0.0,725.36505,0.36268252
RS_0013,RS,spring,1,0.5,490.99484,0.24549742
RS_0013,RS,spring,2,1.0,455.04456,0.22752228
RS_0013,RS,spring,3,1.5,404.47888,0.20223944
RS_0013,RS,spring,4,2.0,459.62845,0.22981423
RS_0013,RS,spring,5,2.5,349.78506,0.17489253
RS_0013,RS,spring,6,3.0,349.30167,0.17465083
RS_0013,RS,spring,7,3.5,354.85968,0.17742984
RS_0013,RS,spring,8,4.0,314.6173,0.15730865
RS_0013,RS,spring,9,4.5,385.41653,0.19270827
RS_0013,RS,spring,10,5.0,350.97232,0.17548616
RS_0013,RS,spring,11,5.5,432.763,0.2163815
RS_0013,RS,spring,12,6.0,387.6779,0.19383894
RS_0013,RS,spring,13,6.5,403.5218,0.20176089
RS_0013,RS,spring,14,7.0,500.79257,0.25039628
RS_0013,RS,spring,15,7.5,450.76926,0.22538462
RS_0013,RS,spring,16,8.0,327.4681,0.16373405
RS_0013,RS,spring,17,8.5,275.77298,0.1378865
RS_0013,RS,spring,18,9.0,130.17247,0.06508624
RS_0013,RS,spring,19,9.5,63.206017,0.03160301
RS_0013,RS,spring,20,10.0,21.919832,0.010959916
RS_0013,RS,spring,21,10.5,19.456165,0.009728082
RS_0013,RS,spring,22,11.0,13.086954,0.006543477
RS_0013,RS,spring,23,11.5,25.623177,0.012811588
RS_0013,RS,spring,24,12.0,38.221375,0.019110687
RS_0013,RS,spring,25,12.5,90.377075,0.04518854
RS_0013,RS,spring,26,13.0,38.37799,0.019188995
RS_0013,RS,spring,27,13.5,59.52993,0.029764965
RS_0013,RS,spring,28,14.0,17.932953,0.008966477
RS_0013,RS,spring,29,14.5,15.357824,0.007678912
RS_0013,RS,spring,30,15.0,50.600445,0.025300222
RS_0013,RS,spring,31,15.5,219.92238,0.10996119
RS_0013,RS,spring,32,16.0,365.0717,0.18253584
RS_0013,RS,spring,33,16.5,626.1806,0.3130903
RS_0013,RS,spring,34,17.0,777.3186,0.3886593
RS_0013,RS,spring,35,17.5,933.15155,0.46657577
RS_0013,RS,spring,36,18.0,1226.6661,0.61333305
RS_0013,RS,spring,37,18.5,1381.3566,0.6906783
RS_0013,RS,spring,38,19.0,1367.4939,0.68374693
RS_0013,RS,spring,39,19.5,1521.406,0.760703
RS_0013,RS,spring,40,20.0,1314.1663,0.65708315
RS_0013,RS,spring,41,20.5,1209.7753,0.6048876
RS_0013,RS,spring,42,21.0,1039.8173,0.5199086
RS_0013,RS,spring,43,21.5,971.31256,0.4856563
RS_0013,RS,spring,44,22.0,955.1698,0.4775849
RS_0013,RS,spring,45,22.5,1025.9202,0.5129601
RS_0013,RS,spring,46,23.0,908.89716,0.45444858
RS_0013,RS,spring,47,23.5,1090.9849,0.5454924
RS_0014,RS,autumn,0,0.0,121.317795,0.0606589
RS_0014,RS,autumn,1,0.5,56.627693,0.028313847
RS_0014,RS,autumn,2,1.0,23.328703,0.011664351
RS_0014,RS,autumn,3,1.5,6.05246,0.00302623
RS_0014,RS,autumn,4,2.0,3.2118502,0.001605925
RS_0014,RS,autumn,5,2.5,3.1863747,0.0015931873
RS_0014,RS,autumn,6,3.0,2.6181405,0.0013090703
RS_0014,RS,autumn,7,3.5,2.6004086,0.0013002043
RS_0014,RS,autumn,8,4.0,2.6880805,0.0013440403
RS_0014,RS,autumn,9,4.5,3.1020432,0.0015510216
RS_0014,RS,autumn,10,5.0,3.4887638,0.0017443819
RS_0014,RS,autumn,11,5.5,3.6200566,0.0018100283
RS_0014,RS,autumn,12,6.0,3.5954309,0.0017977154
RS_0014,RS,autumn,13,6.5,2.75585,0.001377925
RS_0014,RS,autumn,14,7.0,2.888651,0.0014443254
RS_0014,RS,autumn,15,7.5,1.898776,0.000949388
RS_0014,RS,autumn,16,8.0,2.450459,0.0012252295
RS_0014,RS,autumn,17,8.5,2.8571806,0.0014285903
RS_0014,RS,autumn,18,9.0,3.9354725,0.0019677363
RS_0014,RS,autumn,19,9.5,3.6043296,0.0018021648
RS_0014,RS,autumn,20,10.0,2.248874,0.001124437
RS_0014,RS,autumn,21,10.5,2.1586344,0.0010793172
RS_0014,RS,autumn,22,11.0,1.9657915,0.0009828957
RS_0014,RS,autumn,23,11.5,2.6626668,0.0013313334
RS_0014,RS,autumn,24,12.0,1.7956555,0.00089782773
RS_0014,RS,autumn,25,12.5,3.0254102,0.0015127051
RS_0014,RS,autumn,26,13.0,3.8261175,0.0019130588
RS_0014,RS,autumn,27,13.5,2.8745692,0.0014372846
RS_0014,RS,autumn,28,14.0,4.5812263,0.0022906133
RS_0014,RS,autumn,29,14.5,5.6220984,0.002811049
RS_0014,RS,autumn,30,15.0,5.564987,0.0027824936
RS_0014,RS,autumn,31,15.5,3.7864785,0.0018932392
RS_0014,RS,autumn,32,16.0,5.5873766,0.0027936883
RS_0014,RS,autumn,33,16.5,7.883813,0.0039419066
RS_0014,RS,autumn,34,17.0,6.144869,0.0030724343
RS_0014,RS,autumn,35,17.5,4.6634035,0.0023317018
RS_0014,RS,autumn,36,18.0,1.9133329,0.0009566665
RS_0014,RS,autumn,37,18.5,1.7100868,0.0008550434
RS_0014,RS,autumn,38,19.0,1.9271772,0.0009635886
RS_0014,RS,autumn,39,19.5,3.4134927,0.0017067463
RS_0014,RS,autumn,40,20.0,2.7463076,0.0013731538
RS_0014,RS,autumn,41,20.5,3.0049334,0.0015024666
RS_0014,RS,autumn,42,21.0,3.2038565,0.0016019283
RS_0014,RS,autumn,43,21.5,2.8450844,0.0014225423
RS_0014,RS,autumn,44,22.0,1.934629,0.00096731447
RS_0014,RS,autumn,45,22.5,2.1912198,0.0010956099
RS_0014,RS,autumn,46,23.0,5.922779,0.0029613895
RS_0014,RS,autumn,47,23.5,39.29126,0.01964563
RS_0015,RS,spring,0,0.0,131.8258,0.0659129
RS_0015,RS,spring,1,0.5,138.08142,0.06904071
RS_0015,RS,spring,2,1.0,127.20238,0.06360119
RS_0015,RS,spring,3,1.5,170.38268,0.08519134
RS_0015,RS,spring,4,2.0,176.22687,0.088113435
RS_0015,RS,spring,5,2.5,144.87268,0.07243634
RS_0015,RS,spring,6,3.0,172.91139,0.086455695
RS_0015,RS,spring,7,3.5,145.79884,0.07289942
RS_0015,RS,spring,8,4.0,175.69601,0.08784801
RS_0015,RS,spring,9,4.5,150.0694,0.0750347
RS_0015,RS,spring,10,5.0,161.34003,0.080670014
RS_0015,RS,spring,11,5.5,158.97064,0.07948532
RS_0015,RS,spring,12,6.0,180.75777,0.09037888
RS_0015,RS,spring,13,6.5,179.60132,0.089800656
RS_0015,RS,spring,14,7.0,197.65558,0.09882779
RS_0015,RS,spring,15,7.5,190.51503,0.09525751
RS_0015,RS,spring,16,8.0,243.17374,0.12158687
RS_0015,RS,spring,17,8.5,259.26785,0.12963393
RS_0015,RS,spring,18,9.0,274.23474,0.13711737
RS_0015,RS,spring,19,9.5,265.8109,0.13290545
RS_0015,RS,spring,20,10.0,269.97873,0.13498937
RS_0015,RS,spring,21,10.5,224.51947,0.11225974
RS_0015,RS,spring,22,11.0,279.46124,0.13973062
RS_0015,RS,spring,23,11.5,302.01212,0.15100606
RS_0015,RS,spring,24,12.0,464.05234,0.23202617
RS_0015,RS,spring,25,12.5,365.75064,0.18287532
RS_0015,RS,spring,26,13.0,350.36026,0.17518014
RS_0015,RS,spring,27,13.5,266.39246,0.13319623
RS_0015,RS,spring,28,14.0,224.86395,0.11243197
RS_0015,RS,spring,29,14.5,203.13867,0.10156934
RS_0015,RS,spring,30,15.0,177.17053,0.088585265
RS_0015,RS,spring,31,15.5,159.00526,0.079502635
RS_0015,RS,spring,32,16.0,185.17995,0.092589974
RS_0015,RS,spring,33,16.5,188.62529,0.094312645
RS_0015,RS,spring,34,17.0,206.36871,0.10318436
RS_0015,RS,spring,35,17.5,203.12572,0.10156286
RS_0015,RS,spring,36,18.0,291.95175,0.14597587
RS_0015,RS,spring,37,18.5,329.49072,0.16474536
RS_0015,RS,spring,38,19.0,412.96152,0.20648076
RS_0015,RS,spring,39,19.5,370.50116,0.18525058
RS_0015,RS,spring,40,20.0,370.45972,0.18522985
RS_0015,RS,spring,41,20.5,258.48148,0.12924074
RS_0015,RS,spring,42,21.0,251.95853,0.12597926
RS_0015,RS,spring,43,21.5,209.75323,0.104876615
RS_0015,RS,spring,44,22.0,179.07076,0.08953538
RS_0015,RS,spring,45,22.5,153.2792,0.0766396
RS_0015,RS,spring,46,23.0,153.63612,0.076818064
RS_0015,RS,spring,47,23.5,118.20784,0.05910392
RS_0016,RS,autumn,0,0.0,341.223,0.1706115
RS_0016,RS,autumn,1,0.5,330.8051,0.16540256
RS_0016,RS,autumn,2,1.0,392.8523,0.19642615
RS_0016,RS,autumn,3,1.5,335.81274,0.16790637
RS_0016,RS,autumn,4,2.0,435.46582,0.2177329
RS_0016,RS,autumn,5,2.5,345.52774,0.17276387
RS_0016,RS,autumn,6,3.0,295.26947,0.14763473
RS_0016,RS,autumn,7,3.5,313.61703,0.15680851
RS_0016,RS,autumn,8,4.0,309.4408,0.1547204
RS_0016,RS,autumn,9,4.5,334.6099,0.16730495
RS_0016,RS,autumn,10,5.0,318.80582,0.1594029
RS_0016,RS,autumn,11,5.5,375.7538,0.18787691
RS_0016,RS,autumn,12,6.0,446.3896,0.2231948
RS_0016,RS,autumn,13,6.5,439.0821,0.21954104
RS_0016,RS,autumn,14,7.0,679.8702,0.3399351
RS_0016,RS,autumn,15,7.5,1032.8341,0.516417
RS_0016,RS,autumn,16,8.0,1402.0326,0.7010163
RS_0016,RS,autumn,17,8.5,1166.2659,0.5831329
RS_0016,RS,autumn,18,9.0,1000.3266,0.5001633
RS_0016,RS,autumn,19,9.5,694.6695,0.34733474
RS_0016,RS,autumn,20,10.0,575.4427,0.28772134
RS_0016,RS,autumn,21,10.5,318.5805,0.15929025
RS_0016,RS,autumn,22,11.0,291.98627,0.14599313
RS_0016,RS,autumn,23,11.5,324.7378,0.1623689
RS_0016,RS,autumn,24,12.0,360.444,0.180222
RS_0016,RS,autumn,25,12.5,425.57736,0.21278869
RS_0016,RS,autumn,26,13.0,390.29095,0.19514547
RS_0016,RS,autumn,27,13.5,371.13376,0.18556687
RS_0016,RS,autumn,28,14.0,257.16315,0.12858157
RS_0016,RS,autumn,29,14.5,133.23576,0.066617884
RS_0016,RS,autumn,30,15.0,131.97708,0.06598854
RS_0016,RS,autumn,31,15.5,202.13745,0.10106873
RS_0016,RS,autumn,32,16.0,356.24466,0.17812233
RS_0016,RS,autumn,33,16.5,426.5088,0.21325439
RS_0016,RS,autumn,34,17.0,737.9867,0.36899334
RS_0016,RS,autumn,35,17.5,1031.8756,0.5159378
RS_0016,RS,autumn,36,18.0,1444.5458,0.7222729
RS_0016,RS,autumn,37,18.5,1886.7832,0.9433916
RS_0016,RS,autumn,38,19.0,2461.6665,1.2308333
RS_0016,RS,autumn,39,19.5,2665.9937,1.3329968
RS_0016,RS,autumn,40,20.0,2129.3206,1.0646603
RS_0016,RS,autumn,41,20.5,1784.5735,0.8922867
RS_0016,RS,autumn,42,21.0,1873.5881,0.93679404
RS_0016,RS,autumn,43,21.5,1412.5028,0.7062514
RS_0016,RS,autumn,44,22.0,1000.18097,0.5000905
RS_0016,RS,autumn,45,22.5,802.51996,0.40126
RS_0016,RS,autumn,46,23.0,582.3177,0.29115885
RS_0016,RS,autumn,47,23.5,448.37885,0.22418942
RS_0017,RS,autumn,0,0.0,1654.2178,0.82710886
RS_0017,RS,autumn,1,0.5,1515.9697,0.7579849
RS_0017,RS,autumn,2,1.0,1439.6938,0.7198469
RS_0017,RS,autumn,3,1.5,1261.8304,0.6309152
RS_0017,RS,autumn,4,2.0,1288.6173,0.6443086
RS_0017,RS,autumn,5,2.5,1167.5417,0.5837709
RS_0017,RS,autumn,6,3.0,1148.7231,0.57436156
RS_0017,RS,autumn,7,3.5,1085.438,0.542719
RS_0017,RS,autumn,8,4.0,1112.4751,0.5562376
RS_0017,RS,autumn,9,4.5,1057.6581,0.52882904
RS_0017,RS,autumn,10,5.0,1108.3124,0.5541562
RS_0017,RS,autumn,11,5.5,1106.8339,0.5534169
RS_0017,RS,autumn,12,6.0,1268.758,0.634379
RS_0017,RS,autumn,13,6.5,1296.8232,0.64841163
RS_0017,RS,autumn,14,7.0,1256.9287,0.62846434
RS_0017,RS,autumn,15,7.5,1162.6941,0.58134705
RS_0017,RS,autumn,16,8.0,1213.5675,0.60678375
RS_0017,RS,autumn,17,8.5,1091.2083,0.5456041
RS_0017,RS,autumn,18,9.0,1117.7493,0.5588746
RS_0017,RS,autumn,19,9.5,1003.20844,0.5016042
RS_0017,RS,autumn,20,10.0,1048.9965,0.5244982
RS_0017,RS,autumn,21,10.5,977.51245,0.48875624
RS_0017,RS,autumn,22,11.0,1088.5669,0.54428345
RS_0017,RS,autumn,23,11.5,1107.1514,0.5535757
RS_0017,RS,autumn,24,12.0,1092.448,0.546224
RS_0017,RS,autumn,25,12.5,1200.1318,0.60006595
RS_0017,RS,autumn,26,13.0,1203.3159,0.601658
RS_0017,RS,autumn,27,13.5,1227.4215,0.61371076
RS_0017,RS,autumn,28,14.0,1287.5374,0.64376867
RS_0017,RS,autumn,29,14.5,1217.9165,0.60895824
RS_0017,RS,autumn,30,15.0,1143.1165,0.57155824
RS_0017,RS,autumn,31,15.5,1126.7964,0.5633982
RS_0017,RS,autumn,32,16.0,1147.1005,0.5735502
RS_0017,RS,autumn,33,16.5,1073.8467,0.53692335
RS_0017,RS,autumn,34,17.0,1174.703,0.5873515
RS_0017,RS,autumn,35,17.5,1211.9545,0.60597724
RS_0017,RS,autumn,36,18.0,1346.0345,0.67301726
RS_0017,RS,autumn,37,18.5,1280.9675,0.64048374
RS_0017,RS,autumn,38,19.0,1257.4136,0.6287068
RS_0017,RS,autumn,39,19.5,1264.6892,0.6323446
RS_0017,RS,autumn,40,20.0,1180.6888,0.5903444
RS_0017,RS,autumn,41,20.5,1158.039,0.5790195
RS_0017,RS,autumn,42,21.0,1110.7753,0.5553876
RS_0017,RS,autumn,43,21.5,1088.4188,0.5442094
RS_0017,RS,autumn,44,22.0,1236.9783,0.61848915
RS_0017,RS,autumn,45,22.5,1386.2317,0.69311583
RS_0017,RS,autumn,46,23.0,1571.6997,0.78584987
RS_0017,RS,autumn,47,23.5,1793.405,0.8967025
RS_0018,RS,spring,0,0.0,156.73357,0.078366786
RS_0018,RS,spring,1,0.5,173.73882,0.08686941
RS_0018,RS,spring,2,1.0,161.49399,0.08074699
RS_0018,RS,spring,3,1.5,206.21877,0.10310938
RS_0018,RS,spring,4,2.0,167.38068,0.08369034
RS_0018,RS,spring,5,2.5,116.99399,0.058496993
RS_0018,RS,spring,6,3.0,136.04652,0.068023264
RS_0018,RS,spring,7,3.5,159.7545,0.07987725
RS_0018,RS,spring,8,4.0,218.41658,0.10920829
RS_0018,RS,spring,9,4.5,193.63347,0.09681673
RS_0018,RS,spring,10,5.0,151.20322,0.07560161
RS_0018,RS,spring,11,5.5,143.62448,0.07181224
RS_0018,RS,spring,12,6.0,132.76414,0.06638207
RS_0018,RS,spring,13,6.5,102.893005,0.0514465
RS_0018,RS,spring,14,7.0,88.98945,0.044494726
RS_0018,RS,spring,15,7.5,84.2109,0.04210545
RS_0018,RS,spring,16,8.0,81.78812,0.040894058
RS_0018,RS,spring,17,8.5,62.68128,0.03134064
RS_0018,RS,spring,18,9.0,67.32932,0.033664662
RS_0018,RS,spring,19,9.5,61.977585,0.030988792
RS_0018,RS,spring,20,10.0,151.25948,0.07562974
RS_0018,RS,spring,21,10.5,152.15562,0.07607781
RS_0018,RS,spring,22,11.0,198.5991,0.09929955
RS_0018,RS,spring,23,11.5,214.44312,0.10722156
RS_0018,RS,spring,24,12.0,207.33107,0.10366554
RS_0018,RS,spring,25,12.5,120.88962,0.06044481
RS_0018,RS,spring,26,13.0,72.93589,0.036467943
RS_0018,RS,spring,27,13.5,80.50236,0.04025118
RS_0018,RS,spring,28,14.0,85.90927,0.042954635
RS_0018,RS,spring,29,14.5,77.603455,0.038801726
RS_0018,RS,spring,30,15.0,72.916855,0.03645843
RS_0018,RS,spring,31,15.5,68.24335,0.034121674
RS_0018,RS,spring,32,16.0,75.69965,0.03784983
RS_0018,RS,spring,33,16.5,61.433285,0.030716643
RS_0018,RS,spring,34,17.0,73.689125,0.036844563
RS_0018,RS,spring,35,17.5,64.23836,0.032119177
RS_0018,RS,spring,36,18.0,90.80289,0.045401443
RS_0018,RS,spring,37,18.5,80.09291,0.040046457
RS_0018,RS,spring,38,19.0,108.94511,0.054472554
RS_0018,RS,spring,39,19.5,91.2764,0.0456382
RS_0018,RS,spring,40,20.0,107.44903,0.053724512
RS_0018,RS,spring,41,20.5,90.202515,0.04510126
RS_0018,RS,spring,42,21.0,84.99211,0.042496055
RS_0018,RS,spring,43,21.5,102.54745,0.051273722
RS_0018,RS,spring,44,22.0,106.825005,0.0534125
RS_0018,RS,spring,45,22.5,82.8444,0.0414222
RS_0018,RS,spring,46,23.0,87.04169,0.04352084
RS_0018,RS,spring,47,23.5,96.90099,0.048450496
RS_0019,RS,winter,0,0.0,1291.0092,0.6455046
RS_0019,RS,winter,1,0.5,1183.8219,0.59191096
RS_0019,RS,winter,2,1.0,1258.9344,0.62946725
RS_0019,RS,winter,3,1.5,1431.557,0.7157785
RS_0019,RS,winter,4,2.0,1543.8894,0.7719447
RS_0019,RS,winter,5,2.5,1553.2802,0.77664006
RS_0019,RS,winter,6,3.0,1434.2509,0.7171254
RS_0019,RS,winter,7,3.5,1433.4681,0.71673405
RS_0019,RS,winter,8,4.0,1409.1959,0.70459795
RS_0019,RS,winter,9,4.5,1404.0746,0.7020373
RS_0019,RS,winter,10,5.0,1372.9535,0.68647677
RS_0019,RS,winter,11,5.5,1235.8176,0.61790884
RS_0019,RS,winter,12,6.0,1208.4661,0.604233
RS_0019,RS,winter,13,6.5,1329.577,0.6647885
RS_0019,RS,winter,14,7.0,1291.2605,0.64563024
RS_0019,RS,winter,15,7.5,1148.3296,0.5741648
RS_0019,RS,winter,16,8.0,1118.878,0.559439
RS_0019,RS,winter,17,8.5,1049.9031,0.5249515
RS_0019,RS,winter,18,9.0,953.91364,0.4769568
RS_0019,RS,winter,19,9.5,764.8384,0.3824192
RS_0019,RS,winter,20,10.0,828.0818,0.4140409
RS_0019,RS,winter,21,10.5,627.3379,0.31366894
RS_0019,RS,winter,22,11.0,550.0435,0.27502176
RS_0019,RS,winter,23,11.5,531.10266,0.26555133
RS_0019,RS,winter,24,12.0,486.55707,0.24327853
RS_0019,RS,winter,25,12.5,467.15945,0.23357973
RS_0019,RS,winter,26,13.0,526.0663,0.26303315
RS_0019,RS,winter,27,13.5,555.27423,0.27763712
RS_0019,RS,winter,28,14.0,686.2012,0.34310058
RS_0019,RS,winter,29,14.5,678.2219,0.33911097
RS_0019,RS,winter,30,15.0,715.81934,0.35790968
RS_0019,RS,winter,31,15.5,783.8638,0.3919319
RS_0019,RS,winter,32,16.0,988.2234,0.4941117
RS_0019,RS,winter,33,16.5,1054.5404,0.5272702
RS_0019,RS,winter,34,17.0,1169.0962,0.5845481
RS_0019,RS,winter,35,17.5,1371.1648,0.6855824
RS_0019,RS,winter,36,18.0,1521.401,0.7607005
RS_0019,RS,winter,37,18.5,1657.8326,0.8289163
RS_0019,RS,winter,38,19.0,1794.6067,0.89730334
RS_0019,RS,winter,39,19.5,1856.9869,0.92849344
RS_0019,RS,winter,40,20.0,1802.0007,0.9010004
RS_0019,RS,winter,41,20.5,1808.7157,0.90435785
RS_0019,RS,winter,42,21.0,1739.8829,0.8699415
RS_0019,RS,winter,43,21.5,1454.249,0.7271245
RS_0019,RS,winter,44,22.0,1509.2798,0.75463986
RS_0019,RS,winter,45,22.5,1522.2426,0.7611213
RS_0019,RS,winter,46,23.0,1552.7384,0.7763692
RS_0019,RS,winter,47,23.5,1401.6439,0.70082194
RS_0020,RS,spring,0,0.0,1.7476003,0.00087380013
RS_0020,RS,spring,1,0.5,0.6648811,0.00033244054
RS_0020,RS,spring,2,1.0,1.2007072,0.0006003536
RS_0020,RS,spring,3,1.5,0.75293946,0.00037646972
RS_0020,RS,spring,4,2.0,1.4708083,0.00073540414
RS_0020,RS,spring,5,2.5,2.0544777,0.0010272388
RS_0020,RS,spring,6,3.0,0.3197936,0.00015989681
RS_0020,RS,spring,7,3.5,0.43221533,0.00021610767
RS_0020,RS,spring,8,4.0,0.4829254,0.0002414627
RS_0020,RS,spring,9,4.5,2.0023084,0.0010011542
RS_0020,RS,spring,10,5.0,0.49427816,0.00024713908
RS_0020,RS,spring,11,5.5,1.1775692,0.0005887846
RS_0020,RS,spring,12,6.0,1.2898896,0.0006449448
RS_0020,RS,spring,13,6.5,2.3608165,0.0011804083
RS_0020,RS,spring,14,7.0,2.8778925,0.0014389462
RS_0020,RS,spring,15,7.5,0.0,0.0
RS_0020,RS,spring,16,8.0,0.0,0.0
RS_0020,RS,spring,17,8.5,0.0,0.0
RS_0020,RS,spring,18,9.0,0.0,0.0
RS_0020,RS,spring,19,9.5,0.0,0.0
RS_0020,RS,spring,20,10.0,0.0,0.0
RS_0020,RS,spring,21,10.5,0.0,0.0
RS_0020,RS,spring,22,11.0,0.0096415775,4.820789e-06
RS_0020,RS,spring,23,11.5,0.24107523,0.00012053762
RS_0020,RS,spring,24,12.0,0.0,0.0
RS_0020,RS,spring,25,12.5,0.0,0.0
RS_0020,RS,spring,26,13.0,0.046603203,2.3301602e-05
RS_0020,RS,spring,27,13.5,0.27385992,0.00013692996
RS_0020,RS,spring,28,14.0,0.0,0.0
RS_0020,RS,spring,29,14.5,0.0,0.0
RS_0020,RS,spring,30,15.0,0.5781565,0.00028907825
RS_0020,RS,spring,31,15.5,1.0235455,0.00051177276
RS_0020,RS,spring,32,16.0,0.29772407,0.00014886203
RS_0020,RS,spring,33,16.5,0.13011263,6.5056316e-05
RS_0020,RS,spring,34,17.0,0.22117832,0.000110589164
RS_0020,RS,spring,35,17.5,0.0,0.0
RS_0020,RS,spring,36,18.0,0.0,0.0
RS_0020,RS,spring,37,18.5,0.0,0.0
RS_0020,RS,spring,38,19.0,0.0,0.0
RS_0020,RS,spring,39,19.5,0.06573014,3.286507e-05
RS_0020,RS,spring,40,20.0,0.38630846,0.00019315424
RS_0020,RS,spring,41,20.5,2.2863448,0.0011431724
RS_0020,RS,spring,42,21.0,2.0877078,0.0010438539
RS_0020,RS,spring,43,21.5,3.6412053,0.0018206027
RS_0020,RS,spring,44,22.0,2.125331,0.0010626655
RS_0020,RS,spring,45,22.5,3.031845,0.0015159226
RS_0020,RS,spring,46,23.0,9.288591,0.0046442957
RS_0020,RS,spring,47,23.5,19.29005,0.009645025
RS_0021,RS,autumn,0,0.0,206.48859,0.10324429
RS_0021,RS,autumn,1,0.5,185.04337,0.09252168
RS_0021,RS,autumn,2,1.0,167.30074,0.083650365
RS_0021,RS,autumn,3,1.5,166.12204,0.08306102
RS_0021,RS,autumn,4,2.0,161.67711,0.08083855
RS_0021,RS,autumn,5,2.5,153.91908,0.07695954
RS_0021,RS,autumn,6,3.0,188.21243,0.09410622
RS_0021,RS,autumn,7,3.5,163.40298,0.081701495
RS_0021,RS,autumn,8,4.0,188.04613,0.094023064
RS_0021,RS,autumn,9,4.5,155.07748,0.07753874
RS_0021,RS,autumn,10,5.0,171.87088,0.08593544
RS_0021,RS,autumn,11,5.5,177.98297,0.088991486
RS_0021,RS,autumn,12,6.0,363.94177,0.18197088
RS_0021,RS,autumn,13,6.5,345.3366,0.17266831
RS_0021,RS,autumn,14,7.0,294.10233,0.14705116
RS_0021,RS,autumn,15,7.5,238.17186,0.11908593
RS_0021,RS,autumn,16,8.0,237.97522,0.11898761
RS_0021,RS,autumn,17,8.5,234.4936,0.11724681
RS_0021,RS,autumn,18,9.0,240.5017,0.12025084
RS_0021,RS,autumn,19,9.5,256.93698,0.12846848
RS_0021,RS,autumn,20,10.0,253.95332,0.12697667
RS_0021,RS,autumn,21,10.5,280.0184,0.1400092
RS_0021,RS,autumn,22,11.0,315.09882,0.15754941
RS_0021,RS,autumn,23,11.5,391.58667,0.19579333
RS_0021,RS,autumn,24,12.0,383.31583,0.19165792
RS_0021,RS,autumn,25,12.5,268.41205,0.13420603
RS_0021,RS,autumn,26,13.0,267.36093,0.13368046
RS_0021,RS,autumn,27,13.5,248.75838,0.12437919
RS_0021,RS,autumn,28,14.0,212.89244,0.10644622
RS_0021,RS,autumn,29,14.5,229.35837,0.11467919
RS_0021,RS,autumn,30,15.0,248.93875,0.12446938
RS_0021,RS,autumn,31,15.5,242.15627,0.12107813
RS_0021,RS,autumn,32,16.0,300.319,0.1501595
RS_0021,RS,autumn,33,16.5,295.3657,0.14768285
RS_0021,RS,autumn,34,17.0,369.1716,0.1845858
RS_0021,RS,autumn,35,17.5,405.70093,0.20285046
RS_0021,RS,autumn,36,18.0,596.95905,0.29847953
RS_0021,RS,autumn,37,18.5,838.5438,0.41927192
RS_0021,RS,autumn,38,19.0,820.15704,0.41007853
RS_0021,RS,autumn,39,19.5,689.6393,0.34481964
RS_0021,RS,autumn,40,20.0,649.1942,0.32459712
RS_0021,RS,autumn,41,20.5,507.04733,0.25352368
RS_0021,RS,autumn,42,21.0,475.0982,0.2375491
RS_0021,RS,autumn,43,21.5,424.59583,0.21229792
RS_0021,RS,autumn,44,22.0,395.25354,0.19762677
RS_0021,RS,autumn,45,22.5,360.9561,0.18047804
RS_0021,RS,autumn,46,23.0,318.92664,0.15946332
RS_0021,RS,autumn,47,23.5,275.42096,0.13771048
RS_0022,RS,winter,0,0.0,526.4492,0.2632246
RS_0022,RS,winter,1,0.5,627.1626,0.3135813
RS_0022,RS,winter,2,1.0,787.1765,0.39358824
RS_0022,RS,winter,3,1.5,498.60562,0.2493028
RS_0022,RS,winter,4,2.0,461.59073,0.23079537
RS_0022,RS,winter,5,2.5,400.06097,0.20003049
RS_0022,RS,winter,6,3.0,415.1687,0.20758435
RS_0022,RS,winter,7,3.5,280.95917,0.14047958
RS_0022,RS,winter,8,4.0,361.83237,0.18091619
RS_0022,RS,winter,9,4.5,336.7333,0.16836666
RS_0022,RS,winter,10,5.0,308.73535,0.15436767
RS_0022,RS,winter,11,5.5,287.68515,0.14384258
RS_0022,RS,winter,12,6.0,398.02942,0.19901471
RS_0022,RS,winter,13,6.5,373.409,0.1867045
RS_0022,RS,winter,14,7.0,309.70798,0.15485398
RS_0022,RS,winter,15,7.5,364.75238,0.18237619
RS_0022,RS,winter,16,8.0,471.77808,0.23588903
RS_0022,RS,winter,17,8.5,620.48083,0.31024042
RS_0022,RS,winter,18,9.0,677.9962,0.3389981
RS_0022,RS,winter,19,9.5,855.8407,0.42792034
RS_0022,RS,winter,20,10.0,964.8709,0.48243546
RS_0022,RS,winter,21,10.5,950.08057,0.4750403
RS_0022,RS,winter,22,11.0,1450.4845,0.72524226
RS_0022,RS,winter,23,11.5,1566.5248,0.7832624
RS_0022,RS,winter,24,12.0,1691.2932,0.8456466
RS_0022,RS,winter,25,12.5,1768.8314,0.8844157
RS_0022,RS,winter,26,13.0,1590.739,0.7953695
RS_0022,RS,winter,27,13.5,976.10297,0.48805147
RS_0022,RS,winter,28,14.0,977.15,0.488575
RS_0022,RS,winter,29,14.5,786.39557,0.39319777
RS_0022,RS,winter,30,15.0,802.248,0.401124
RS_0022,RS,winter,31,15.5,785.80554,0.39290276
RS_0022,RS,winter,32,16.0,959.72406,0.47986203
RS_0022,RS,winter,33,16.5,955.2031,0.47760156
RS_0022,RS,winter,34,17.0,1121.464,0.560732
RS_0022,RS,winter,35,17.5,1231.8326,0.6159163
RS_0022,RS,winter,36,18.0,1506.0728,0.7530364
RS_0022,RS,winter,37,18.5,1448.9432,0.7244716
RS_0022,RS,winter,38,19.0,1364.1426,0.68207127
RS_0022,RS,winter,39,19.5,917.5706,0.4587853
RS_0022,RS,winter,40,20.0,819.0023,0.40950117
RS_0022,RS,winter,41,20.5,643.836,0.321918
RS_0022,RS,winter,42,21.0,474.2832,0.2371416
RS_0022,RS,winter,43,21.5,318.92435,0.15946217
RS_0022,RS,winter,44,22.0,289.76627,0.14488313
RS_0022,RS,winter,45,22.5,265.5689,0.13278446
RS_0022,RS,winter,46,23.0,180.24014,0.09012007
RS_0022,RS,winter,47,23.5,181.04773,0.09052386
RS_0023,RS,summer,0,0.0,96.17804,0.04808902
RS_0023,RS,summer,1,0.5,86.158195,0.043079097
RS_0023,RS,summer,2,1.0,88.48598,0.04424299
RS_0023,RS,summer,3,1.5,86.04664,0.043023318
RS_0023,RS,summer,4,2.0,84.03138,0.04201569
RS_0023,RS,summer,5,2.5,85.89224,0.042946123
RS_0023,RS,summer,6,3.0,145.38196,0.07269098
RS_0023,RS,summer,7,3.5,151.97762,0.07598881
RS_0023,RS,summer,8,4.0,168.59833,0.08429916
RS_0023,RS,summer,9,4.5,140.7681,0.07038405
RS_0023,RS,summer,10,5.0,128.07819,0.064039096
RS_0023,RS,summer,11,5.5,108.91853,0.054459266
RS_0023,RS,summer,12,6.0,79.27911,0.03963956
RS_0023,RS,summer,13,6.5,62.740883,0.031370442
RS_0023,RS,summer,14,7.0,44.56078,0.02228039
RS_0023,RS,summer,15,7.5,55.899982,0.02794999
RS_0023,RS,summer,16,8.0,41.33021,0.020665105
RS_0023,RS,summer,17,8.5,40.363575,0.020181788
RS_0023,RS,summer,18,9.0,31.61211,0.015806055
RS_0023,RS,summer,19,9.5,49.893085,0.024946542
RS_0023,RS,summer,20,10.0,91.73996,0.04586998
RS_0023,RS,summer,21,10.5,94.097626,0.047048815
RS_0023,RS,summer,22,11.0,99.49413,0.049747065
RS_0023,RS,summer,23,11.5,62.008614,0.031004306
RS_0023,RS,summer,24,12.0,56.073322,0.028036661
RS_0023,RS,summer,25,12.5,45.2308,0.022615401
RS_0023,RS,summer,26,13.0,38.937958,0.019468978
RS_0023,RS,summer,27,13.5,42.742046,0.021371024
RS_0023,RS,summer,28,14.0,40.800747,0.020400373
RS_0023,RS,summer,29,14.5,42.239426,0.021119712
RS_0023,RS,summer,30,15.0,118.25355,0.059126772
RS_0023,RS,summer,31,15.5,185.54901,0.0927745
RS_0023,RS,summer,32,16.0,268.80106,0.13440053
RS_0023,RS,summer,33,16.5,193.79912,0.09689956
RS_0023,RS,summer,34,17.0,199.95692,0.09997846
RS_0023,RS,summer,35,17.5,146.49762,0.07324881
RS_0023,RS,summer,36,18.0,136.01666,0.06800833
RS_0023,RS,summer,37,18.5,93.76238,0.04688119
RS_0023,RS,summer,38,19.0,77.40607,0.03870303
RS_0023,RS,summer,39,19.5,81.9075,0.04095375
RS_0023,RS,summer,40,20.0,75.94596,0.03797298
RS_0023,RS,summer,41,20.5,59.93783,0.029968916
RS_0023,RS,summer,42,21.0,63.851784,0.03192589
RS_0023,RS,summer,43,21.5,76.127945,0.038063973
RS_0023,RS,summer,44,22.0,74.023865,0.037011933
RS_0023,RS,summer,45,22.5,60.226765,0.030113382
RS_0023,RS,summer,46,23.0,65.8309,0.03291545
RS_0023,RS,summer,47,23.5,64.4679,0.03223395
RS_0024,RS,autumn,0,0.0,317.32806,0.15866403
RS_0024,RS,autumn,1,0.5,256.51804,0.12825902
RS_0024,RS,autumn,2,1.0,354.4208,0.1772104
RS_0024,RS,autumn,3,1.5,675.4836,0.3377418
RS_0024,RS,autumn,4,2.0,919.7488,0.4598744
RS_0024,RS,autumn,5,2.5,664.8404,0.3324202
RS_0024,RS,autumn,6,3.0,602.6552,0.30132762
RS_0024,RS,autumn,7,3.5,469.2377,0.23461886
RS_0024,RS,autumn,8,4.0,395.0635,0.19753176
RS_0024,RS,autumn,9,4.5,375.4726,0.1877363
RS_0024,RS,autumn,10,5.0,325.3351,0.16266756
RS_0024,RS,autumn,11,5.5,402.43726,0.20121863
RS_0024,RS,autumn,12,6.0,376.57483,0.1882874
RS_0024,RS,autumn,13,6.5,397.0416,0.1985208
RS_0024,RS,autumn,14,7.0,524.4011,0.26220056
RS_0024,RS,autumn,15,7.5,660.9826,0.3304913
RS_0024,RS,autumn,16,8.0,1025.1018,0.5125509
RS_0024,RS,autumn,17,8.5,991.7509,0.49587545
RS_0024,RS,autumn,18,9.0,924.26044,0.46213022
RS_0024,RS,autumn,19,9.5,913.7408,0.45687038
RS_0024,RS,autumn,20,10.0,1018.54346,0.50927174
RS_0024,RS,autumn,21,10.5,745.2665,0.37263325
RS_0024,RS,autumn,22,11.0,647.7325,0.32386625
RS_0024,RS,autumn,23,11.5,491.12622,0.2455631
RS_0024,RS,autumn,24,12.0,765.2139,0.38260695
RS_0024,RS,autumn,25,12.5,1187.6552,0.5938276
RS_0024,RS,autumn,26,13.0,969.14514,0.48457256
RS_0024,RS,autumn,27,13.5,561.1263,0.28056315
RS_0024,RS,autumn,28,14.0,258.20706,0.12910353
RS_0024,RS,autumn,29,14.5,172.51968,0.08625984
RS_0024,RS,autumn,30,15.0,115.75709,0.057878543
RS_0024,RS,autumn,31,15.5,106.10361,0.053051803
RS_0024,RS,autumn,32,16.0,105.03404,0.052517023
RS_0024,RS,autumn,33,16.5,158.32198,0.07916099
RS_0024,RS,autumn,34,17.0,170.1399,0.08506995
RS_0024,RS,autumn,35,17.5,174.47668,0.08723834
RS_0024,RS,autumn,36,18.0,283.91562,0.1419578
RS_0024,RS,autumn,37,18.5,369.92484,0.18496242
RS_0024,RS,autumn,38,19.0,584.5139,0.29225695
RS_0024,RS,autumn,39,19.5,832.6812,0.41634062
RS_0024,RS,autumn,40,20.0,1000.139,0.5000695
RS_0024,RS,autumn,41,20.5,919.5929,0.45979646
RS_0024,RS,autumn,42,21.0,884.3163,0.44215813
RS_0024,RS,autumn,43,21.5,799.6339,0.39981696
RS_0024,RS,autumn,44,22.0,588.2477,0.29412383
RS_0024,RS,autumn,45,22.5,438.82028,0.21941014
RS_0024,RS,autumn,46,23.0,347.94412,0.17397206
RS_0024,RS,autumn,47,23.5,297.28534,0.14864267
RS_0025,RS,spring,0,0.0,441.0909,0.22054546
RS_0025,RS,spring,1,0.5,616.5416,0.3082708
RS_0025,RS,spring,2,1.0,972.5396,0.4862698
RS_0025,RS,spring,3,1.5,1269.2177,0.6346088
RS_0025,RS,spring,4,2.0,1360.1127,0.68005633
RS_0025,RS,spring,5,2.5,1390.0696,0.6950348
RS_0025,RS,spring,6,3.0,1300.0328,0.6500164
RS_0025,RS,spring,7,3.5,1388.2428,0.6941214
RS_0025,RS,spring,8,4.0,1280.4584,0.64022917
RS_0025,RS,spring,9,4.5,1179.8129,0.58990645
RS_0025,RS,spring,10,5.0,1149.8663,0.5749332
RS_0025,RS,spring,11,5.5,1008.70135,0.50435066
RS_0025,RS,spring,12,6.0,914.36475,0.45718238
RS_0025,RS,spring,13,6.5,829.87775,0.41493887
RS_0025,RS,spring,14,7.0,974.31085,0.48715544
RS_0025,RS,spring,15,7.5,1121.8174,0.5609087
RS_0025,RS,spring,16,8.0,1165.4641,0.5827321
RS_0025,RS,spring,17,8.5,893.66956,0.44683477
RS_0025,RS,spring,18,9.0,885.2683,0.44263417
RS_0025,RS,spring,19,9.5,780.9825,0.39049125
RS_0025,RS,spring,20,10.0,643.6565,0.32182825
RS_0025,RS,spring,21,10.5,434.94977,0.21747488
RS_0025,RS,spring,22,11.0,435.9427,0.21797134
RS_0025,RS,spring,23,11.5,357.41565,0.17870782
RS_0025,RS,spring,24,12.0,320.81223,0.16040611
RS_0025,RS,spring,25,12.5,363.90854,0.18195426
RS_0025,RS,spring,26,13.0,400.09653,0.20004827
RS_0025,RS,spring,27,13.5,338.9713,0.16948566
RS_0025,RS,spring,28,14.0,323.43646,0.16171823
RS_0025,RS,spring,29,14.5,287.97876,0.14398938
RS_0025,RS,spring,30,15.0,296.90494,0.14845248
RS_0025,RS,spring,31,15.5,255.02356,0.12751178
RS_0025,RS,spring,32,16.0,234.61548,0.11730774
RS_0025,RS,spring,33,16.5,187.57283,0.09378642
RS_0025,RS,spring,34,17.0,180.32529,0.09016264
RS_0025,RS,spring,35,17.5,208.04495,0.10402247
RS_0025,RS,spring,36,18.0,207.98247,0.10399123
RS_0025,RS,spring,37,18.5,214.3169,0.107158445
RS_0025,RS,spring,38,19.0,260.18823,0.13009411
RS_0025,RS,spring,39,19.5,305.26407,0.15263203
RS_0025,RS,spring,40,20.0,310.8424,0.1554212
RS_0025,RS,spring,41,20.5,267.41904,0.13370952
RS_0025,RS,spring,42,21.0,298.09317,0.14904658
RS_0025,RS,spring,43,21.5,316.01492,0.15800746
RS_0025,RS,spring,44,22.0,324.8029,0.16240144
RS_0025,RS,spring,45,22.5,283.79758,0.14189878
RS_0025,RS,spring,46,23.0,291.29788,0.14564894
RS_0025,RS,spring,47,23.5,286.61246,0.14330623
RS_0026,RS,summer,0,0.0,1.0962908,0.0005481454
RS_0026,RS,summer,1,0.5,1.176853,0.0005884265
RS_0026,RS,summer,2,1.0,1.1266756,0.0005633378
RS_0026,RS,summer,3,1.5,2.028893,0.0010144465
RS_0026,RS,summer,4,2.0,1.018899,0.00050944946
RS_0026,RS,summer,5,2.5,0.9942157,0.00049710786
RS_0026,RS,summer,6,3.0,1.7482331,0.00087411655
RS_0026,RS,summer,7,3.5,1.417299,0.0007086495
RS_0026,RS,summer,8,4.0,1.5224245,0.00076121226
RS_0026,RS,summer,9,4.5,0.9172298,0.00045861487
RS_0026,RS,summer,10,5.0,1.1946304,0.0005973152
RS_0026,RS,summer,11,5.5,1.1854813,0.00059274066
RS_0026,RS,summer,12,6.0,0.8394569,0.00041972846
RS_0026,RS,summer,13,6.5,1.1892362,0.0005946181
RS_0026,RS,summer,14,7.0,1.1523156,0.0005761578
RS_0026,RS,summer,15,7.5,1.2398894,0.0006199447
RS_0026,RS,summer,16,8.0,1.0536659,0.00052683294
RS_0026,RS,summer,17,8.5,0.7773099,0.00038865494
RS_0026,RS,summer,18,9.0,0.9905913,0.0004952956
RS_0026,RS,summer,19,9.5,0.74334335,0.0003716717
RS_0026,RS,summer,20,10.0,0.76059854,0.00038029926
RS_0026,RS,summer,21,10.5,0.29975718,0.00014987859
RS_0026,RS,summer,22,11.0,1.2165847,0.00060829235
RS_0026,RS,summer,23,11.5,0.9286519,0.00046432597
RS_0026,RS,summer,24,12.0,0.81251025,0.00040625513
RS_0026,RS,summer,25,12.5,0.3041949,0.00015209745
RS_0026,RS,summer,26,13.0,0.749328,0.000374664
RS_0026,RS,summer,27,13.5,0.99135363,0.0004956768
RS_0026,RS,summer,28,14.0,0.71162,0.00035580999
RS_0026,RS,summer,29,14.5,0.8844949,0.00044224746
RS_0026,RS,summer,30,15.0,0.7226237,0.00036131186
RS_0026,RS,summer,31,15.5,1.5615518,0.0007807759
RS_0026,RS,summer,32,16.0,1.5583439,0.00077917194
RS_0026,RS,summer,33,16.5,1.3678758,0.0006839379
RS_0026,RS,summer,34,17.0,1.2361896,0.0006180948
RS_0026,RS,summer,35,17.5,0.9818553,0.00049092766
RS_0026,RS,summer,36,18.0,0.8574499,0.00042872495
RS_0026,RS,summer,37,18.5,1.1329975,0.0005664988
RS_0026,RS,summer,38,19.0,1.1983495,0.00059917476
RS_0026,RS,summer,39,19.5,1.4272752,0.00071363756
RS_0026,RS,summer,40,20.0,1.2373116,0.0006186558
RS_0026,RS,summer,41,20.5,1.2952724,0.0006476362
RS_0026,RS,summer,42,21.0,1.0221074,0.00051105366
RS_0026,RS,summer,43,21.5,1.5055375,0.00075276877
RS_0026,RS,summer,44,22.0,2.4262824,0.0012131413
RS_0026,RS,summer,45,22.5,2.2318945,0.0011159473
RS_0026,RS,summer,46,23.0,2.6214736,0.0013107368
RS_0026,RS,summer,47,23.5,1.7988167,0.00089940836
RS_0027,RS,winter,0,0.0,119.074814,0.059537407
RS_0027,RS,winter,1,0.5,159.76201,0.079881005
RS_0027,RS,winter,2,1.0,208.4075,0.10420375
RS_0027,RS,winter,3,1.5,175.23457,0.087617286
RS_0027,RS,winter,4,2.0,175.56833,0.08778416
RS_0027,RS,winter,5,2.5,195.78432,0.09789216
RS_0027,RS,winter,6,3.0,146.59288,0.07329644
RS_0027,RS,winter,7,3.5,116.222725,0.058111362
RS_0027,RS,winter,8,4.0,142.90186,0.07145093
RS_0027,RS,winter,9,4.5,135.99413,0.06799706
RS_0027,RS,winter,10,5.0,120.75038,0.06037519
RS_0027,RS,winter,11,5.5,88.88125,0.044440623
RS_0027,RS,winter,12,6.0,118.93948,0.05946974
RS_0027,RS,winter,13,6.5,151.28525,0.07564262
RS_0027,RS,winter,14,7.0,140.20691,0.07010345
RS_0027,RS,winter,15,7.5,149.7448,0.0748724
RS_0027,RS,winter,16,8.0,214.21538,0.10710769
RS_0027,RS,winter,17,8.5,285.78775,0.14289388
RS_0027,RS,winter,18,9.0,341.31406,0.17065702
RS_0027,RS,winter,19,9.5,260.88837,0.13044418
RS_0027,RS,winter,20,10.0,303.2725,0.15163624
RS_0027,RS,winter,21,10.5,279.38904,0.13969451
RS_0027,RS,winter,22,11.0,378.92734,0.18946368
RS_0027,RS,winter,23,11.5,1119.4763,0.55973816
RS_0027,RS,winter,24,12.0,2326.0952,1.1630476
RS_0027,RS,winter,25,12.5,3111.9895,1.5559947
RS_0027,RS,winter,26,13.0,3677.3108,1.8386554
RS_0027,RS,winter,27,13.5,1774.4355,0.88721776
RS_0027,RS,winter,28,14.0,1368.4084,0.6842042
RS_0027,RS,winter,29,14.5,865.3797,0.43268985
RS_0027,RS,winter,30,15.0,458.96844,0.22948422
RS_0027,RS,winter,31,15.5,267.04877,0.13352439
RS_0027,RS,winter,32,16.0,326.99686,0.16349843
RS_0027,RS,winter,33,16.5,334.38242,0.1671912
RS_0027,RS,winter,34,17.0,377.99567,0.18899783
RS_0027,RS,winter,35,17.5,431.08057,0.21554029
RS_0027,RS,winter,36,18.0,607.2299,0.30361497
RS_0027,RS,winter,37,18.5,606.73737,0.3033687
RS_0027,RS,winter,38,19.0,692.5249,0.34626245
RS_0027,RS,winter,39,19.5,678.2605,0.33913025
RS_0027,RS,winter,40,20.0,499.60504,0.24980251
RS_0027,RS,winter,41,20.5,420.39014,0.21019506
RS_0027,RS,winter,42,21.0,328.57953,0.16428976
RS_0027,RS,winter,43,21.5,240.91534,0.12045767
RS_0027,RS,winter,44,22.0,224.22812,0.11211406
RS_0027,RS,winter,45,22.5,184.16286,0.09208143
RS_0027,RS,winter,46,23.0,141.57585,0.07078793
RS_0027,RS,winter,47,23.5,118.5889,0.059294447
RS_0028,RS,winter,0,0.0,804.7903,0.40239513
RS_0028,RS,winter,1,0.5,710.77094,0.35538548
RS_0028,RS,winter,2,1.0,567.6234,0.28381172
RS_0028,RS,winter,3,1.5,383.36566,0.19168283
RS_0028,RS,winter,4,2.0,296.846,0.148423
RS_0028,RS,winter,5,2.5,253.28798,0.12664399
RS_0028,RS,winter,6,3.0,207.52806,0.10376403
RS_0028,RS,winter,7,3.5,199.94073,0.09997037
RS_0028,RS,winter,8,4.0,190.90775,0.09545387
RS_0028,RS,winter,9,4.5,192.41106,0.096205525
RS_0028,RS,winter,10,5.0,193.90327,0.09695163
RS_0028,RS,winter,11,5.5,185.66014,0.09283007
RS_0028,RS,winter,12,6.0,213.811,0.106905505
RS_0028,RS,winter,13,6.5,289.4434,0.1447217
RS_0028,RS,winter,14,7.0,239.6904,0.1198452
RS_0028,RS,winter,15,7.5,208.87114,0.10443557
RS_0028,RS,winter,16,8.0,160.07178,0.08003589
RS_0028,RS,winter,17,8.5,157.9585,0.07897925
RS_0028,RS,winter,18,9.0,162.51422,0.08125711
RS_0028,RS,winter,19,9.5,160.5549,0.08027745
RS_0028,RS,winter,20,10.0,117.759514,0.058879755
RS_0028,RS,winter,21,10.5,134.32574,0.06716287
RS_0028,RS,winter,22,11.0,117.70539,0.058852695
RS_0028,RS,winter,23,11.5,143.8224,0.0719112
RS_0028,RS,winter,24,12.0,140.535,0.0702675
RS_0028,RS,winter,25,12.5,157.17448,0.07858724
RS_0028,RS,winter,26,13.0,144.2239,0.07211196
RS_0028,RS,winter,27,13.5,152.32413,0.07616206
RS_0028,RS,winter,28,14.0,143.81253,0.07190627
RS_0028,RS,winter,29,14.5,133.97864,0.06698932
RS_0028,RS,winter,30,15.0,140.83072,0.07041536
RS_0028,RS,winter,31,15.5,125.26949,0.062634744
RS_0028,RS,winter,32,16.0,131.07884,0.06553942
RS_0028,RS,winter,33,16.5,160.33212,0.080166064
RS_0028,RS,winter,34,17.0,187.81288,0.09390644
RS_0028,RS,winter,35,17.5,175.06775,0.08753388
RS_0028,RS,winter,36,18.0,201.1022,0.1005511
RS_0028,RS,winter,37,18.5,247.64958,0.12382479
RS_0028,RS,winter,38,19.0,241.0388,0.1205194
RS_0028,RS,winter,39,19.5,227.42287,0.11371143
RS_0028,RS,winter,40,20.0,206.41508,0.10320754
RS_0028,RS,winter,41,20.5,220.26216,0.11013108
RS_0028,RS,winter,42,21.0,190.87883,0.09543941
RS_0028,RS,winter,43,21.5,180.54373,0.09027187
RS_0028,RS,winter,44,22.0,156.96269,0.07848135
RS_0028,RS,winter,45,22.5,154.68465,0.077342324
RS_0028,RS,winter,46,23.0,198.73268,0.09936634
RS_0028,RS,winter,47,23.5,464.26392,0.23213196
RS_0029,RS,autumn,0,0.0,1438.4441,0.71922207
RS_0029,RS,autumn,1,0.5,1275.2422,0.6376211
RS_0029,RS,autumn,2,1.0,1222.0012,0.6110006
RS_0029,RS,autumn,3,1.5,1300.9923,0.6504961
RS_0029,RS,autumn,4,2.0,1472.413,0.7362065
RS_0029,RS,autumn,5,2.5,1323.8645,0.66193223
RS_0029,RS,autumn,6,3.0,1320.4921,0.660246
RS_0029,RS,autumn,7,3.5,1236.6354,0.61831766
RS_0029,RS,autumn,8,4.0,1269.4824,0.6347412
RS_0029,RS,autumn,9,4.5,1231.2449,0.61562246
RS_0029,RS,autumn,10,5.0,1273.0441,0.63652205
RS_0029,RS,autumn,11,5.5,1291.97,0.645985
RS_0029,RS,autumn,12,6.0,1418.3558,0.7091779
RS_0029,RS,autumn,13,6.5,1458.7804,0.7293902
RS_0029,RS,autumn,14,7.0,1617.8048,0.8089024
RS_0029,RS,autumn,15,7.5,1616.3296,0.8081648
RS_0029,RS,autumn,16,8.0,1694.6437,0.84732187
RS_0029,RS,autumn,17,8.5,1593.5201,0.7967601
RS_0029,RS,autumn,18,9.0,1721.7306,0.8608653
RS_0029,RS,autumn,19,9.5,1601.0438,0.8005219
RS_0029,RS,autumn,20,10.0,1580.349,0.7901745
RS_0029,RS,autumn,21,10.5,1491.4475,0.7457238
RS_0029,RS,autumn,22,11.0,1328.9357,0.6644678
RS_0029,RS,autumn,23,11.5,1437.7839,0.718892
RS_0029,RS,autumn,24,12.0,1434.3433,0.7171716
RS_0029,RS,autumn,25,12.5,1528.014,0.76400703
RS_0029,RS,autumn,26,13.0,1440.6373,0.7203187
RS_0029,RS,autumn,27,13.5,1689.6179,0.84480894
RS_0029,RS,autumn,28,14.0,1589.4182,0.7947091
RS_0029,RS,autumn,29,14.5,1596.0334,0.7980167
RS_0029,RS,autumn,30,15.0,1490.5063,0.74525315
RS_0029,RS,autumn,31,15.5,1299.1342,0.64956707
RS_0029,RS,autumn,32,16.0,1326.261,0.6631305
RS_0029,RS,autumn,33,16.5,1386.4692,0.6932346
RS_0029,RS,autumn,34,17.0,1428.6029,0.71430147
RS_0029,RS,autumn,35,17.5,1393.1235,0.69656175
RS_0029,RS,autumn,36,18.0,1673.8903,0.8369451
RS_0029,RS,autumn,37,18.5,1692.0494,0.8460247
RS_0029,RS,autumn,38,19.0,1997.2825,0.99864125
RS_0029,RS,autumn,39,19.5,2207.0654,1.1035327
RS_0029,RS,autumn,40,20.0,2150.5698,1.075285
RS_0029,RS,autumn,41,20.5,2211.726,1.1058631
RS_0029,RS,autumn,42,21.0,2141.1785,1.0705892
RS_0029,RS,autumn,43,21.5,2169.0627,1.0845314
RS_0029,RS,autumn,44,22.0,2080.5662,1.0402831
RS_0029,RS,autumn,45,22.5,2180.9067,1.0904534
RS_0029,RS,autumn,46,23.0,2080.707,1.0403535
RS_0029,RS,autumn,47,23.5,1801.1515,0.90057576
RS_0030,RS,winter,0,0.0,1042.8079,0.5214039
RS_0030,RS,winter,1,0.5,1112.3334,0.5561667
RS_0030,RS,winter,2,1.0,1045.1532,0.5225766
RS_0030,RS,winter,3,1.5,1314.5125,0.65725625
RS_0030,RS,winter,4,2.0,1597.2661,0.79863304
RS_0030,RS,winter,5,2.5,1753.6306,0.8768153
RS_0030,RS,winter,6,3.0,2377.2944,1.1886473
RS_0030,RS,winter,7,3.5,2881.116,1.440558
RS_0030,RS,winter,8,4.0,2739.1414,1.3695707
RS_0030,RS,winter,9,4.5,2612.5718,1.3062859
RS_0030,RS,winter,10,5.0,2771.661,1.3858304
RS_0030,RS,winter,11,5.5,3242.378,1.621189
RS_0030,RS,winter,12,6.0,3167.8796,1.5839398
RS_0030,RS,winter,13,6.5,3239.617,1.6198084
RS_0030,RS,winter,14,7.0,2612.7163,1.3063581
RS_0030,RS,winter,15,7.5,3012.256,1.5061281
RS_0030,RS,winter,16,8.0,2502.9146,1.2514573
RS_0030,RS,winter,17,8.5,3006.0496,1.5030248
RS_0030,RS,winter,18,9.0,2703.135,1.3515675
RS_0030,RS,winter,19,9.5,2593.5427,1.2967714
RS_0030,RS,winter,20,10.0,2235.9949,1.1179974
RS_0030,RS,winter,21,10.5,2444.248,1.222124
RS_0030,RS,winter,22,11.0,2362.211,1.1811055
RS_0030,RS,winter,23,11.5,2499.2507,1.2496253
RS_0030,RS,winter,24,12.0,2462.8787,1.2314394
RS_0030,RS,winter,25,12.5,2301.289,1.1506445
RS_0030,RS,winter,26,13.0,2322.3533,1.1611767
RS_0030,RS,winter,27,13.5,2075.8438,1.0379219
RS_0030,RS,winter,28,14.0,2007.893,1.0039464
RS_0030,RS,winter,29,14.5,2030.8289,1.0154145
RS_0030,RS,winter,30,15.0,2197.8298,1.0989149
RS_0030,RS,winter,31,15.5,1910.2284,0.9551142
RS_0030,RS,winter,32,16.0,1870.3766,0.9351883
RS_0030,RS,winter,33,16.5,1888.1501,0.94407505
RS_0030,RS,winter,34,17.0,1671.2264,0.8356132
RS_0030,RS,winter,35,17.5,1905.3472,0.95267355
RS_0030,RS,winter,36,18.0,2293.4377,1.1467189
RS_0030,RS,winter,37,18.5,1996.989,0.9984945
RS_0030,RS,winter,38,19.0,1866.4071,0.9332036
RS_0030,RS,winter,39,19.5,2033.2446,1.0166223
RS_0030,RS,winter,40,20.0,1722.6427,0.86132133
RS_0030,RS,winter,41,20.5,1592.3969,0.7961984
RS_0030,RS,winter,42,21.0,1385.5842,0.6927921
RS_0030,RS,winter,43,21.5,1299.1249,0.6495624
RS_0030,RS,winter,44,22.0,1327.6014,0.6638007
RS_0030,RS,winter,45,22.5,1366.522,0.683261
RS_0030,RS,winter,46,23.0,1062.8105,0.53140527
RS_0030,RS,winter,47,23.5,878.2384,0.4391192
RS_0031,RS,spring,0,0.0,29.877934,0.014938966
RS_0031,RS,spring,1,0.5,32.952435,0.016476218
RS_0031,RS,spring,2,1.0,29.69226,0.01484613
RS_0031,RS,spring,3,1.5,26.882025,0.013441012
RS_0031,RS,spring,4,2.0,27.320076,0.013660038
RS_0031,RS,spring,5,2.5,21.131613,0.010565806
RS_0031,RS,spring,6,3.0,24.598436,0.012299218
RS_0031,RS,spring,7,3.5,20.063263,0.010031631
RS_0031,RS,spring,8,4.0,24.179241,0.01208962
RS_0031,RS,spring,9,4.5,25.90087,0.012950434
RS_0031,RS,spring,10,5.0,26.421299,0.01321065
RS_0031,RS,spring,11,5.5,33.278057,0.016639028
RS_0031,RS,spring,12,6.0,83.29748,0.041648738
RS_0031,RS,spring,13,6.5,116.151535,0.058075767
RS_0031,RS,spring,14,7.0,78.66349,0.039331745
RS_0031,RS,spring,15,7.5,45.12456,0.02256228
RS_0031,RS,spring,16,8.0,45.25539,0.022627695
RS_0031,RS,spring,17,8.5,43.416565,0.021708282
RS_0031,RS,spring,18,9.0,31.593464,0.015796732
RS_0031,RS,spring,19,9.5,28.368904,0.014184452
RS_0031,RS,spring,20,10.0,34.708916,0.017354459
RS_0031,RS,spring,21,10.5,32.578293,0.016289147
RS_0031,RS,spring,22,11.0,34.37098,0.01718549
RS_0031,RS,spring,23,11.5,38.852085,0.019426042
RS_0031,RS,spring,24,12.0,49.203094,0.024601547
RS_0031,RS,spring,25,12.5,36.812164,0.018406082
RS_0031,RS,spring,26,13.0,41.828728,0.020914365
RS_0031,RS,spring,27,13.5,32.67253,0.016336266
RS_0031,RS,spring,28,14.0,39.152966,0.019576482
RS_0031,RS,spring,29,14.5,38.115074,0.019057536
RS_0031,RS,spring,30,15.0,36.8005,0.01840025
RS_0031,RS,spring,31,15.5,45.96884,0.02298442
RS_0031,RS,spring,32,16.0,50.024155,0.025012078
RS_0031,RS,spring,33,16.5,63.25962,0.031629812
RS_0031,RS,spring,34,17.0,53.39001,0.026695006
RS_0031,RS,spring,35,17.5,48.132725,0.024066363
RS_0031,RS,spring,36,18.0,79.8902,0.0399451
RS_0031,RS,spring,37,18.5,85.866684,0.04293334
RS_0031,RS,spring,38,19.0,97.40403,0.048702016
RS_0031,RS,spring,39,19.5,75.58252,0.03779126
RS_0031,RS,spring,40,20.0,75.35346,0.03767673
RS_0031,RS,spring,41,20.5,58.59298,0.02929649
RS_0031,RS,spring,42,21.0,58.864117,0.029432058
RS_0031,RS,spring,43,21.5,43.55023,0.021775113
RS_0031,RS,spring,44,22.0,34.405964,0.017202983
RS_0031,RS,spring,45,22.5,29.420944,0.014710472
RS_0031,RS,spring,46,23.0,32.42149,0.016210744
RS_0031,RS,spring,47,23.5,31.928822,0.015964411
RS_0032,RS,autumn,0,0.0,151.17215,0.07558607
RS_0032,RS,autumn,1,0.5,127.25,0.063625
RS_0032,RS,autumn,2,1.0,135.6215,0.06781075
RS_0032,RS,autumn,3,1.5,142.99335,0.07149667
RS_0032,RS,autumn,4,2.0,224.78008,0.112390034
RS_0032,RS,autumn,5,2.5,161.50995,0.08075497
RS_0032,RS,autumn,6,3.0,193.08205,0.096541025
RS_0032,RS,autumn,7,3.5,217.5024,0.1087512
RS_0032,RS,autumn,8,4.0,158.76665,0.07938332
RS_0032,RS,autumn,9,4.5,130.71199,0.065355994
RS_0032,RS,autumn,10,5.0,150.33379,0.075166896
RS_0032,RS,autumn,11,5.5,175.02829,0.08751415
RS_0032,RS,autumn,12,6.0,99.0373,0.04951865
RS_0032,RS,autumn,13,6.5,97.51953,0.048759766
RS_0032,RS,autumn,14,7.0,332.8349,0.16641745
RS_0032,RS,autumn,15,7.5,54.86184,0.02743092
RS_0032,RS,autumn,16,8.0,4.1375885,0.0020687943
RS_0032,RS,autumn,17,8.5,1.3125842,0.0006562921
RS_0032,RS,autumn,18,9.0,0.32354277,0.00016177139
RS_0032,RS,autumn,19,9.5,0.43762618,0.00021881309
RS_0032,RS,autumn,20,10.0,0.7477164,0.0003738582
RS_0032,RS,autumn,21,10.5,1.1643488,0.0005821744
RS_0032,RS,autumn,22,11.0,0.9651791,0.00048258953
RS_0032,RS,autumn,23,11.5,0.3201259,0.00016006295
RS_0032,RS,autumn,24,12.0,1.0081179,0.00050405896
RS_0032,RS,autumn,25,12.5,0.32510886,0.00016255442
RS_0032,RS,autumn,26,13.0,2.0758562,0.0010379282
RS_0032,RS,autumn,27,13.5,1.7838655,0.00089193275
RS_0032,RS,autumn,28,14.0,1.4654274,0.0007327137
RS_0032,RS,autumn,29,14.5,2.1402829,0.0010701414
RS_0032,RS,autumn,30,15.0,3.052577,0.0015262885
RS_0032,RS,autumn,31,15.5,5.8485255,0.0029242628
RS_0032,RS,autumn,32,16.0,1.1828868,0.00059144344
RS_0032,RS,autumn,33,16.5,2.4766376,0.0012383189
RS_0032,RS,autumn,34,17.0,3.6953368,0.0018476684
RS_0032,RS,autumn,35,17.5,5.736478,0.0028682388
RS_0032,RS,autumn,36,18.0,6.480615,0.0032403076
RS_0032,RS,autumn,37,18.5,22.930784,0.011465392
RS_0032,RS,autumn,38,19.0,26.465845,0.013232922
RS_0032,RS,autumn,39,19.5,60.34439,0.030172195
RS_0032,RS,autumn,40,20.0,75.82417,0.037912086
RS_0032,RS,autumn,41,20.5,113.3697,0.056684848
RS_0032,RS,autumn,42,21.0,124.63408,0.06231704
RS_0032,RS,autumn,43,21.5,147.52098,0.07376049
RS_0032,RS,autumn,44,22.0,139.47723,0.06973862
RS_0032,RS,autumn,45,22.5,121.71674,0.060858373
RS_0032,RS,autumn,46,23.0,129.07188,0.064535946
RS_0032,RS,autumn,47,23.5,93.22107,0.046610534
RS_0033,RS,spring,0,0.0,1310.307,0.6551535
RS_0033,RS,spring,1,0.5,753.14606,0.37657303
RS_0033,RS,spring,2,1.0,513.82245,0.25691122
RS_0033,RS,spring,3,1.5,318.7334,0.1593667
RS_0033,RS,spring,4,2.0,303.75485,0.15187743
RS_0033,RS,spring,5,2.5,223.62515,0.11181258
RS_0033,RS,spring,6,3.0,261.179,0.1305895
RS_0033,RS,spring,7,3.5,177.75081,0.088875405
RS_0033,RS,spring,8,4.0,182.83539,0.09141769
RS_0033,RS,spring,9,4.5,155.94005,0.07797002
RS_0033,RS,spring,10,5.0,162.64378,0.081321895
RS_0033,RS,spring,11,5.5,162.01723,0.08100861
RS_0033,RS,spring,12,6.0,172.23701,0.086118504
RS_0033,RS,spring,13,6.5,139.64272,0.06982136
RS_0033,RS,spring,14,7.0,166.4776,0.0832388
RS_0033,RS,spring,15,7.5,195.00443,0.09750221
RS_0033,RS,spring,16,8.0,290.111,0.1450555
RS_0033,RS,spring,17,8.5,357.74155,0.17887077
RS_0033,RS,spring,18,9.0,376.24442,0.18812221
RS_0033,RS,spring,19,9.5,353.1878,0.1765939
RS_0033,RS,spring,20,10.0,317.06027,0.15853013
RS_0033,RS,spring,21,10.5,240.6398,0.1203199
RS_0033,RS,spring,22,11.0,261.52676,0.13076338
RS_0033,RS,spring,23,11.5,245.99756,0.12299878
RS_0033,RS,spring,24,12.0,236.67595,0.118337974
RS_0033,RS,spring,25,12.5,265.54413,0.13277206
RS_0033,RS,spring,26,13.0,275.28522,0.1376426
RS_0033,RS,spring,27,13.5,267.22852,0.13361426
RS_0033,RS,spring,28,14.0,259.39188,0.12969594
RS_0033,RS,spring,29,14.5,275.9681,0.13798405
RS_0033,RS,spring,30,15.0,370.53943,0.18526971
RS_0033,RS,spring,31,15.5,386.60162,0.19330081
RS_0033,RS,spring,32,16.0,528.03534,0.26401767
RS_0033,RS,spring,33,16.5,492.28824,0.24614412
RS_0033,RS,spring,34,17.0,541.3579,0.27067897
RS_0033,RS,spring,35,17.5,673.2676,0.3366338
RS_0033,RS,spring,36,18.0,766.4871,0.38324356
RS_0033,RS,spring,37,18.5,745.6947,0.37284735
RS_0033,RS,spring,38,19.0,872.7104,0.4363552
RS_0033,RS,spring,39,19.5,844.2235,0.42211175
RS_0033,RS,spring,40,20.0,1131.7521,0.56587607
RS_0033,RS,spring,41,20.5,1194.8925,0.5974462
RS_0033,RS,spring,42,21.0,1582.199,0.7910995
RS_0033,RS,spring,43,21.5,1202.4543,0.60122716
RS_0033,RS,spring,44,22.0,1297.5989,0.6487994
RS_0033,RS,spring,45,22.5,1624.1887,0.81209433
RS_0033,RS,spring,46,23.0,1731.3529,0.86567646
RS_0033,RS,spring,47,23.5,1343.8031,0.6719015
RS_0034,RS,autumn,0,0.0,112.829926,0.05641496
RS_0034,RS,autumn,1,0.5,151.6936,0.0758468
RS_0034,RS,autumn,2,1.0,234.7646,0.1173823
RS_0034,RS,autumn,3,1.5,191.90613,0.09595306
RS_0034,RS,autumn,4,2.0,290.91153,0.14545576
RS_0034,RS,autumn,5,2.5,201.94275,0.10097137
RS_0034,RS,autumn,6,3.0,247.3672,0.1236836
RS_0034,RS,autumn,7,3.5,268.83966,0.13441983
RS_0034,RS,autumn,8,4.0,204.10442,0.102052204
RS_0034,RS,autumn,9,4.5,270.1607,0.13508035
RS_0034,RS,autumn,10,5.0,230.10762,0.11505381
RS_0034,RS,autumn,11,5.5,218.86977,0.10943488
RS_0034,RS,autumn,12,6.0,308.48068,0.15424034
RS_0034,RS,autumn,13,6.5,467.9014,0.2339507
RS_0034,RS,autumn,14,7.0,627.0162,0.3135081
RS_0034,RS,autumn,15,7.5,994.9167,0.49745834
RS_0034,RS,autumn,16,8.0,1185.823,0.5929115
RS_0034,RS,autumn,17,8.5,539.2398,0.2696199
RS_0034,RS,autumn,18,9.0,566.2985,0.28314927
RS_0034,RS,autumn,19,9.5,241.20934,0.120604664
RS_0034,RS,autumn,20,10.0,153.63347,0.07681674
RS_0034,RS,autumn,21,10.5,37.207474,0.018603737
RS_0034,RS,autumn,22,11.0,15.044121,0.0075220605
RS_0034,RS,autumn,23,11.5,22.40656,0.011203281
RS_0034,RS,autumn,24,12.0,35.892998,0.017946498
RS_0034,RS,autumn,25,12.5,41.3956,0.0206978
RS_0034,RS,autumn,26,13.0,15.38891,0.0076944553
RS_0034,RS,autumn,27,13.5,18.164597,0.009082299
RS_0034,RS,autumn,28,14.0,10.099178,0.005049589
RS_0034,RS,autumn,29,14.5,17.997454,0.0089987265
RS_0034,RS,autumn,30,15.0,11.9167185,0.005958359
RS_0034,RS,autumn,31,15.5,15.433029,0.0077165146
RS_0034,RS,autumn,32,16.0,33.13212,0.016566059
RS_0034,RS,autumn,33,16.5,25.120604,0.012560301
RS_0034,RS,autumn,34,17.0,18.616959,0.00930848
RS_0034,RS,autumn,35,17.5,50.572956,0.025286479
RS_0034,RS,autumn,36,18.0,48.37323,0.024186615
RS_0034,RS,autumn,37,18.5,63.874733,0.03193737
RS_0034,RS,autumn,38,19.0,102.91109,0.051455542
RS_0034,RS,autumn,39,19.5,156.06822,0.07803411
RS_0034,RS,autumn,40,20.0,132.57986,0.06628993
RS_0034,RS,autumn,41,20.5,142.54227,0.07127114
RS_0034,RS,autumn,42,21.0,162.03464,0.081017315
RS_0034,RS,autumn,43,21.5,139.33035,0.06966518
RS_0034,RS,autumn,44,22.0,115.12224,0.05756112
RS_0034,RS,autumn,45,22.5,106.06439,0.053032197
RS_0034,RS,autumn,46,23.0,88.93557,0.044467784
RS_0034,RS,autumn,47,23.5,110.19634,0.055098172
RS_0035,RS,autumn,0,0.0,155.25076,0.07762538
RS_0035,RS,autumn,1,0.5,157.88574,0.07894287
RS_0035,RS,autumn,2,1.0,164.39009,0.08219504
RS_0035,RS,autumn,3,1.5,187.54955,0.09377477
RS_0035,RS,autumn,4,2.0,206.82584,0.10341292
RS_0035,RS,autumn,5,2.5,197.78587,0.098892935
RS_0035,RS,autumn,6,3.0,197.58578,0.098792896
RS_0035,RS,autumn,7,3.5,169.2436,0.0846218
RS_0035,RS,autumn,8,4.0,201.95737,0.10097868
RS_0035,RS,autumn,9,4.5,163.45175,0.08172587
RS_0035,RS,autumn,10,5.0,172.72383,0.086361915
RS_0035,RS,autumn,11,5.5,177.32182,0.08866091
RS_0035,RS,autumn,12,6.0,164.75224,0.08237612
RS_0035,RS,autumn,13,6.5,179.99582,0.08999791
RS_0035,RS,autumn,14,7.0,274.80017,0.13740009
RS_0035,RS,autumn,15,7.5,401.74088,0.20087044
RS_0035,RS,autumn,16,8.0,612.343,0.3061715
RS_0035,RS,autumn,17,8.5,621.37524,0.31068763
RS_0035,RS,autumn,18,9.0,655.9626,0.3279813
RS_0035,RS,autumn,19,9.5,595.4722,0.2977361
RS_0035,RS,autumn,20,10.0,568.3481,0.28417405
RS_0035,RS,autumn,21,10.5,447.64148,0.22382075
RS_0035,RS,autumn,22,11.0,414.75696,0.20737848
RS_0035,RS,autumn,23,11.5,432.5246,0.2162623
RS_0035,RS,autumn,24,12.0,465.0826,0.23254131
RS_0035,RS,autumn,25,12.5,439.45828,0.21972914
RS_0035,RS,autumn,26,13.0,441.19528,0.22059764
RS_0035,RS,autumn,27,13.5,398.71555,0.19935778
RS_0035,RS,autumn,28,14.0,319.9649,0.15998246
RS_0035,RS,autumn,29,14.5,291.49213,0.14574607
RS_0035,RS,autumn,30,15.0,270.2101,0.13510506
RS_0035,RS,autumn,31,15.5,260.29437,0.13014719
RS_0035,RS,autumn,32,16.0,279.15717,0.13957858
RS_0035,RS,autumn,33,16.5,260.94257,0.13047129
RS_0035,RS,autumn,34,17.0,323.15085,0.16157542
RS_0035,RS,autumn,35,17.5,312.2357,0.15611784
RS_0035,RS,autumn,36,18.0,401.6084,0.2008042
RS_0035,RS,autumn,37,18.5,487.48602,0.24374302
RS_0035,RS,autumn,38,19.0,749.15247,0.37457624
RS_0035,RS,autumn,39,19.5,992.4125,0.49620622
RS_0035,RS,autumn,40,20.0,1113.1671,0.5565836
RS_0035,RS,autumn,41,20.5,995.9511,0.49797556
RS_0035,RS,autumn,42,21.0,962.8691,0.48143455
RS_0035,RS,autumn,43,21.5,828.70544,0.41435272
RS_0035,RS,autumn,44,22.0,514.4257,0.25721285
RS_0035,RS,autumn,45,22.5,335.93515,0.16796757
RS_0035,RS,autumn,46,23.0,282.67117,0.14133559
RS_0035,RS,autumn,47,23.5,209.66382,0.10483191
RS_0036,RS,spring,0,0.0,389.01645,0.19450822
RS_0036,RS,spring,1,0.5,318.2235,0.15911175
RS_0036,RS,spring,2,1.0,285.71954,0.14285977
RS_0036,RS,spring,3,1.5,269.9327,0.13496636
RS_0036,RS,spring,4,2.0,303.91635,0.15195818
RS_0036,RS,spring,5,2.5,240.96414,0.12048207
RS_0036,RS,spring,6,3.0,256.24545,0.12812273
RS_0036,RS,spring,7,3.5,240.3006,0.1201503
RS_0036,RS,spring,8,4.0,264.71115,0.13235557
RS_0036,RS,spring,9,4.5,225.8905,0.11294525
RS_0036,RS,spring,10,5.0,231.55476,0.11577738
RS_0036,RS,spring,11,5.5,223.95056,0.11197528
RS_0036,RS,spring,12,6.0,248.19772,0.12409886
RS_0036,RS,spring,13,6.5,232.49168,0.11624584
RS_0036,RS,spring,14,7.0,242.60005,0.12130003
RS_0036,RS,spring,15,7.5,230.38947,0.11519473
RS_0036,RS,spring,16,8.0,252.03151,0.12601575
RS_0036,RS,spring,17,8.5,285.19748,0.14259873
RS_0036,RS,spring,18,9.0,321.55856,0.16077928
RS_0036,RS,spring,19,9.5,335.91202,0.16795601
RS_0036,RS,spring,20,10.0,356.82413,0.17841206
RS_0036,RS,spring,21,10.5,301.04083,0.15052041
RS_0036,RS,spring,22,11.0,318.24545,0.15912272
RS_0036,RS,spring,23,11.5,340.5712,0.1702856
RS_0036,RS,spring,24,12.0,321.0672,0.1605336
RS_0036,RS,spring,25,12.5,243.82825,0.121914126
RS_0036,RS,spring,26,13.0,269.1091,0.13455455
RS_0036,RS,spring,27,13.5,233.03976,0.11651988
RS_0036,RS,spring,28,14.0,207.57152,0.10378576
RS_0036,RS,spring,29,14.5,202.53789,0.10126895
RS_0036,RS,spring,30,15.0,224.41809,0.112209044
RS_0036,RS,spring,31,15.5,240.54637,0.12027319
RS_0036,RS,spring,32,16.0,276.78958,0.13839479
RS_0036,RS,spring,33,16.5,267.16086,0.13358043
RS_0036,RS,spring,34,17.0,326.55875,0.16327937
RS_0036,RS,spring,35,17.5,343.498,0.171749
RS_0036,RS,spring,36,18.0,393.01685,0.19650842
RS_0036,RS,spring,37,18.5,406.49896,0.20324948
RS_0036,RS,spring,38,19.0,459.66623,0.22983311
RS_0036,RS,spring,39,19.5,434.5363,0.21726814
RS_0036,RS,spring,40,20.0,477.74557,0.23887278
RS_0036,RS,spring,41,20.5,409.72165,0.20486082
RS_0036,RS,spring,42,21.0,453.93448,0.22696725
RS_0036,RS,spring,43,21.5,444.36136,0.22218068
RS_0036,RS,spring,44,22.0,417.85776,0.20892888
RS_0036,RS,spring,45,22.5,403.6848,0.20184241
RS_0036,RS,spring,46,23.0,391.70425,0.19585213
RS_0036,RS,spring,47,23.5,382.56995,0.19128497
RS_0037,RS,winter,0,0.0,334.6358,0.1673179
RS_0037,RS,winter,1,0.5,393.8047,0.19690235
RS_0037,RS,winter,2,1.0,411.69012,0.20584506
RS_0037,RS,winter,3,1.5,454.79175,0.22739588
RS_0037,RS,winter,4,2.0,547.47375,0.27373686
RS_0037,RS,winter,5,2.5,563.8659,0.28193295
RS_0037,RS,winter,6,3.0,578.4833,0.28924164
RS_0037,RS,winter,7,3.5,467.1599,0.23357996
RS_0037,RS,winter,8,4.0,521.5334,0.26076669
RS_0037,RS,winter,9,4.5,616.82434,0.30841216
RS_0037,RS,winter,10,5.0,508.89474,0.25444737
RS_0037,RS,winter,11,5.5,423.32895,0.21166447
RS_0037,RS,winter,12,6.0,552.1583,0.27607915
RS_0037,RS,winter,13,6.5,974.49133,0.48724568
RS_0037,RS,winter,14,7.0,1032.5432,0.5162716
RS_0037,RS,winter,15,7.5,738.1816,0.3690908
RS_0037,RS,winter,16,8.0,636.75726,0.31837863
RS_0037,RS,winter,17,8.5,405.58206,0.20279104
RS_0037,RS,winter,18,9.0,210.26387,0.10513193
RS_0037,RS,winter,19,9.5,75.31936,0.03765968
RS_0037,RS,winter,20,10.0,39.125206,0.019562604
RS_0037,RS,winter,21,10.5,39.053185,0.019526592
RS_0037,RS,winter,22,11.0,44.9975,0.022498751
RS_0037,RS,winter,23,11.5,60.898468,0.030449234
RS_0037,RS,winter,24,12.0,146.1861,0.07309305
RS_0037,RS,winter,25,12.5,156.7074,0.078353696
RS_0037,RS,winter,26,13.0,99.41452,0.04970726
RS_0037,RS,winter,27,13.5,203.94995,0.10197498
RS_0037,RS,winter,28,14.0,220.81401,0.110407
RS_0037,RS,winter,29,14.5,229.34377,0.114671886
RS_0037,RS,winter,30,15.0,272.17813,0.13608907
RS_0037,RS,winter,31,15.5,330.27805,0.16513902
RS_0037,RS,winter,32,16.0,298.75494,0.14937747
RS_0037,RS,winter,33,16.5,245.19632,0.12259816
RS_0037,RS,winter,34,17.0,258.1297,0.12906484
RS_0037,RS,winter,35,17.5,287.4354,0.14371769
RS_0037,RS,winter,36,18.0,293.39987,0.14669994
RS_0037,RS,winter,37,18.5,378.03436,0.18901718
RS_0037,RS,winter,38,19.0,421.0312,0.21051559
RS_0037,RS,winter,39,19.5,430.19,0.215095
RS_0037,RS,winter,40,20.0,533.7969,0.26689842
RS_0037,RS,winter,41,20.5,536.41974,0.26820987
RS_0037,RS,winter,42,21.0,438.20224,0.21910112
RS_0037,RS,winter,43,21.5,374.7518,0.1873759
RS_0037,RS,winter,44,22.0,355.07135,0.17753567
RS_0037,RS,winter,45,22.5,429.87717,0.21493858
RS_0037,RS,winter,46,23.0,389.65448,0.19482724
RS_0037,RS,winter,47,23.5,354.81253,0.17740627
RS_0038,RS,summer,0,0.0,159.55157,0.07977579
RS_0038,RS,summer,1,0.5,140.26894,0.07013447
RS_0038,RS,summer,2,1.0,142.16302,0.07108151
RS_0038,RS,summer,3,1.5,196.54227,0.09827113
RS_0038,RS,summer,4,2.0,202.53818,0.10126909
RS_0038,RS,summer,5,2.5,150.09346,0.07504673
RS_0038,RS,summer,6,3.0,221.64798,0.11082399
RS_0038,RS,summer,7,3.5,195.58624,0.097793125
RS_0038,RS,summer,8,4.0,165.70244,0.082851216
RS_0038,RS,summer,9,4.5,183.88,0.09194
RS_0038,RS,summer,10,5.0,149.93626,0.07496813
RS_0038,RS,summer,11,5.5,186.0495,0.09302475
RS_0038,RS,summer,12,6.0,160.34874,0.08017437
RS_0038,RS,summer,13,6.5,132.76663,0.06638332
RS_0038,RS,summer,14,7.0,128.79198,0.06439599
RS_0038,RS,summer,15,7.5,165.74664,0.08287332
RS_0038,RS,summer,16,8.0,117.01796,0.05850898
RS_0038,RS,summer,17,8.5,90.98693,0.045493465
RS_0038,RS,summer,18,9.0,124.35827,0.062179133
RS_0038,RS,summer,19,9.5,131.82993,0.065914966
RS_0038,RS,summer,20,10.0,155.29839,0.07764919
RS_0038,RS,summer,21,10.5,118.63099,0.059315495
RS_0038,RS,summer,22,11.0,178.69394,0.08934697
RS_0038,RS,summer,23,11.5,173.93156,0.086965784
RS_0038,RS,summer,24,12.0,152.20712,0.07610356
RS_0038,RS,summer,25,12.5,169.25879,0.084629394
RS_0038,RS,summer,26,13.0,100.59686,0.05029843
RS_0038,RS,summer,27,13.5,179.26663,0.089633316
RS_0038,RS,summer,28,14.0,157.84552,0.07892276
RS_0038,RS,summer,29,14.5,194.98218,0.097491086
RS_0038,RS,summer,30,15.0,183.7738,0.0918869
RS_0038,RS,summer,31,15.5,211.76788,0.10588394
RS_0038,RS,summer,32,16.0,183.6218,0.0918109
RS_0038,RS,summer,33,16.5,153.20331,0.076601654
RS_0038,RS,summer,34,17.0,173.1979,0.086598955
RS_0038,RS,summer,35,17.5,188.70406,0.09435203
RS_0038,RS,summer,36,18.0,195.84917,0.09792458
RS_0038,RS,summer,37,18.5,158.85626,0.07942813
RS_0038,RS,summer,38,19.0,253.36354,0.12668177
RS_0038,RS,summer,39,19.5,221.41762,0.11070881
RS_0038,RS,summer,40,20.0,206.86281,0.1034314
RS_0038,RS,summer,41,20.5,212.83574,0.10641787
RS_0038,RS,summer,42,21.0,157.5284,0.0787642
RS_0038,RS,summer,43,21.5,290.07324,0.14503662
RS_0038,RS,summer,44,22.0,208.22127,0.104110636
RS_0038,RS,summer,45,22.5,231.10698,0.11555349
RS_0038,RS,summer,46,23.0,187.78786,0.09389393
RS_0038,RS,summer,47,23.5,192.64397,0.096321985
RS_0039,RS,spring,0,0.0,23.510204,0.011755102
RS_0039,RS,spring,1,0.5,44.386658,0.02219333
RS_0039,RS,spring,2,1.0,183.40509,0.09170254
RS_0039,RS,spring,3,1.5,914.45636,0.45722818
RS_0039,RS,spring,4,2.0,1893.721,0.9468605
RS_0039,RS,spring,5,2.5,743.1873,0.37159365
RS_0039,RS,spring,6,3.0,450.42538,0.2252127
RS_0039,RS,spring,7,3.5,203.2972,0.1016486
RS_0039,RS,spring,8,4.0,145.98726,0.07299363
RS_0039,RS,spring,9,4.5,55.163757,0.027581878
RS_0039,RS,spring,10,5.0,45.7292,0.022864599
RS_0039,RS,spring,11,5.5,25.411076,0.0127055375
RS_0039,RS,spring,12,6.0,21.301023,0.010650512
RS_0039,RS,spring,13,6.5,19.86478,0.00993239
RS_0039,RS,spring,14,7.0,12.401974,0.006200987
RS_0039,RS,spring,15,7.5,14.300281,0.00715014
RS_0039,RS,spring,16,8.0,6.962054,0.003481027
RS_0039,RS,spring,17,8.5,3.0626907,0.0015313454
RS_0039,RS,spring,18,9.0,5.4229136,0.0027114567
RS_0039,RS,spring,19,9.5,3.6834674,0.0018417337
RS_0039,RS,spring,20,10.0,1.2450905,0.00062254525
RS_0039,RS,spring,21,10.5,1.5730813,0.0007865406
RS_0039,RS,spring,22,11.0,2.0240686,0.0010120342
RS_0039,RS,spring,23,11.5,1.8831177,0.00094155886
RS_0039,RS,spring,24,12.0,1.1424654,0.0005712327
RS_0039,RS,spring,25,12.5,2.0976148,0.0010488074
RS_0039,RS,spring,26,13.0,4.241521,0.0021207605
RS_0039,RS,spring,27,13.5,28.488941,0.014244471
RS_0039,RS,spring,28,14.0,12.146278,0.006073139
RS_0039,RS,spring,29,14.5,5.36865,0.002684325
RS_0039,RS,spring,30,15.0,6.303208,0.003151604
RS_0039,RS,spring,31,15.5,3.7035427,0.0018517714
RS_0039,RS,spring,32,16.0,3.155064,0.001577532
RS_0039,RS,spring,33,16.5,4.9443355,0.0024721678
RS_0039,RS,spring,34,17.0,10.252326,0.005126163
RS_0039,RS,spring,35,17.5,6.287585,0.0031437925
RS_0039,RS,spring,36,18.0,5.1200027,0.0025600013
RS_0039,RS,spring,37,18.5,7.2400436,0.0036200217
RS_0039,RS,spring,38,19.0,9.532711,0.0047663557
RS_0039,RS,spring,39,19.5,17.567411,0.0087837055
RS_0039,RS,spring,40,20.0,21.442755,0.010721377
RS_0039,RS,spring,41,20.5,13.283766,0.006641883
RS_0039,RS,spring,42,21.0,18.59666,0.00929833
RS_0039,RS,spring,43,21.5,25.029856,0.012514927
RS_0039,RS,spring,44,22.0,19.565235,0.009782618
RS_0039,RS,spring,45,22.5,11.120116,0.005560058
RS_0039,RS,spring,46,23.0,16.392225,0.008196113
RS_0039,RS,spring,47,23.5,19.18772,0.009593859
RS_0040,RS,winter,0,0.0,212.73798,0.10636899
RS_0040,RS,winter,1,0.5,244.40506,0.12220253
RS_0040,RS,winter,2,1.0,240.84465,0.120422326
RS_0040,RS,winter,3,1.5,243.45029,0.12172514
RS_0040,RS,winter,4,2.0,224.48581,0.11224291
RS_0040,RS,winter,5,2.5,192.83917,0.09641959
RS_0040,RS,winter,6,3.0,218.57777,0.109288886
RS_0040,RS,winter,7,3.5,213.26044,0.10663022
RS_0040,RS,winter,8,4.0,201.64442,0.10082221
RS_0040,RS,winter,9,4.5,220.52777,0.110263884
RS_0040,RS,winter,10,5.0,189.2171,0.09460855
RS_0040,RS,winter,11,5.5,225.00757,0.11250378
RS_0040,RS,winter,12,6.0,214.98744,0.10749372
RS_0040,RS,winter,13,6.5,232.42545,0.116212726
RS_0040,RS,winter,14,7.0,201.2824,0.1006412
RS_0040,RS,winter,15,7.5,180.37994,0.09018997
RS_0040,RS,winter,16,8.0,157.88332,0.07894166
RS_0040,RS,winter,17,8.5,160.98975,0.08049487
RS_0040,RS,winter,18,9.0,221.80463,0.11090232
RS_0040,RS,winter,19,9.5,172.83745,0.086418726
RS_0040,RS,winter,20,10.0,192.56264,0.09628132
RS_0040,RS,winter,21,10.5,164.74022,0.08237011
RS_0040,RS,winter,22,11.0,199.63875,0.09981938
RS_0040,RS,winter,23,11.5,209.68039,0.1048402
RS_0040,RS,winter,24,12.0,280.2129,0.14010644
RS_0040,RS,winter,25,12.5,365.96442,0.1829822
RS_0040,RS,winter,26,13.0,224.28355,0.11214178
RS_0040,RS,winter,27,13.5,172.59573,0.08629787
RS_0040,RS,winter,28,14.0,134.08437,0.06704218
RS_0040,RS,winter,29,14.5,116.33972,0.05816986
RS_0040,RS,winter,30,15.0,102.70804,0.05135402
RS_0040,RS,winter,31,15.5,84.309044,0.04215452
RS_0040,RS,winter,32,16.0,83.26388,0.04163194
RS_0040,RS,winter,33,16.5,101.958694,0.050979346
RS_0040,RS,winter,34,17.0,105.7148,0.0528574
RS_0040,RS,winter,35,17.5,106.678,0.053339
RS_0040,RS,winter,36,18.0,129.54518,0.06477259
RS_0040,RS,winter,37,18.5,130.61298,0.065306485
RS_0040,RS,winter,38,19.0,164.86127,0.08243063
RS_0040,RS,winter,39,19.5,123.99864,0.06199932
RS_0040,RS,winter,40,20.0,123.66227,0.061831135
RS_0040,RS,winter,41,20.5,129.98976,0.06499488
RS_0040,RS,winter,42,21.0,126.65592,0.06332796
RS_0040,RS,winter,43,21.5,140.33794,0.070168965
RS_0040,RS,winter,44,22.0,123.710434,0.061855216
RS_0040,RS,winter,45,22.5,119.356674,0.05967834
RS_0040,RS,winter,46,23.0,121.167755,0.06058388
RS_0040,RS,winter,47,23.5,112.17138,0.05608569
RS_0041,RS,summer,0,0.0,221.76575,0.11088287
RS_0041,RS,summer,1,0.5,167.48935,0.083744675
RS_0041,RS,summer,2,1.0,139.44208,0.069721036
RS_0041,RS,summer,3,1.5,158.40009,0.079200044
RS_0041,RS,summer,4,2.0,168.37285,0.08418643
RS_0041,RS,summer,5,2.5,110.65801,0.055329006
RS_0041,RS,summer,6,3.0,126.68703,0.06334351
RS_0041,RS,summer,7,3.5,148.32825,0.07416412
RS_0041,RS,summer,8,4.0,155.1742,0.0775871
RS_0041,RS,summer,9,4.5,159.97441,0.079987206
RS_0041,RS,summer,10,5.0,161.85228,0.08092614
RS_0041,RS,summer,11,5.5,191.19502,0.09559751
RS_0041,RS,summer,12,6.0,260.82104,0.13041052
RS_0041,RS,summer,13,6.5,189.19933,0.094599664
RS_0041,RS,summer,14,7.0,142.16766,0.07108383
RS_0041,RS,summer,15,7.5,111.23719,0.055618595
RS_0041,RS,summer,16,8.0,85.54044,0.04277022
RS_0041,RS,summer,17,8.5,65.155754,0.032577876
RS_0041,RS,summer,18,9.0,73.53098,0.03676549
RS_0041,RS,summer,19,9.5,93.82652,0.046913262
RS_0041,RS,summer,20,10.0,124.575325,0.062287662
RS_0041,RS,summer,21,10.5,89.21622,0.04460811
RS_0041,RS,summer,22,11.0,120.53072,0.060265362
RS_0041,RS,summer,23,11.5,144.47571,0.07223786
RS_0041,RS,summer,24,12.0,137.2075,0.068603754
RS_0041,RS,summer,25,12.5,203.73184,0.10186592
RS_0041,RS,summer,26,13.0,130.8237,0.06541185
RS_0041,RS,summer,27,13.5,124.734886,0.062367443
RS_0041,RS,summer,28,14.0,127.40016,0.06370008
RS_0041,RS,summer,29,14.5,118.717445,0.059358723
RS_0041,RS,summer,30,15.0,114.77459,0.057387296
RS_0041,RS,summer,31,15.5,110.09205,0.055046026
RS_0041,RS,summer,32,16.0,125.30129,0.06265064
RS_0041,RS,summer,33,16.5,123.88455,0.061942276
RS_0041,RS,summer,34,17.0,153.4843,0.07674215
RS_0041,RS,summer,35,17.5,170.93707,0.08546854
RS_0041,RS,summer,36,18.0,205.40193,0.10270096
RS_0041,RS,summer,37,18.5,197.63,0.098815
RS_0041,RS,summer,38,19.0,189.18454,0.09459227
RS_0041,RS,summer,39,19.5,175.76074,0.08788037
RS_0041,RS,summer,40,20.0,143.85999,0.07192999
RS_0041,RS,summer,41,20.5,142.89018,0.07144509
RS_0041,RS,summer,42,21.0,135.82805,0.067914024
RS_0041,RS,summer,43,21.5,141.93315,0.07096658
RS_0041,RS,summer,44,22.0,118.818924,0.059409462
RS_0041,RS,summer,45,22.5,120.51519,0.060257595
RS_0041,RS,summer,46,23.0,126.35915,0.063179575
RS_0041,RS,summer,47,23.5,197.51506,0.09875753
RS_0042,RS,winter,0,0.0,962.1882,0.4810941
RS_0042,RS,winter,1,0.5,1094.6755,0.5473378
RS_0042,RS,winter,2,1.0,1308.586,0.654293
RS_0042,RS,winter,3,1.5,1352.5415,0.6762707
RS_0042,RS,winter,4,2.0,1588.1628,0.79408145
RS_0042,RS,winter,5,2.5,1747.1934,0.87359667
RS_0042,RS,winter,6,3.0,1616.868,0.808434
RS_0042,RS,winter,7,3.5,1527.3959,0.7636979
RS_0042,RS,winter,8,4.0,1514.1848,0.7570924
RS_0042,RS,winter,9,4.5,1316.2343,0.6581171
RS_0042,RS,winter,10,5.0,1120.8711,0.56043553
RS_0042,RS,winter,11,5.5,912.4236,0.4562118
RS_0042,RS,winter,12,6.0,804.06055,0.40203026
RS_0042,RS,winter,13,6.5,725.8966,0.3629483
RS_0042,RS,winter,14,7.0,525.9723,0.26298615
RS_0042,RS,winter,15,7.5,449.70743,0.22485371
RS_0042,RS,winter,16,8.0,433.01398,0.21650699
RS_0042,RS,winter,17,8.5,395.13583,0.19756791
RS_0042,RS,winter,18,9.0,377.9411,0.18897055
RS_0042,RS,winter,19,9.5,346.5335,0.17326675
RS_0042,RS,winter,20,10.0,489.74295,0.24487148
RS_0042,RS,winter,21,10.5,502.22644,0.2511132
RS_0042,RS,winter,22,11.0,551.38654,0.27569327
RS_0042,RS,winter,23,11.5,559.59546,0.27979773
RS_0042,RS,winter,24,12.0,628.53235,0.31426618
RS_0042,RS,winter,25,12.5,793.4443,0.39672214
RS_0042,RS,winter,26,13.0,798.9497,0.39947486
RS_0042,RS,winter,27,13.5,923.89874,0.46194938
RS_0042,RS,winter,28,14.0,1295.847,0.6479235
RS_0042,RS,winter,29,14.5,1485.6199,0.74280995
RS_0042,RS,winter,30,15.0,1427.499,0.7137495
RS_0042,RS,winter,31,15.5,1132.2339,0.5661169
RS_0042,RS,winter,32,16.0,1034.4364,0.5172182
RS_0042,RS,winter,33,16.5,848.35504,0.42417753
RS_0042,RS,winter,34,17.0,773.6959,0.38684797
RS_0042,RS,winter,35,17.5,635.1548,0.3175774
RS_0042,RS,winter,36,18.0,701.1471,0.35057354
RS_0042,RS,winter,37,18.5,663.14935,0.33157468
RS_0042,RS,winter,38,19.0,600.12634,0.30006316
RS_0042,RS,winter,39,19.5,548.5434,0.2742717
RS_0042,RS,winter,40,20.0,676.50397,0.33825198
RS_0042,RS,winter,41,20.5,702.40076,0.35120037
RS_0042,RS,winter,42,21.0,670.45056,0.33522528
RS_0042,RS,winter,43,21.5,621.46075,0.31073037
RS_0042,RS,winter,44,22.0,590.5585,0.29527923
RS_0042,RS,winter,45,22.5,685.4869,0.34274343
RS_0042,RS,winter,46,23.0,708.58624,0.3542931
RS_0042,RS,winter,47,23.5,778.61755,0.38930878
RS_0043,RS,autumn,0,0.0,312.94177,0.15647088
RS_0043,RS,autumn,1,0.5,316.84787,0.15842393
RS_0043,RS,autumn,2,1.0,376.6175,0.18830875
RS_0043,RS,autumn,3,1.5,453.9011,0.22695054
RS_0043,RS,autumn,4,2.0,508.61276,0.25430638
RS_0043,RS,autumn,5,2.5,364.3788,0.1821894
RS_0043,RS,autumn,6,3.0,356.0934,0.1780467
RS_0043,RS,autumn,7,3.5,320.3833,0.16019166
RS_0043,RS,autumn,8,4.0,287.71542,0.14385772
RS_0043,RS,autumn,9,4.5,319.39822,0.15969911
RS_0043,RS,autumn,10,5.0,294.8289,0.14741445
RS_0043,RS,autumn,11,5.5,325.31268,0.16265634
RS_0043,RS,autumn,12,6.0,281.1017,0.14055085
RS_0043,RS,autumn,13,6.5,297.00497,0.14850248
RS_0043,RS,autumn,14,7.0,296.66,0.14833
RS_0043,RS,autumn,15,7.5,313.29434,0.15664718
RS_0043,RS,autumn,16,8.0,223.09996,0.11154998
RS_0043,RS,autumn,17,8.5,198.39981,0.099199906
RS_0043,RS,autumn,18,9.0,189.02464,0.09451232
RS_0043,RS,autumn,19,9.5,178.8245,0.08941225
RS_0043,RS,autumn,20,10.0,190.758,0.095378995
RS_0043,RS,autumn,21,10.5,162.34209,0.08117104
RS_0043,RS,autumn,22,11.0,177.77016,0.08888508
RS_0043,RS,autumn,23,11.5,198.5522,0.0992761
RS_0043,RS,autumn,24,12.0,142.693,0.0713465
RS_0043,RS,autumn,25,12.5,243.24733,0.121623665
RS_0043,RS,autumn,26,13.0,208.68388,0.10434194
RS_0043,RS,autumn,27,13.5,251.70824,0.12585412
RS_0043,RS,autumn,28,14.0,240.22375,0.120111875
RS_0043,RS,autumn,29,14.5,230.01033,0.115005165
RS_0043,RS,autumn,30,15.0,220.34923,0.11017461
RS_0043,RS,autumn,31,15.5,191.32492,0.09566246
RS_0043,RS,autumn,32,16.0,227.25443,0.11362721
RS_0043,RS,autumn,33,16.5,200.97446,0.100487225
RS_0043,RS,autumn,34,17.0,212.4814,0.1062407
RS_0043,RS,autumn,35,17.5,223.4745,0.11173725
RS_0043,RS,autumn,36,18.0,237.48094,0.11874047
RS_0043,RS,autumn,37,18.5,208.06718,0.10403359
RS_0043,RS,autumn,38,19.0,266.57715,0.13328858
RS_0043,RS,autumn,39,19.5,276.30838,0.1381542
RS_0043,RS,autumn,40,20.0,219.9207,0.10996035
RS_0043,RS,autumn,41,20.5,253.73094,0.12686548
RS_0043,RS,autumn,42,21.0,250.19221,0.12509611
RS_0043,RS,autumn,43,21.5,305.61902,0.15280952
RS_0043,RS,autumn,44,22.0,246.45695,0.123228475
RS_0043,RS,autumn,45,22.5,295.18472,0.14759237
RS_0043,RS,autumn,46,23.0,273.84048,0.13692024
RS_0043,RS,autumn,47,23.5,282.79456,0.14139728
RS_0044,RS,winter,0,0.0,336.8989,0.16844945
RS_0044,RS,winter,1,0.5,271.1222,0.1355611
RS_0044,RS,winter,2,1.0,254.74513,0.12737256
RS_0044,RS,winter,3,1.5,267.40958,0.13370478
RS_0044,RS,winter,4,2.0,333.68283,0.16684142
RS_0044,RS,winter,5,2.5,315.87933,0.15793967
RS_0044,RS,winter,6,3.0,326.39932,0.16319966
RS_0044,RS,winter,7,3.5,285.2612,0.1426306
RS_0044,RS,winter,8,4.0,328.48477,0.16424239
RS_0044,RS,winter,9,4.5,307.854,0.153927
RS_0044,RS,winter,10,5.0,326.88022,0.16344011
RS_0044,RS,winter,11,5.5,298.03998,0.14901999
RS_0044,RS,winter,12,6.0,345.64325,0.17282163
RS_0044,RS,winter,13,6.5,340.14996,0.17007498
RS_0044,RS,winter,14,7.0,378.52264,0.18926132
RS_0044,RS,winter,15,7.5,477.0555,0.23852776
RS_0044,RS,winter,16,8.0,567.5323,0.28376615
RS_0044,RS,winter,17,8.5,586.5682,0.2932841
RS_0044,RS,winter,18,9.0,651.5815,0.32579073
RS_0044,RS,winter,19,9.5,618.44116,0.30922058
RS_0044,RS,winter,20,10.0,628.39343,0.3141967
RS_0044,RS,winter,21,10.5,689.03094,0.34451547
RS_0044,RS,winter,22,11.0,832.72015,0.41636008
RS_0044,RS,winter,23,11.5,849.3114,0.4246557
RS_0044,RS,winter,24,12.0,833.79663,0.4168983
RS_0044,RS,winter,25,12.5,762.1208,0.3810604
RS_0044,RS,winter,26,13.0,741.6598,0.37082988
RS_0044,RS,winter,27,13.5,794.6001,0.39730003
RS_0044,RS,winter,28,14.0,667.40594,0.33370298
RS_0044,RS,winter,29,14.5,673.93024,0.3369651
RS_0044,RS,winter,30,15.0,709.97687,0.35498843
RS_0044,RS,winter,31,15.5,700.6073,0.35030365
RS_0044,RS,winter,32,16.0,761.71735,0.38085866
RS_0044,RS,winter,33,16.5,702.3354,0.3511677
RS_0044,RS,winter,34,17.0,846.89667,0.42344832
RS_0044,RS,winter,35,17.5,822.03156,0.41101578
RS_0044,RS,winter,36,18.0,898.8482,0.4494241
RS_0044,RS,winter,37,18.5,960.07043,0.48003522
RS_0044,RS,winter,38,19.0,1025.5378,0.5127689
RS_0044,RS,winter,39,19.5,1023.4767,0.51173836
RS_0044,RS,winter,40,20.0,950.9912,0.4754956
RS_0044,RS,winter,41,20.5,1029.5865,0.5147933
RS_0044,RS,winter,42,21.0,1175.1196,0.5875598
RS_0044,RS,winter,43,21.5,1138.0854,0.56904274
RS_0044,RS,winter,44,22.0,1504.7712,0.7523856
RS_0044,RS,winter,45,22.5,1673.9062,0.8369531
RS_0044,RS,winter,46,23.0,1272.26,0.63613
RS_0044,RS,winter,47,23.5,946.10077,0.4730504
RS_0045,RS,winter,0,0.0,67.840385,0.03392019
RS_0045,RS,winter,1,0.5,75.11758,0.037558787
RS_0045,RS,winter,2,1.0,72.634995,0.036317497
RS_0045,RS,winter,3,1.5,69.127075,0.034563538
RS_0045,RS,winter,4,2.0,87.72095,0.043860473
RS_0045,RS,winter,5,2.5,87.67214,0.043836072
RS_0045,RS,winter,6,3.0,126.50785,0.063253924
RS_0045,RS,winter,7,3.5,78.30567,0.039152835
RS_0045,RS,winter,8,4.0,77.12419,0.038562097
RS_0045,RS,winter,9,4.5,94.66012,0.04733006
RS_0045,RS,winter,10,5.0,75.635056,0.037817527
RS_0045,RS,winter,11,5.5,77.42465,0.038712326
RS_0045,RS,winter,12,6.0,74.489006,0.037244502
RS_0045,RS,winter,13,6.5,102.230545,0.05111527
RS_0045,RS,winter,14,7.0,84.32809,0.042164043
RS_0045,RS,winter,15,7.5,78.63896,0.03931948
RS_0045,RS,winter,16,8.0,56.607334,0.028303668
RS_0045,RS,winter,17,8.5,83.611145,0.041805573
RS_0045,RS,winter,18,9.0,92.33305,0.046166528
RS_0045,RS,winter,19,9.5,70.39747,0.035198733
RS_0045,RS,winter,20,10.0,89.71587,0.044857938
RS_0045,RS,winter,21,10.5,79.90717,0.039953586
RS_0045,RS,winter,22,11.0,108.662315,0.054331157
RS_0045,RS,winter,23,11.5,80.715294,0.040357646
RS_0045,RS,winter,24,12.0,67.65235,0.033826176
RS_0045,RS,winter,25,12.5,73.2721,0.03663605
RS_0045,RS,winter,26,13.0,63.08969,0.031544846
RS_0045,RS,winter,27,13.5,85.09078,0.04254539
RS_0045,RS,winter,28,14.0,92.88431,0.046442155
RS_0045,RS,winter,29,14.5,109.76811,0.054884057
RS_0045,RS,winter,30,15.0,101.28254,0.05064127
RS_0045,RS,winter,31,15.5,97.81174,0.048905868
RS_0045,RS,winter,32,16.0,86.423004,0.0432115
RS_0045,RS,winter,33,16.5,92.470764,0.046235383
RS_0045,RS,winter,34,17.0,96.11379,0.048056897
RS_0045,RS,winter,35,17.5,100.45517,0.050227586
RS_0045,RS,winter,36,18.0,106.65762,0.053328812
RS_0045,RS,winter,37,18.5,88.41607,0.044208035
RS_0045,RS,winter,38,19.0,125.61117,0.062805586
RS_0045,RS,winter,39,19.5,104.554596,0.052277297
RS_0045,RS,winter,40,20.0,104.89524,0.05244762
RS_0045,RS,winter,41,20.5,119.7873,0.05989365
RS_0045,RS,winter,42,21.0,114.07609,0.057038043
RS_0045,RS,winter,43,21.5,105.38252,0.052691262
RS_0045,RS,winter,44,22.0,83.35377,0.041676883
RS_0045,RS,winter,45,22.5,79.17846,0.03958923
RS_0045,RS,winter,46,23.0,84.04265,0.042021323
RS_0045,RS,winter,47,23.5,74.32544,0.03716272
RS_0046,RS,winter,0,0.0,131.28261,0.06564131
RS_0046,RS,winter,1,0.5,182.50967,0.09125484
RS_0046,RS,winter,2,1.0,220.70996,0.11035498
RS_0046,RS,winter,3,1.5,186.148,0.093073994
RS_0046,RS,winter,4,2.0,190.16385,0.095081925
RS_0046,RS,winter,5,2.5,169.47862,0.08473931
RS_0046,RS,winter,6,3.0,190.77803,0.095389016
RS_0046,RS,winter,7,3.5,181.63776,0.090818875
RS_0046,RS,winter,8,4.0,160.87624,0.080438115
RS_0046,RS,winter,9,4.5,178.90451,0.08945225
RS_0046,RS,winter,10,5.0,134.44589,0.067222945
RS_0046,RS,winter,11,5.5,120.148506,0.060074255
RS_0046,RS,winter,12,6.0,123.883896,0.061941948
RS_0046,RS,winter,13,6.5,177.11218,0.08855609
RS_0046,RS,winter,14,7.0,97.92701,0.048963506
RS_0046,RS,winter,15,7.5,71.37575,0.035687875
RS_0046,RS,winter,16,8.0,50.467983,0.025233991
RS_0046,RS,winter,17,8.5,81.7406,0.0408703
RS_0046,RS,winter,18,9.0,61.82435,0.030912174
RS_0046,RS,winter,19,9.5,57.273914,0.028636957
RS_0046,RS,winter,20,10.0,39.169083,0.019584542
RS_0046,RS,winter,21,10.5,34.26474,0.01713237
RS_0046,RS,winter,22,11.0,23.411156,0.011705578
RS_0046,RS,winter,23,11.5,16.957397,0.008478698
RS_0046,RS,winter,24,12.0,19.586613,0.009793307
RS_0046,RS,winter,25,12.5,19.407423,0.009703712
RS_0046,RS,winter,26,13.0,19.193487,0.009596744
RS_0046,RS,winter,27,13.5,24.68041,0.012340205
RS_0046,RS,winter,28,14.0,48.032505,0.024016252
RS_0046,RS,winter,29,14.5,24.81011,0.012405055
RS_0046,RS,winter,30,15.0,38.229137,0.019114569
RS_0046,RS,winter,31,15.5,56.515278,0.028257638
RS_0046,RS,winter,32,16.0,41.284637,0.020642318
RS_0046,RS,winter,33,16.5,57.81344,0.02890672
RS_0046,RS,winter,34,17.0,102.55905,0.051279526
RS_0046,RS,winter,35,17.5,81.41178,0.04070589
RS_0046,RS,winter,36,18.0,129.13417,0.06456708
RS_0046,RS,winter,37,18.5,124.48063,0.062240314
RS_0046,RS,winter,38,19.0,151.6227,0.07581135
RS_0046,RS,winter,39,19.5,196.9447,0.09847235
RS_0046,RS,winter,40,20.0,163.46588,0.08173294
RS_0046,RS,winter,41,20.5,160.30235,0.08015118
RS_0046,RS,winter,42,21.0,186.14746,0.09307373
RS_0046,RS,winter,43,21.5,155.2761,0.077638045
RS_0046,RS,winter,44,22.0,137.97787,0.068988934
RS_0046,RS,winter,45,22.5,136.88701,0.06844351
RS_0046,RS,winter,46,23.0,155.07645,0.07753822
RS_0046,RS,winter,47,23.5,131.44197,0.06572098
RS_0047,RS,autumn,0,0.0,62.86812,0.03143406
RS_0047,RS,autumn,1,0.5,63.66838,0.03183419
RS_0047,RS,autumn,2,1.0,60.930088,0.030465044
RS_0047,RS,autumn,3,1.5,67.91004,0.033955023
RS_0047,RS,autumn,4,2.0,72.405685,0.036202844
RS_0047,RS,autumn,5,2.5,56.05346,0.02802673
RS_0047,RS,autumn,6,3.0,68.10527,0.034052636
RS_0047,RS,autumn,7,3.5,72.35747,0.036178734
RS_0047,RS,autumn,8,4.0,68.685074,0.03434254
RS_0047,RS,autumn,9,4.5,74.92708,0.03746354
RS_0047,RS,autumn,10,5.0,60.95082,0.03047541
RS_0047,RS,autumn,11,5.5,84.11787,0.042058934
RS_0047,RS,autumn,12,6.0,50.48276,0.02524138
RS_0047,RS,autumn,13,6.5,45.955135,0.022977568
RS_0047,RS,autumn,14,7.0,44.95935,0.022479676
RS_0047,RS,autumn,15,7.5,51.09054,0.025545271
RS_0047,RS,autumn,16,8.0,32.203087,0.016101543
RS_0047,RS,autumn,17,8.5,11.58785,0.005793925
RS_0047,RS,autumn,18,9.0,4.429931,0.0022149656
RS_0047,RS,autumn,19,9.5,8.6596575,0.0043298285
RS_0047,RS,autumn,20,10.0,9.590266,0.004795133
RS_0047,RS,autumn,21,10.5,12.129962,0.0060649808
RS_0047,RS,autumn,22,11.0,18.720072,0.009360036
RS_0047,RS,autumn,23,11.5,15.684742,0.007842371
RS_0047,RS,autumn,24,12.0,22.066828,0.011033414
RS_0047,RS,autumn,25,12.5,16.539534,0.008269766
RS_0047,RS,autumn,26,13.0,18.422525,0.009211263
RS_0047,RS,autumn,27,13.5,12.812245,0.006406123
RS_0047,RS,autumn,28,14.0,9.865519,0.0049327593
RS_0047,RS,autumn,29,14.5,7.743511,0.0038717557
RS_0047,RS,autumn,30,15.0,10.11224,0.00505612
RS_0047,RS,autumn,31,15.5,7.1185083,0.003559254
RS_0047,RS,autumn,32,16.0,7.572279,0.0037861394
RS_0047,RS,autumn,33,16.5,13.923628,0.006961814
RS_0047,RS,autumn,34,17.0,15.257584,0.007628792
RS_0047,RS,autumn,35,17.5,12.974859,0.0064874296
RS_0047,RS,autumn,36,18.0,24.770216,0.012385108
RS_0047,RS,autumn,37,18.5,27.14263,0.0135713145
RS_0047,RS,autumn,38,19.0,33.73399,0.016866995
RS_0047,RS,autumn,39,19.5,34.546036,0.017273018
RS_0047,RS,autumn,40,20.0,37.886158,0.018943079
RS_0047,RS,autumn,41,20.5,44.424503,0.022212252
RS_0047,RS,autumn,42,21.0,31.125366,0.015562683
RS_0047,RS,autumn,43,21.5,44.971134,0.022485567
RS_0047,RS,autumn,44,22.0,39.815907,0.019907953
RS_0047,RS,autumn,45,22.5,44.765636,0.022382818
RS_0047,RS,autumn,46,23.0,39.201637,0.019600818
RS_0047,RS,autumn,47,23.5,44.010155,0.022005077
RS_0048,RS,summer,0,0.0,261.32693,0.13066347
RS_0048,RS,summer,1,0.5,206.34142,0.10317071
RS_0048,RS,summer,2,1.0,175.92813,0.087964065
RS_0048,RS,summer,3,1.5,206.83862,0.10341931
RS_0048,RS,summer,4,2.0,221.9496,0.1109748
RS_0048,RS,summer,5,2.5,157.16333,0.07858167
RS_0048,RS,summer,6,3.0,161.3267,0.08066335
RS_0048,RS,summer,7,3.5,141.69678,0.07084839
RS_0048,RS,summer,8,4.0,168.04189,0.08402094
RS_0048,RS,summer,9,4.5,128.0348,0.0640174
RS_0048,RS,summer,10,5.0,163.43286,0.08171643
RS_0048,RS,summer,11,5.5,144.36296,0.07218148
RS_0048,RS,summer,12,6.0,153.2283,0.07661415
RS_0048,RS,summer,13,6.5,123.85317,0.061926585
RS_0048,RS,summer,14,7.0,137.17885,0.06858943
RS_0048,RS,summer,15,7.5,139.22319,0.069611594
RS_0048,RS,summer,16,8.0,203.01527,0.101507634
RS_0048,RS,summer,17,8.5,277.18845,0.13859423
RS_0048,RS,summer,18,9.0,414.54565,0.20727283
RS_0048,RS,summer,19,9.5,471.26346,0.23563173
RS_0048,RS,summer,20,10.0,441.41293,0.22070646
RS_0048,RS,summer,21,10.5,329.26703,0.16463351
RS_0048,RS,summer,22,11.0,365.93747,0.18296874
RS_0048,RS,summer,23,11.5,430.08783,0.21504392
RS_0048,RS,summer,24,12.0,452.25574,0.22612786
RS_0048,RS,summer,25,12.5,339.0741,0.16953705
RS_0048,RS,summer,26,13.0,381.31857,0.19065928
RS_0048,RS,summer,27,13.5,288.99695,0.14449847
RS_0048,RS,summer,28,14.0,256.11142,0.1280557
RS_0048,RS,summer,29,14.5,272.82486,0.13641243
RS_0048,RS,summer,30,15.0,264.89838,0.1324492
RS_0048,RS,summer,31,15.5,283.41934,0.14170967
RS_0048,RS,summer,32,16.0,312.06635,0.15603317
RS_0048,RS,summer,33,16.5,303.82025,0.15191013
RS_0048,RS,summer,34,17.0,330.13242,0.16506621
RS_0048,RS,summer,35,17.5,319.31726,0.15965863
RS_0048,RS,summer,36,18.0,330.1141,0.16505705
RS_0048,RS,summer,37,18.5,300.72644,0.15036322
RS_0048,RS,summer,38,19.0,386.68814,0.19334407
RS_0048,RS,summer,39,19.5,382.48657,0.19124329
RS_0048,RS,summer,40,20.0,484.3634,0.2421817
RS_0048,RS,summer,41,20.5,517.32416,0.25866207
RS_0048,RS,summer,42,21.0,775.8233,0.38791165
RS_0048,RS,summer,43,21.5,710.432,0.355216
RS_0048,RS,summer,44,22.0,826.81055,0.41340527
RS_0048,RS,summer,45,22.5,702.86884,0.3514344
RS_0048,RS,summer,46,23.0,481.89307,0.24094653
RS_0048,RS,summer,47,23.5,340.2017,0.17010084
RS_0049,RS,autumn,0,0.0,33.03093,0.016515465
RS_0049,RS,autumn,1,0.5,58.055847,0.029027924
RS_0049,RS,autumn,2,1.0,85.95019,0.042975094
RS_0049,RS,autumn,3,1.5,84.010254,0.042005125
RS_0049,RS,autumn,4,2.0,50.96879,0.025484394
RS_0049,RS,autumn,5,2.5,25.680035,0.012840018
RS_0049,RS,autumn,6,3.0,36.022507,0.018011253
RS_0049,RS,autumn,7,3.5,34.73357,0.017366786
RS_0049,RS,autumn,8,4.0,40.545116,0.020272559
RS_0049,RS,autumn,9,4.5,34.572838,0.017286418
RS_0049,RS,autumn,10,5.0,32.3292,0.0161646
RS_0049,RS,autumn,11,5.5,20.952736,0.010476368
RS_0049,RS,autumn,12,6.0,21.75155,0.0108757755
RS_0049,RS,autumn,13,6.5,25.007519,0.012503759
RS_0049,RS,autumn,14,7.0,19.743244,0.009871623
RS_0049,RS,autumn,15,7.5,17.992685,0.008996342
RS_0049,RS,autumn,16,8.0,19.201313,0.009600656
RS_0049,RS,autumn,17,8.5,17.128504,0.0085642515
RS_0049,RS,autumn,18,9.0,19.98877,0.009994385
RS_0049,RS,autumn,19,9.5,21.25803,0.010629015
RS_0049,RS,autumn,20,10.0,18.35186,0.00917593
RS_0049,RS,autumn,21,10.5,15.256758,0.007628379
RS_0049,RS,autumn,22,11.0,16.849966,0.008424983
RS_0049,RS,autumn,23,11.5,22.332756,0.011166378
RS_0049,RS,autumn,24,12.0,21.371746,0.010685873
RS_0049,RS,autumn,25,12.5,31.358555,0.015679277
RS_0049,RS,autumn,26,13.0,26.051891,0.013025946
RS_0049,RS,autumn,27,13.5,24.062288,0.012031144
RS_0049,RS,autumn,28,14.0,11.734743,0.0058673713
RS_0049,RS,autumn,29,14.5,12.285405,0.0061427024
RS_0049,RS,autumn,30,15.0,13.74748,0.0068737403
RS_0049,RS,autumn,31,15.5,11.6354265,0.005817713
RS_0049,RS,autumn,32,16.0,12.113991,0.0060569956
RS_0049,RS,autumn,33,16.5,13.944699,0.0069723497
RS_0049,RS,autumn,34,17.0,12.321675,0.0061608376
RS_0049,RS,autumn,35,17.5,12.013219,0.0060066096
RS_0049,RS,autumn,36,18.0,14.891252,0.007445626
RS_0049,RS,autumn,37,18.5,12.225486,0.0061127427
RS_0049,RS,autumn,38,19.0,10.334371,0.0051671853
RS_0049,RS,autumn,39,19.5,10.072459,0.0050362297
RS_0049,RS,autumn,40,20.0,10.607723,0.0053038616
RS_0049,RS,autumn,41,20.5,10.713849,0.0053569246
RS_0049,RS,autumn,42,21.0,13.427231,0.0067136153
RS_0049,RS,autumn,43,21.5,11.641317,0.0058206585
RS_0049,RS,autumn,44,22.0,14.211433,0.0071057165
RS_0049,RS,autumn,45,22.5,15.956318,0.007978159
RS_0049,RS,autumn,46,23.0,15.17255,0.007586275
RS_0049,RS,autumn,47,23.5,14.15093,0.0070754653
RS_0050,RS,spring,0,0.0,226.69296,0.11334648
RS_0050,RS,spring,1,0.5,242.49008,0.12124504
RS_0050,RS,spring,2,1.0,270.59512,0.13529757
RS_0050,RS,spring,3,1.5,451.72458,0.2258623
RS_0050,RS,spring,4,2.0,1066.9238,0.5334619
RS_0050,RS,spring,5,2.5,1136.16,0.56808
RS_0050,RS,spring,6,3.0,1191.7539,0.59587693
RS_0050,RS,spring,7,3.5,1055.4937,0.5277468
RS_0050,RS,spring,8,4.0,942.1929,0.47109643
RS_0050,RS,spring,9,4.5,732.9967,0.36649835
RS_0050,RS,spring,10,5.0,732.49536,0.36624768
RS_0050,RS,spring,11,5.5,818.896,0.409448
RS_0050,RS,spring,12,6.0,980.3006,0.4901503
RS_0050,RS,spring,13,6.5,1017.67114,0.50883555
RS_0050,RS,spring,14,7.0,849.4127,0.42470637
RS_0050,RS,spring,15,7.5,713.4941,0.35674703
RS_0050,RS,spring,16,8.0,510.76935,0.25538468
RS_0050,RS,spring,17,8.5,391.19412,0.19559707
RS_0050,RS,spring,18,9.0,309.8446,0.1549223
RS_0050,RS,spring,19,9.5,242.57346,0.12128673
RS_0050,RS,spring,20,10.0,254.44202,0.127221
RS_0050,RS,spring,21,10.5,276.02872,0.13801436
RS_0050,RS,spring,22,11.0,325.14127,0.16257063
RS_0050,RS,spring,23,11.5,311.78046,0.15589023
RS_0050,RS,spring,24,12.0,426.19925,0.21309963
RS_0050,RS,spring,25,12.5,711.09143,0.35554573
RS_0050,RS,spring,26,13.0,945.3978,0.47269893
RS_0050,RS,spring,27,13.5,898.7495,0.44937477
RS_0050,RS,spring,28,14.0,1124.1128,0.5620564
RS_0050,RS,spring,29,14.5,929.7897,0.46489483
RS_0050,RS,spring,30,15.0,862.12994,0.43106496
RS_0050,RS,spring,31,15.5,761.76105,0.38088053
RS_0050,RS,spring,32,16.0,649.3049,0.32465243
RS_0050,RS,spring,33,16.5,560.8393,0.28041965
RS_0050,RS,spring,34,17.0,612.3179,0.30615893
RS_0050,RS,spring,35,17.5,669.7261,0.33486304
RS_0050,RS,spring,36,18.0,898.38574,0.44919288
RS_0050,RS,spring,37,18.5,976.67487,0.48833743
RS_0050,RS,spring,38,19.0,1047.621,0.5238105
RS_0050,RS,spring,39,19.5,1049.888,0.52494395
RS_0050,RS,spring,40,20.0,917.5916,0.45879582
RS_0050,RS,spring,41,20.5,706.0851,0.35304254
RS_0050,RS,spring,42,21.0,586.084,0.293042
RS_0050,RS,spring,43,21.5,526.888,0.263444
RS_0050,RS,spring,44,22.0,451.602,0.22580099
RS_0050,RS,spring,45,22.5,405.10696,0.20255348
RS_0050,RS,spring,46,23.0,359.47293,0.17973647
RS_0050,RS,spring,47,23.5,312.74765,0.15637383
RS_0051,RS,spring,0,0.0,209.78943,0.10489471
RS_0051,RS,spring,1,0.5,213.59703,0.106798515
RS_0051,RS,spring,2,1.0,232.94025,0.11647012
RS_0051,RS,spring,3,1.5,264.3579,0.13217896
RS_0051,RS,spring,4,2.0,292.69907,0.14634953
RS_0051,RS,spring,5,2.5,249.02505,0.12451253
RS_0051,RS,spring,6,3.0,306.96106,0.15348053
RS_0051,RS,spring,7,3.5,270.97342,0.1354867
RS_0051,RS,spring,8,4.0,277.04614,0.13852307
RS_0051,RS,spring,9,4.5,240.27528,0.12013764
RS_0051,RS,spring,10,5.0,250.96669,0.12548335
RS_0051,RS,spring,11,5.5,251.93741,0.12596871
RS_0051,RS,spring,12,6.0,301.96573,0.15098287
RS_0051,RS,spring,13,6.5,328.88156,0.16444078
RS_0051,RS,spring,14,7.0,369.81818,0.18490909
RS_0051,RS,spring,15,7.5,361.7507,0.18087535
RS_0051,RS,spring,16,8.0,311.43536,0.15571769
RS_0051,RS,spring,17,8.5,258.38425,0.12919213
RS_0051,RS,spring,18,9.0,248.62718,0.12431359
RS_0051,RS,spring,19,9.5,242.69926,0.12134963
RS_0051,RS,spring,20,10.0,228.47998,0.11423999
RS_0051,RS,spring,21,10.5,217.79295,0.10889648
RS_0051,RS,spring,22,11.0,225.33617,0.11266808
RS_0051,RS,spring,23,11.5,228.70978,0.114354886
RS_0051,RS,spring,24,12.0,227.1219,0.11356095
RS_0051,RS,spring,25,12.5,216.77657,0.10838828
RS_0051,RS,spring,26,13.0,231.26176,0.11563088
RS_0051,RS,spring,27,13.5,213.68771,0.10684386
RS_0051,RS,spring,28,14.0,210.50307,0.105251536
RS_0051,RS,spring,29,14.5,225.59642,0.11279821
RS_0051,RS,spring,30,15.0,229.40396,0.11470198
RS_0051,RS,spring,31,15.5,225.5503,0.11277515
RS_0051,RS,spring,32,16.0,258.85403,0.12942702
RS_0051,RS,spring,33,16.5,233.969,0.116984494
RS_0051,RS,spring,34,17.0,247.54965,0.12377483
RS_0051,RS,spring,35,17.5,271.96472,0.13598236
RS_0051,RS,spring,36,18.0,340.72647,0.17036323
RS_0051,RS,spring,37,18.5,425.53302,0.21276651
RS_0051,RS,spring,38,19.0,628.50507,0.31425253
RS_0051,RS,spring,39,19.5,654.4778,0.3272389
RS_0051,RS,spring,40,20.0,605.6739,0.30283695
RS_0051,RS,spring,41,20.5,463.77655,0.23188828
RS_0051,RS,spring,42,21.0,445.8681,0.22293405
RS_0051,RS,spring,43,21.5,391.86176,0.19593088
RS_0051,RS,spring,44,22.0,313.6649,0.15683244
RS_0051,RS,spring,45,22.5,287.23935,0.14361967
RS_0051,RS,spring,46,23.0,293.01505,0.14650752
RS_0051,RS,spring,47,23.5,249.8921,0.12494605
RS_0052,RS,winter,0,0.0,683.3109,0.34165546
RS_0052,RS,winter,1,0.5,378.86212,0.18943106
RS_0052,RS,winter,2,1.0,181.62018,0.09081009
RS_0052,RS,winter,3,1.5,190.86519,0.095432594
RS_0052,RS,winter,4,2.0,161.82037,0.08091018
RS_0052,RS,winter,5,2.5,185.69307,0.092846535
RS_0052,RS,winter,6,3.0,185.67252,0.09283626
RS_0052,RS,winter,7,3.5,274.7823,0.13739115
RS_0052,RS,winter,8,4.0,377.55048,0.18877524
RS_0052,RS,winter,9,4.5,530.781,0.26539052
RS_0052,RS,winter,10,5.0,416.61472,0.20830736
RS_0052,RS,winter,11,5.5,570.00134,0.28500068
RS_0052,RS,winter,12,6.0,390.79056,0.19539528
RS_0052,RS,winter,13,6.5,447.00293,0.22350146
RS_0052,RS,winter,14,7.0,378.1222,0.18906109
RS_0052,RS,winter,15,7.5,321.49228,0.16074614
RS_0052,RS,winter,16,8.0,196.84883,0.09842441
RS_0052,RS,winter,17,8.5,50.96569,0.025482845
RS_0052,RS,winter,18,9.0,10.744811,0.0053724055
RS_0052,RS,winter,19,9.5,45.280163,0.022640081
RS_0052,RS,winter,20,10.0,15.91519,0.0079575945
RS_0052,RS,winter,21,10.5,59.873795,0.029936897
RS_0052,RS,winter,22,11.0,122.39512,0.06119756
RS_0052,RS,winter,23,11.5,192.68636,0.096343175
RS_0052,RS,winter,24,12.0,388.08936,0.19404468
RS_0052,RS,winter,25,12.5,329.19885,0.16459943
RS_0052,RS,winter,26,13.0,230.12767,0.11506384
RS_0052,RS,winter,27,13.5,433.28848,0.21664424
RS_0052,RS,winter,28,14.0,675.7423,0.33787116
RS_0052,RS,winter,29,14.5,547.74554,0.27387276
RS_0052,RS,winter,30,15.0,793.9308,0.39696538
RS_0052,RS,winter,31,15.5,845.6967,0.42284834
RS_0052,RS,winter,32,16.0,661.96375,0.33098188
RS_0052,RS,winter,33,16.5,762.5412,0.3812706
RS_0052,RS,winter,34,17.0,464.98618,0.23249309
RS_0052,RS,winter,35,17.5,371.2058,0.1856029
RS_0052,RS,winter,36,18.0,399.36258,0.1996813
RS_0052,RS,winter,37,18.5,567.106,0.283553
RS_0052,RS,winter,38,19.0,447.50885,0.22375442
RS_0052,RS,winter,39,19.5,412.13647,0.20606823
RS_0052,RS,winter,40,20.0,532.1012,0.2660506
RS_0052,RS,winter,41,20.5,474.84174,0.23742087
RS_0052,RS,winter,42,21.0,474.47046,0.23723523
RS_0052,RS,winter,43,21.5,1035.7684,0.5178842
RS_0052,RS,winter,44,22.0,1683.7296,0.8418648
RS_0052,RS,winter,45,22.5,2166.3037,1.0831518
RS_0052,RS,winter,46,23.0,1759.3871,0.87969357
RS_0052,RS,winter,47,23.5,1933.7747,0.96688735
RS_0053,RS,spring,0,0.0,92.740845,0.04637042
RS_0053,RS,spring,1,0.5,95.21993,0.047609966
RS_0053,RS,spring,2,1.0,115.0448,0.0575224
RS_0053,RS,spring,3,1.5,145.29984,0.07264992
RS_0053,RS,spring,4,2.0,151.22478,0.07561239
RS_0053,RS,spring,5,2.5,133.11624,0.06655812
RS_0053,RS,spring,6,3.0,134.28633,0.067143165
RS_0053,RS,spring,7,3.5,112.358734,0.056179367
RS_0053,RS,spring,8,4.0,131.06108,0.06553054
RS_0053,RS,spring,9,4.5,110.13438,0.05506719
RS_0053,RS,spring,10,5.0,125.89832,0.06294916
RS_0053,RS,spring,11,5.5,119.803085,0.059901543
RS_0053,RS,spring,12,6.0,125.83589,0.06291795
RS_0053,RS,spring,13,6.5,108.27756,0.05413878
RS_0053,RS,spring,14,7.0,99.18658,0.04959329
RS_0053,RS,spring,15,7.5,95.623985,0.047811992
RS_0053,RS,spring,16,8.0,89.341225,0.04467061
RS_0053,RS,spring,17,8.5,130.97768,0.06548884
RS_0053,RS,spring,18,9.0,364.8014,0.18240069
RS_0053,RS,spring,19,9.5,531.51483,0.2657574
RS_0053,RS,spring,20,10.0,943.8161,0.47190806
RS_0053,RS,spring,21,10.5,992.9488,0.4964744
RS_0053,RS,spring,22,11.0,1487.7458,0.74387294
RS_0053,RS,spring,23,11.5,2793.0393,1.3965197
RS_0053,RS,spring,24,12.0,2601.83,1.300915
RS_0053,RS,spring,25,12.5,2436.6367,1.2183183
RS_0053,RS,spring,26,13.0,2534.7903,1.2673951
RS_0053,RS,spring,27,13.5,1623.2551,0.81162757
RS_0053,RS,spring,28,14.0,1409.3964,0.7046982
RS_0053,RS,spring,29,14.5,684.1696,0.3420848
RS_0053,RS,spring,30,15.0,386.18546,0.19309273
RS_0053,RS,spring,31,15.5,178.4814,0.0892407
RS_0053,RS,spring,32,16.0,182.9214,0.0914607
RS_0053,RS,spring,33,16.5,149.85272,0.07492636
RS_0053,RS,spring,34,17.0,132.45032,0.066225156
RS_0053,RS,spring,35,17.5,139.23918,0.06961959
RS_0053,RS,spring,36,18.0,136.81871,0.06840935
RS_0053,RS,spring,37,18.5,120.45072,0.06022536
RS_0053,RS,spring,38,19.0,178.79388,0.08939694
RS_0053,RS,spring,39,19.5,169.85858,0.08492929
RS_0053,RS,spring,40,20.0,145.45338,0.07272669
RS_0053,RS,spring,41,20.5,110.607445,0.055303723
RS_0053,RS,spring,42,21.0,146.15102,0.07307551
RS_0053,RS,spring,43,21.5,149.84079,0.07492039
RS_0053,RS,spring,44,22.0,96.8883,0.04844415
RS_0053,RS,spring,45,22.5,86.39808,0.04319904
RS_0053,RS,spring,46,23.0,92.52208,0.04626104
RS_0053,RS,spring,47,23.5,80.534615,0.040267307
RS_0054,RS,summer,0,0.0,224.37392,0.11218696
RS_0054,RS,summer,1,0.5,191.79219,0.095896095
RS_0054,RS,summer,2,1.0,190.58115,0.09529057
RS_0054,RS,summer,3,1.5,230.43393,0.11521696
RS_0054,RS,summer,4,2.0,231.26387,0.11563194
RS_0054,RS,summer,5,2.5,207.99492,0.10399746
RS_0054,RS,summer,6,3.0,188.95235,0.09447617
RS_0054,RS,summer,7,3.5,188.99121,0.0944956
RS_0054,RS,summer,8,4.0,220.67688,0.11033844
RS_0054,RS,summer,9,4.5,180.74738,0.09037369
RS_0054,RS,summer,10,5.0,213.04192,0.10652096
RS_0054,RS,summer,11,5.5,230.53085,0.11526543
RS_0054,RS,summer,12,6.0,231.41908,0.11570954
RS_0054,RS,summer,13,6.5,237.88635,0.11894318
RS_0054,RS,summer,14,7.0,352.76767,0.17638384
RS_0054,RS,summer,15,7.5,435.4831,0.21774155
RS_0054,RS,summer,16,8.0,571.4441,0.28572205
RS_0054,RS,summer,17,8.5,588.49585,0.29424793
RS_0054,RS,summer,18,9.0,684.58563,0.34229282
RS_0054,RS,summer,19,9.5,654.0866,0.3270433
RS_0054,RS,summer,20,10.0,550.9911,0.27549556
RS_0054,RS,summer,21,10.5,459.3274,0.2296637
RS_0054,RS,summer,22,11.0,500.78302,0.2503915
RS_0054,RS,summer,23,11.5,625.98,0.31298998
RS_0054,RS,summer,24,12.0,764.5423,0.38227114
RS_0054,RS,summer,25,12.5,708.3223,0.35416117
RS_0054,RS,summer,26,13.0,718.35864,0.35917932
RS_0054,RS,summer,27,13.5,662.23126,0.33111563
RS_0054,RS,summer,28,14.0,514.92096,0.25746047
RS_0054,RS,summer,29,14.5,490.4342,0.2452171
RS_0054,RS,summer,30,15.0,484.19055,0.24209528
RS_0054,RS,summer,31,15.5,457.06967,0.22853483
RS_0054,RS,summer,32,16.0,443.12564,0.22156282
RS_0054,RS,summer,33,16.5,438.12726,0.21906362
RS_0054,RS,summer,34,17.0,501.14993,0.25057498
RS_0054,RS,summer,35,17.5,475.95667,0.23797834
RS_0054,RS,summer,36,18.0,508.22485,0.25411242
RS_0054,RS,summer,37,18.5,580.64703,0.29032353
RS_0054,RS,summer,38,19.0,571.7062,0.2858531
RS_0054,RS,summer,39,19.5,538.3706,0.2691853
RS_0054,RS,summer,40,20.0,550.35895,0.27517948
RS_0054,RS,summer,41,20.5,467.95865,0.23397933
RS_0054,RS,summer,42,21.0,452.7767,0.22638835
RS_0054,RS,summer,43,21.5,432.88153,0.21644077
RS_0054,RS,summer,44,22.0,370.25378,0.18512689
RS_0054,RS,summer,45,22.5,346.64157,0.17332079
RS_0054,RS,summer,46,23.0,345.18304,0.17259152
RS_0054,RS,summer,47,23.5,285.86313,0.14293157
RS_0055,RS,summer,0,0.0,29.939053,0.014969526
RS_0055,RS,summer,1,0.5,31.768654,0.015884327
RS_0055,RS,summer,2,1.0,29.463919,0.014731959
RS_0055,RS,summer,3,1.5,32.49258,0.01624629
RS_0055,RS,summer,4,2.0,34.443283,0.01722164
RS_0055,RS,summer,5,2.5,22.793243,0.011396621
RS_0055,RS,summer,6,3.0,36.95841,0.018479204
RS_0055,RS,summer,7,3.5,33.536343,0.01676817
RS_0055,RS,summer,8,4.0,32.964527,0.016482264
RS_0055,RS,summer,9,4.5,33.46516,0.016732581
RS_0055,RS,summer,10,5.0,28.734081,0.01436704
RS_0055,RS,summer,11,5.5,33.385628,0.016692813
RS_0055,RS,summer,12,6.0,24.644405,0.012322202
RS_0055,RS,summer,13,6.5,21.049751,0.0105248755
RS_0055,RS,summer,14,7.0,16.914469,0.008457234
RS_0055,RS,summer,15,7.5,21.578512,0.010789257
RS_0055,RS,summer,16,8.0,18.6705,0.00933525
RS_0055,RS,summer,17,8.5,16.18697,0.008093485
RS_0055,RS,summer,18,9.0,16.062077,0.008031039
RS_0055,RS,summer,19,9.5,15.246233,0.0076231165
RS_0055,RS,summer,20,10.0,14.774384,0.007387192
RS_0055,RS,summer,21,10.5,15.080456,0.007540228
RS_0055,RS,summer,22,11.0,16.908451,0.008454226
RS_0055,RS,summer,23,11.5,16.635162,0.008317581
RS_0055,RS,summer,24,12.0,16.51277,0.008256385
RS_0055,RS,summer,25,12.5,20.11721,0.010058605
RS_0055,RS,summer,26,13.0,11.0142565,0.0055071283
RS_0055,RS,summer,27,13.5,16.666628,0.008333314
RS_0055,RS,summer,28,14.0,15.6267395,0.00781337
RS_0055,RS,summer,29,14.5,15.039978,0.007519989
RS_0055,RS,summer,30,15.0,16.048885,0.008024443
RS_0055,RS,summer,31,15.5,18.506947,0.009253473
RS_0055,RS,summer,32,16.0,18.703327,0.009351663
RS_0055,RS,summer,33,16.5,15.320194,0.007660097
RS_0055,RS,summer,34,17.0,16.148764,0.008074381
RS_0055,RS,summer,35,17.5,15.622015,0.0078110076
RS_0055,RS,summer,36,18.0,17.743856,0.008871928
RS_0055,RS,summer,37,18.5,16.201124,0.008100562
RS_0055,RS,summer,38,19.0,20.320662,0.010160331
RS_0055,RS,summer,39,19.5,21.172787,0.010586393
RS_0055,RS,summer,40,20.0,20.065607,0.010032804
RS_0055,RS,summer,41,20.5,19.76662,0.009883311
RS_0055,RS,summer,42,21.0,14.679649,0.0073398245
RS_0055,RS,summer,43,21.5,21.90405,0.010952026
RS_0055,RS,summer,44,22.0,18.284672,0.0091423355
RS_0055,RS,summer,45,22.5,19.518757,0.009759379
RS_0055,RS,summer,46,23.0,19.951162,0.009975581
RS_0055,RS,summer,47,23.5,21.593838,0.0107969185
RS_0056,RS,spring,0,0.0,1752.8677,0.87643385
RS_0056,RS,spring,1,0.5,1765.3158,0.8826579
RS_0056,RS,spring,2,1.0,1796.3732,0.89818656
RS_0056,RS,spring,3,1.5,1503.9808,0.75199044
RS_0056,RS,spring,4,2.0,1476.7274,0.7383637
RS_0056,RS,spring,5,2.5,1244.7653,0.62238264
RS_0056,RS,spring,6,3.0,1065.3606,0.5326803
RS_0056,RS,spring,7,3.5,954.0138,0.47700688
RS_0056,RS,spring,8,4.0,947.3069,0.47365344
RS_0056,RS,spring,9,4.5,924.77325,0.46238664
RS_0056,RS,spring,10,5.0,924.65454,0.46232727
RS_0056,RS,spring,11,5.5,941.36304,0.47068152
RS_0056,RS,spring,12,6.0,884.7617,0.44238085
RS_0056,RS,spring,13,6.5,867.1596,0.4335798
RS_0056,RS,spring,14,7.0,786.05096,0.3930255
RS_0056,RS,spring,15,7.5,756.74384,0.37837192
RS_0056,RS,spring,16,8.0,822.3676,0.4111838
RS_0056,RS,spring,17,8.5,1017.62213,0.50881106
RS_0056,RS,spring,18,9.0,1081.2803,0.5406401
RS_0056,RS,spring,19,9.5,1123.6772,0.5618386
RS_0056,RS,spring,20,10.0,1326.8079,0.6634039
RS_0056,RS,spring,21,10.5,1295.0273,0.6475137
RS_0056,RS,spring,22,11.0,1388.6356,0.6943178
RS_0056,RS,spring,23,11.5,1404.8373,0.7024186
RS_0056,RS,spring,24,12.0,1425.3005,0.71265024
RS_0056,RS,spring,25,12.5,1490.8833,0.7454417
RS_0056,RS,spring,26,13.0,1363.2296,0.6816148
RS_0056,RS,spring,27,13.5,1206.3715,0.6031857
RS_0056,RS,spring,28,14.0,1161.2822,0.5806411
RS_0056,RS,spring,29,14.5,966.0465,0.48302326
RS_0056,RS,spring,30,15.0,762.0753,0.38103765
RS_0056,RS,spring,31,15.5,715.7746,0.3578873
RS_0056,RS,spring,32,16.0,664.2048,0.3321024
RS_0056,RS,spring,33,16.5,580.329,0.2901645
RS_0056,RS,spring,34,17.0,613.24097,0.30662048
RS_0056,RS,spring,35,17.5,591.20337,0.2956017
RS_0056,RS,spring,36,18.0,614.2376,0.3071188
RS_0056,RS,spring,37,18.5,697.1219,0.34856093
RS_0056,RS,spring,38,19.0,701.738,0.350869
RS_0056,RS,spring,39,19.5,733.9307,0.36696535
RS_0056,RS,spring,40,20.0,762.3636,0.3811818
RS_0056,RS,spring,41,20.5,819.82385,0.40991193
RS_0056,RS,spring,42,21.0,898.0131,0.44900656
RS_0056,RS,spring,43,21.5,926.2462,0.4631231
RS_0056,RS,spring,44,22.0,1255.976,0.627988
RS_0056,RS,spring,45,22.5,1695.3578,0.8476789
RS_0056,RS,spring,46,23.0,1532.1309,0.7660654
RS_0056,RS,spring,47,23.5,1599.1565,0.79957825
RS_0057,RS,autumn,0,0.0,2.2739992,0.0011369996
RS_0057,RS,autumn,1,0.5,2.5381336,0.0012690668
RS_0057,RS,autumn,2,1.0,1.8327537,0.0009163768
RS_0057,RS,autumn,3,1.5,3.7649565,0.0018824782
RS_0057,RS,autumn,4,2.0,2.48541,0.001242705
RS_0057,RS,autumn,5,2.5,7.0985947,0.0035492973
RS_0057,RS,autumn,6,3.0,3.2731776,0.0016365888
RS_0057,RS,autumn,7,3.5,3.5540175,0.0017770088
RS_0057,RS,autumn,8,4.0,6.844385,0.0034221925
RS_0057,RS,autumn,9,4.5,3.3271809,0.0016635904
RS_0057,RS,autumn,10,5.0,3.5690017,0.0017845008
RS_0057,RS,autumn,11,5.5,4.3875585,0.0021937792
RS_0057,RS,autumn,12,6.0,2.0800421,0.0010400211
RS_0057,RS,autumn,13,6.5,0.17898037,8.949018e-05
RS_0057,RS,autumn,14,7.0,0.0,0.0
RS_0057,RS,autumn,15,7.5,0.65857387,0.00032928694
RS_0057,RS,autumn,16,8.0,1.4216013,0.00071080064
RS_0057,RS,autumn,17,8.5,0.9203763,0.00046018814
RS_0057,RS,autumn,18,9.0,2.6447012,0.0013223506
RS_0057,RS,autumn,19,9.5,0.06317199,3.1585994e-05
RS_0057,RS,autumn,20,10.0,0.0,0.0
RS_0057,RS,autumn,21,10.5,0.45594215,0.00022797108
RS_0057,RS,autumn,22,11.0,0.7268574,0.0003634287
RS_0057,RS,autumn,23,11.5,0.9071506,0.0004535753
RS_0057,RS,autumn,24,12.0,1.4418349,0.0007209175
RS_0057,RS,autumn,25,12.5,0.31831676,0.00015915839
RS_0057,RS,autumn,26,13.0,0.8274665,0.00041373324
RS_0057,RS,autumn,27,13.5,2.5103772,0.0012551886
RS_0057,RS,autumn,28,14.0,2.108646,0.0010543229
RS_0057,RS,autumn,29,14.5,0.31920907,0.00015960453
RS_0057,RS,autumn,30,15.0,0.59279656,0.00029639827
RS_0057,RS,autumn,31,15.5,0.0,0.0
RS_0057,RS,autumn,32,16.0,0.50614226,0.00025307114
RS_0057,RS,autumn,33,16.5,0.35121208,0.00017560604
RS_0057,RS,autumn,34,17.0,1.8953323,0.0009476662
RS_0057,RS,autumn,35,17.5,0.3920874,0.0001960437
RS_0057,RS,autumn,36,18.0,1.569484,0.000784742
RS_0057,RS,autumn,37,18.5,0.7293395,0.00036466974
RS_0057,RS,autumn,38,19.0,5.7592025,0.0028796012
RS_0057,RS,autumn,39,19.5,5.9750977,0.002987549
RS_0057,RS,autumn,40,20.0,6.7792044,0.0033896023
RS_0057,RS,autumn,41,20.5,2.675626,0.001337813
RS_0057,RS,autumn,42,21.0,3.3030534,0.0016515267
RS_0057,RS,autumn,43,21.5,9.366342,0.004683171
RS_0057,RS,autumn,44,22.0,2.2264469,0.0011132234
RS_0057,RS,autumn,45,22.5,1.180361,0.0005901805
RS_0057,RS,autumn,46,23.0,1.2045672,0.0006022836
RS_0057,RS,autumn,47,23.5,2.7134016,0.0013567008
RS_0058,RS,winter,0,0.0,925.9403,0.46297017
RS_0058,RS,winter,1,0.5,752.5939,0.37629694
RS_0058,RS,winter,2,1.0,752.37506,0.37618753
RS_0058,RS,winter,3,1.5,616.526,0.308263
RS_0058,RS,winter,4,2.0,695.87897,0.3479395
RS_0058,RS,winter,5,2.5,609.47974,0.30473986
RS_0058,RS,winter,6,3.0,564.86743,0.28243372
RS_0058,RS,winter,7,3.5,502.80652,0.25140327
RS_0058,RS,winter,8,4.0,606.74054,0.30337027
RS_0058,RS,winter,9,4.5,558.492,0.279246
RS_0058,RS,winter,10,5.0,541.04584,0.27052292
RS_0058,RS,winter,11,5.5,509.7369,0.25486845
RS_0058,RS,winter,12,6.0,601.6469,0.30082345
RS_0058,RS,winter,13,6.5,645.1565,0.32257825
RS_0058,RS,winter,14,7.0,661.0265,0.33051324
RS_0058,RS,winter,15,7.5,691.4018,0.3457009
RS_0058,RS,winter,16,8.0,761.932,0.380966
RS_0058,RS,winter,17,8.5,784.50964,0.39225483
RS_0058,RS,winter,18,9.0,772.60693,0.38630345
RS_0058,RS,winter,19,9.5,626.0637,0.31303185
RS_0058,RS,winter,20,10.0,674.97894,0.3374895
RS_0058,RS,winter,21,10.5,642.9492,0.3214746
RS_0058,RS,winter,22,11.0,747.01575,0.3735079
RS_0058,RS,winter,23,11.5,792.3086,0.39615428
RS_0058,RS,winter,24,12.0,857.19086,0.42859542
RS_0058,RS,winter,25,12.5,989.214,0.494607
RS_0058,RS,winter,26,13.0,953.57404,0.47678703
RS_0058,RS,winter,27,13.5,951.151,0.4755755
RS_0058,RS,winter,28,14.0,1037.4873,0.51874363
RS_0058,RS,winter,29,14.5,1055.3254,0.5276627
RS_0058,RS,winter,30,15.0,1058.1256,0.5290628
RS_0058,RS,winter,31,15.5,1025.5613,0.51278067
RS_0058,RS,winter,32,16.0,1014.6364,0.5073182
RS_0058,RS,winter,33,16.5,1012.03375,0.50601685
RS_0058,RS,winter,34,17.0,1045.482,0.522741
RS_0058,RS,winter,35,17.5,911.7287,0.45586434
RS_0058,RS,winter,36,18.0,1042.8262,0.5214131
RS_0058,RS,winter,37,18.5,1045.7091,0.52285457
RS_0058,RS,winter,38,19.0,1001.55206,0.50077605
RS_0058,RS,winter,39,19.5,948.2873,0.47414365
RS_0058,RS,winter,40,20.0,913.30994,0.45665497
RS_0058,RS,winter,41,20.5,815.5025,0.40775126
RS_0058,RS,winter,42,21.0,845.92523,0.4229626
RS_0058,RS,winter,43,21.5,703.9991,0.35199955
RS_0058,RS,winter,44,22.0,760.6017,0.38030085
RS_0058,RS,winter,45,22.5,783.9229,0.39196146
RS_0058,RS,winter,46,23.0,775.91736,0.38795868
RS_0058,RS,winter,47,23.5,928.12146,0.46406072
RS_0059,RS,autumn,0,0.0,172.98755,0.086493775
RS_0059,RS,autumn,1,0.5,157.02612,0.07851306
RS_0059,RS,autumn,2,1.0,143.15308,0.071576536
RS_0059,RS,autumn,3,1.5,183.68767,0.091843836
RS_0059,RS,autumn,4,2.0,189.86163,0.09493082
RS_0059,RS,autumn,5,2.5,177.73376,0.08886688
RS_0059,RS,autumn,6,3.0,208.36508,0.10418254
RS_0059,RS,autumn,7,3.5,180.47217,0.09023608
RS_0059,RS,autumn,8,4.0,198.87483,0.099437416
RS_0059,RS,autumn,9,4.5,189.32898,0.09466449
RS_0059,RS,autumn,10,5.0,185.24893,0.09262446
RS_0059,RS,autumn,11,5.5,175.48079,0.08774039
RS_0059,RS,autumn,12,6.0,204.08272,0.102041356
RS_0059,RS,autumn,13,6.5,190.95195,0.09547597
RS_0059,RS,autumn,14,7.0,205.89531,0.10294765
RS_0059,RS,autumn,15,7.5,163.19482,0.08159741
RS_0059,RS,autumn,16,8.0,160.7527,0.08037635
RS_0059,RS,autumn,17,8.5,176.83136,0.08841568
RS_0059,RS,autumn,18,9.0,282.98056,0.14149028
RS_0059,RS,autumn,19,9.5,381.7341,0.19086705
RS_0059,RS,autumn,20,10.0,731.88245,0.36594123
RS_0059,RS,autumn,21,10.5,881.787,0.4408935
RS_0059,RS,autumn,22,11.0,1029.5482,0.5147741
RS_0059,RS,autumn,23,11.5,981.8797,0.49093986
RS_0059,RS,autumn,24,12.0,823.73303,0.41186652
RS_0059,RS,autumn,25,12.5,495.1296,0.24756481
RS_0059,RS,autumn,26,13.0,403.70584,0.20185292
RS_0059,RS,autumn,27,13.5,295.6438,0.1478219
RS_0059,RS,autumn,28,14.0,200.52933,0.10026466
RS_0059,RS,autumn,29,14.5,216.81966,0.10840983
RS_0059,RS,autumn,30,15.0,217.20409,0.10860204
RS_0059,RS,autumn,31,15.5,175.7534,0.0878767
RS_0059,RS,autumn,32,16.0,187.85574,0.093927875
RS_0059,RS,autumn,33,16.5,177.78764,0.08889382
RS_0059,RS,autumn,34,17.0,191.03984,0.09551992
RS_0059,RS,autumn,35,17.5,199.77159,0.0998858
RS_0059,RS,autumn,36,18.0,204.61568,0.10230784
RS_0059,RS,autumn,37,18.5,195.6785,0.09783925
RS_0059,RS,autumn,38,19.0,252.83986,0.12641993
RS_0059,RS,autumn,39,19.5,237.26976,0.11863488
RS_0059,RS,autumn,40,20.0,247.1062,0.1235531
RS_0059,RS,autumn,41,20.5,201.94148,0.10097074
RS_0059,RS,autumn,42,21.0,233.59732,0.11679866
RS_0059,RS,autumn,43,21.5,218.19144,0.109095715
RS_0059,RS,autumn,44,22.0,187.55664,0.09377832
RS_0059,RS,autumn,45,22.5,168.37212,0.084186055
RS_0059,RS,autumn,46,23.0,170.1385,0.085069254
RS_0059,RS,autumn,47,23.5,140.8834,0.0704417
RS_0060,RS,winter,0,0.0,794.2637,0.39713183
RS_0060,RS,winter,1,0.5,773.1383,0.38656914
RS_0060,RS,winter,2,1.0,928.27435,0.46413717
RS_0060,RS,winter,3,1.5,899.69257,0.4498463
RS_0060,RS,winter,4,2.0,952.8083,0.47640413
RS_0060,RS,winter,5,2.5,1008.75916,0.5043796
RS_0060,RS,winter,6,3.0,1083.5864,0.5417932
RS_0060,RS,winter,7,3.5,986.6209,0.49331045
RS_0060,RS,winter,8,4.0,980.82434,0.49041218
RS_0060,RS,winter,9,4.5,926.661,0.4633305
RS_0060,RS,winter,10,5.0,846.3546,0.4231773
RS_0060,RS,winter,11,5.5,763.2493,0.38162467
RS_0060,RS,winter,12,6.0,747.9097,0.37395486
RS_0060,RS,winter,13,6.5,726.9264,0.3634632
RS_0060,RS,winter,14,7.0,719.0169,0.35950845
RS_0060,RS,winter,15,7.5,664.22217,0.3321111
RS_0060,RS,winter,16,8.0,709.7284,0.3548642
RS_0060,RS,winter,17,8.5,677.1821,0.33859107
RS_0060,RS,winter,18,9.0,721.42664,0.3607133
RS_0060,RS,winter,19,9.5,621.22003,0.31061003
RS_0060,RS,winter,20,10.0,684.5602,0.3422801
RS_0060,RS,winter,21,10.5,659.00543,0.3295027
RS_0060,RS,winter,22,11.0,634.8761,0.31743804
RS_0060,RS,winter,23,11.5,552.05865,0.27602932
RS_0060,RS,winter,24,12.0,591.16833,0.29558417
RS_0060,RS,winter,25,12.5,577.12317,0.28856158
RS_0060,RS,winter,26,13.0,566.0881,0.28304404
RS_0060,RS,winter,27,13.5,593.9886,0.2969943
RS_0060,RS,winter,28,14.0,748.2605,0.37413025
RS_0060,RS,winter,29,14.5,829.90234,0.41495118
RS_0060,RS,winter,30,15.0,820.7504,0.4103752
RS_0060,RS,winter,31,15.5,764.81464,0.3824073
RS_0060,RS,winter,32,16.0,745.1448,0.3725724
RS_0060,RS,winter,33,16.5,637.3183,0.31865916
RS_0060,RS,winter,34,17.0,648.05457,0.32402727
RS_0060,RS,winter,35,17.5,624.5979,0.31229895
RS_0060,RS,winter,36,18.0,717.5284,0.3587642
RS_0060,RS,winter,37,18.5,724.2773,0.36213863
RS_0060,RS,winter,38,19.0,656.95825,0.3284791
RS_0060,RS,winter,39,19.5,649.544,0.324772
RS_0060,RS,winter,40,20.0,683.7568,0.34187838
RS_0060,RS,winter,41,20.5,693.03204,0.346516
RS_0060,RS,winter,42,21.0,632.7575,0.31637874
RS_0060,RS,winter,43,21.5,604.2791,0.30213955
RS_0060,RS,winter,44,22.0,654.4731,0.32723653
RS_0060,RS,winter,45,22.5,735.4567,0.36772835
RS_0060,RS,winter,46,23.0,777.5784,0.3887892
RS_0060,RS,winter,47,23.5,785.27185,0.3926359
RS_0061,RS,spring,0,0.0,424.6342,0.2123171
RS_0061,RS,spring,1,0.5,400.9035,0.20045175
RS_0061,RS,spring,2,1.0,461.10306,0.23055153
RS_0061,RS,spring,3,1.5,599.96155,0.29998076
RS_0061,RS,spring,4,2.0,825.05664,0.4125283
RS_0061,RS,spring,5,2.5,865.6999,0.43284994
RS_0061,RS,spring,6,3.0,997.98016,0.4989901
RS_0061,RS,spring,7,3.5,807.1371,0.40356854
RS_0061,RS,spring,8,4.0,743.3211,0.37166056
RS_0061,RS,spring,9,4.5,588.32355,0.29416177
RS_0061,RS,spring,10,5.0,569.9584,0.2849792
RS_0061,RS,spring,11,5.5,560.63495,0.2803175
RS_0061,RS,spring,12,6.0,610.1572,0.30507863
RS_0061,RS,spring,13,6.5,624.7575,0.31237876
RS_0061,RS,spring,14,7.0,783.7388,0.3918694
RS_0061,RS,spring,15,7.5,1057.3538,0.52867687
RS_0061,RS,spring,16,8.0,1269.6787,0.63483936
RS_0061,RS,spring,17,8.5,1067.6227,0.53381133
RS_0061,RS,spring,18,9.0,1048.1306,0.5240653
RS_0061,RS,spring,19,9.5,952.5536,0.4762768
RS_0061,RS,spring,20,10.0,827.71106,0.41385552
RS_0061,RS,spring,21,10.5,657.95294,0.32897648
RS_0061,RS,spring,22,11.0,605.9887,0.30299434
RS_0061,RS,spring,23,11.5,512.55975,0.2562799
RS_0061,RS,spring,24,12.0,447.66608,0.22383304
RS_0061,RS,spring,25,12.5,512.7013,0.25635064
RS_0061,RS,spring,26,13.0,630.67786,0.31533894
RS_0061,RS,spring,27,13.5,579.33,0.289665
RS_0061,RS,spring,28,14.0,591.5443,0.29577217
RS_0061,RS,spring,29,14.5,550.54645,0.27527323
RS_0061,RS,spring,30,15.0,519.20544,0.25960273
RS_0061,RS,spring,31,15.5,514.5516,0.2572758
RS_0061,RS,spring,32,16.0,497.88217,0.24894108
RS_0061,RS,spring,33,16.5,389.04248,0.19452123
RS_0061,RS,spring,34,17.0,426.21146,0.21310572
RS_0061,RS,spring,35,17.5,462.34396,0.23117198
RS_0061,RS,spring,36,18.0,529.2802,0.2646401
RS_0061,RS,spring,37,18.5,553.0519,0.27652594
RS_0061,RS,spring,38,19.0,718.9867,0.35949335
RS_0061,RS,spring,39,19.5,923.0131,0.46150658
RS_0061,RS,spring,40,20.0,1114.1675,0.5570837
RS_0061,RS,spring,41,20.5,1269.738,0.63486904
RS_0061,RS,spring,42,21.0,1338.1393,0.66906965
RS_0061,RS,spring,43,21.5,1009.97034,0.50498515
RS_0061,RS,spring,44,22.0,949.3856,0.47469282
RS_0061,RS,spring,45,22.5,738.635,0.3693175
RS_0061,RS,spring,46,23.0,516.83325,0.25841662
RS_0061,RS,spring,47,23.5,463.1252,0.2315626
RS_0062,RS,spring,0,0.0,0.8284087,0.00041420435
RS_0062,RS,spring,1,0.5,0.8422246,0.0004211123
RS_0062,RS,spring,2,1.0,0.63274324,0.00031637162
RS_0062,RS,spring,3,1.5,0.4768841,0.00023844205
RS_0062,RS,spring,4,2.0,1.6125984,0.0008062992
RS_0062,RS,spring,5,2.5,1.8016434,0.0009008217
RS_0062,RS,spring,6,3.0,1.0334191,0.0005167096
RS_0062,RS,spring,7,3.5,1.0811529,0.00054057647
RS_0062,RS,spring,8,4.0,1.0830383,0.00054151914
RS_0062,RS,spring,9,4.5,2.1733568,0.0010866784
RS_0062,RS,spring,10,5.0,0.61951184,0.0003097559
RS_0062,RS,spring,11,5.5,0.9560461,0.00047802305
RS_0062,RS,spring,12,6.0,0.8474684,0.0004237342
RS_0062,RS,spring,13,6.5,0.5379399,0.00026896995
RS_0062,RS,spring,14,7.0,0.3176129,0.00015880645
RS_0062,RS,spring,15,7.5,0.011305341,5.65267e-06
RS_0062,RS,spring,16,8.0,0.0,0.0
RS_0062,RS,spring,17,8.5,0.0,0.0
RS_0062,RS,spring,18,9.0,0.0,0.0
RS_0062,RS,spring,19,9.5,0.0,0.0
RS_0062,RS,spring,20,10.0,0.0,0.0
RS_0062,RS,spring,21,10.5,0.0,0.0
RS_0062,RS,spring,22,11.0,0.0,0.0
RS_0062,RS,spring,23,11.5,0.0,0.0
RS_0062,RS,spring,24,12.0,0.0,0.0
RS_0062,RS,spring,25,12.5,0.15641665,7.820833e-05
RS_0062,RS,spring,26,13.0,0.0,0.0
RS_0062,RS,spring,27,13.5,0.0,0.0
RS_0062,RS,spring,28,14.0,0.0,0.0
RS_0062,RS,spring,29,14.5,0.0,0.0
RS_0062,RS,spring,30,15.0,0.0,0.0
RS_0062,RS,spring,31,15.5,0.0,0.0
RS_0062,RS,spring,32,16.0,0.0,0.0
RS_0062,RS,spring,33,16.5,0.0,0.0
RS_0062,RS,spring,34,17.0,0.0,0.0
RS_0062,RS,spring,35,17.5,0.0,0.0
RS_0062,RS,spring,36,18.0,0.0,0.0
RS_0062,RS,spring,37,18.5,0.0,0.0
RS_0062,RS,spring,38,19.0,0.44744316,0.00022372158
RS_0062,RS,spring,39,19.5,0.73175395,0.00036587697
RS_0062,RS,spring,40,20.0,2.0550122,0.0010275061
RS_0062,RS,spring,41,20.5,2.4403946,0.0012201973
RS_0062,RS,spring,42,21.0,0.74648094,0.00037324047
RS_0062,RS,spring,43,21.5,1.5833344,0.0007916672
RS_0062,RS,spring,44,22.0,1.010334,0.000505167
RS_0062,RS,spring,45,22.5,0.7279769,0.00036398845
RS_0062,RS,spring,46,23.0,0.8084285,0.00040421425
RS_0062,RS,spring,47,23.5,1.5087774,0.0007543887
RS_0063,RS,spring,0,0.0,132.10878,0.06605439
RS_0063,RS,spring,1,0.5,118.131584,0.059065793
RS_0063,RS,spring,2,1.0,91.476685,0.045738343
RS_0063,RS,spring,3,1.5,227.17683,0.113588415
RS_0063,RS,spring,4,2.0,116.48713,0.058243565
RS_0063,RS,spring,5,2.5,127.14993,0.06357497
RS_0063,RS,spring,6,3.0,134.76279,0.0673814
RS_0063,RS,spring,7,3.5,121.45575,0.060727876
RS_0063,RS,spring,8,4.0,121.291954,0.060645975
RS_0063,RS,spring,9,4.5,133.01384,0.06650692
RS_0063,RS,spring,10,5.0,102.67264,0.05133632
RS_0063,RS,spring,11,5.5,120.869156,0.060434576
RS_0063,RS,spring,12,6.0,100.701126,0.05035056
RS_0063,RS,spring,13,6.5,91.52908,0.045764543
RS_0063,RS,spring,14,7.0,78.39493,0.039197464
RS_0063,RS,spring,15,7.5,109.79109,0.054895546
RS_0063,RS,spring,16,8.0,74.63219,0.037316095
RS_0063,RS,spring,17,8.5,40.655167,0.020327583
RS_0063,RS,spring,18,9.0,71.88697,0.035943486
RS_0063,RS,spring,19,9.5,81.649124,0.040824562
RS_0063,RS,spring,20,10.0,76.915634,0.03845782
RS_0063,RS,spring,21,10.5,97.26467,0.048632335
RS_0063,RS,spring,22,11.0,131.42847,0.06571423
RS_0063,RS,spring,23,11.5,85.79121,0.042895604
RS_0063,RS,spring,24,12.0,103.18858,0.05159429
RS_0063,RS,spring,25,12.5,60.00485,0.030002424
RS_0063,RS,spring,26,13.0,63.68621,0.031843103
RS_0063,RS,spring,27,13.5,77.41691,0.038708456
RS_0063,RS,spring,28,14.0,95.012314,0.047506157
RS_0063,RS,spring,29,14.5,98.70956,0.049354777
RS_0063,RS,spring,30,15.0,151.1113,0.07555565
RS_0063,RS,spring,31,15.5,227.7815,0.113890745
RS_0063,RS,spring,32,16.0,187.51376,0.093756884
RS_0063,RS,spring,33,16.5,203.59064,0.101795316
RS_0063,RS,spring,34,17.0,183.28036,0.09164018
RS_0063,RS,spring,35,17.5,155.76585,0.07788293
RS_0063,RS,spring,36,18.0,179.96397,0.08998199
RS_0063,RS,spring,37,18.5,117.2338,0.058616903
RS_0063,RS,spring,38,19.0,235.96799,0.117984
RS_0063,RS,spring,39,19.5,151.26753,0.075633764
RS_0063,RS,spring,40,20.0,157.9184,0.0789592
RS_0063,RS,spring,41,20.5,170.78203,0.085391015
RS_0063,RS,spring,42,21.0,88.62647,0.044313237
RS_0063,RS,spring,43,21.5,259.70645,0.12985322
RS_0063,RS,spring,44,22.0,139.00352,0.069501765
RS_0063,RS,spring,45,22.5,344.1397,0.17206985
RS_0063,RS,spring,46,23.0,279.91925,0.13995962
RS_0063,RS,spring,47,23.5,201.11473,0.100557365
RS_0064,RS,summer,0,0.0,85.97971,0.042989857
RS_0064,RS,summer,1,0.5,77.70828,0.03885414
RS_0064,RS,summer,2,1.0,66.93932,0.033469662
RS_0064,RS,summer,3,1.5,77.261024,0.03863051
RS_0064,RS,summer,4,2.0,87.04542,0.043522708
RS_0064,RS,summer,5,2.5,63.50525,0.031752624
RS_0064,RS,summer,6,3.0,85.672676,0.04283634
RS_0064,RS,summer,7,3.5,74.2569,0.03712845
RS_0064,RS,summer,8,4.0,76.185814,0.038092908
RS_0064,RS,summer,9,4.5,73.85663,0.036928315
RS_0064,RS,summer,10,5.0,67.79428,0.03389714
RS_0064,RS,summer,11,5.5,64.88828,0.03244414
RS_0064,RS,summer,12,6.0,68.31298,0.03415649
RS_0064,RS,summer,13,6.5,73.39982,0.03669991
RS_0064,RS,summer,14,7.0,61.821262,0.030910632
RS_0064,RS,summer,15,7.5,69.23825,0.034619126
RS_0064,RS,summer,16,8.0,56.37385,0.028186927
RS_0064,RS,summer,17,8.5,63.06675,0.031533375
RS_0064,RS,summer,18,9.0,53.887844,0.026943922
RS_0064,RS,summer,19,9.5,66.961914,0.033480957
RS_0064,RS,summer,20,10.0,73.10923,0.036554616
RS_0064,RS,summer,21,10.5,57.65478,0.028827392
RS_0064,RS,summer,22,11.0,61.921062,0.030960532
RS_0064,RS,summer,23,11.5,71.96083,0.035980415
RS_0064,RS,summer,24,12.0,66.837715,0.033418857
RS_0064,RS,summer,25,12.5,71.140594,0.035570297
RS_0064,RS,summer,26,13.0,48.970497,0.02448525
RS_0064,RS,summer,27,13.5,55.842464,0.027921231
RS_0064,RS,summer,28,14.0,52.942574,0.026471287
RS_0064,RS,summer,29,14.5,64.70324,0.03235162
RS_0064,RS,summer,30,15.0,61.37529,0.030687645
RS_0064,RS,summer,31,15.5,69.51931,0.034759656
RS_0064,RS,summer,32,16.0,85.5934,0.0427967
RS_0064,RS,summer,33,16.5,92.21781,0.046108905
RS_0064,RS,summer,34,17.0,81.80806,0.04090403
RS_0064,RS,summer,35,17.5,81.96872,0.04098436
RS_0064,RS,summer,36,18.0,99.54685,0.049773425
RS_0064,RS,summer,37,18.5,88.45983,0.044229917
RS_0064,RS,summer,38,19.0,126.26852,0.06313426
RS_0064,RS,summer,39,19.5,169.89005,0.08494502
RS_0064,RS,summer,40,20.0,251.6068,0.1258034
RS_0064,RS,summer,41,20.5,247.34494,0.12367247
RS_0064,RS,summer,42,21.0,347.24597,0.17362298
RS_0064,RS,summer,43,21.5,359.7988,0.1798994
RS_0064,RS,summer,44,22.0,404.2987,0.20214935
RS_0064,RS,summer,45,22.5,282.28134,0.14114067
RS_0064,RS,summer,46,23.0,147.56511,0.073782556
RS_0064,RS,summer,47,23.5,131.12167,0.06556084
RS_0065,RS,spring,0,0.0,431.50748,0.21575373
RS_0065,RS,spring,1,0.5,182.9372,0.091468595
RS_0065,RS,spring,2,1.0,131.08092,0.065540455
RS_0065,RS,spring,3,1.5,110.75549,0.055377748
RS_0065,RS,spring,4,2.0,89.54824,0.04477412
RS_0065,RS,spring,5,2.5,108.359604,0.054179803
RS_0065,RS,spring,6,3.0,104.59567,0.052297838
RS_0065,RS,spring,7,3.5,134.45221,0.067226104
RS_0065,RS,spring,8,4.0,144.50865,0.07225432
RS_0065,RS,spring,9,4.5,116.62694,0.05831347
RS_0065,RS,spring,10,5.0,113.37024,0.05668512
RS_0065,RS,spring,11,5.5,121.66649,0.060833246
RS_0065,RS,spring,12,6.0,235.82498,0.11791249
RS_0065,RS,spring,13,6.5,382.71027,0.19135514
RS_0065,RS,spring,14,7.0,452.81564,0.22640783
RS_0065,RS,spring,15,7.5,390.29843,0.19514921
RS_0065,RS,spring,16,8.0,324.68314,0.16234156
RS_0065,RS,spring,17,8.5,291.24384,0.14562191
RS_0065,RS,spring,18,9.0,253.74916,0.12687458
RS_0065,RS,spring,19,9.5,200.5943,0.10029715
RS_0065,RS,spring,20,10.0,178.92862,0.08946431
RS_0065,RS,spring,21,10.5,157.79659,0.078898296
RS_0065,RS,spring,22,11.0,169.71925,0.084859625
RS_0065,RS,spring,23,11.5,224.18195,0.112090975
RS_0065,RS,spring,24,12.0,221.76097,0.11088049
RS_0065,RS,spring,25,12.5,161.11894,0.08055947
RS_0065,RS,spring,26,13.0,200.25919,0.10012959
RS_0065,RS,spring,27,13.5,170.52452,0.08526226
RS_0065,RS,spring,28,14.0,151.39479,0.07569739
RS_0065,RS,spring,29,14.5,148.32755,0.07416377
RS_0065,RS,spring,30,15.0,217.33502,0.10866751
RS_0065,RS,spring,31,15.5,256.83984,0.12841992
RS_0065,RS,spring,32,16.0,305.5449,0.15277244
RS_0065,RS,spring,33,16.5,258.9388,0.12946941
RS_0065,RS,spring,34,17.0,275.2843,0.13764215
RS_0065,RS,spring,35,17.5,266.8635,0.13343175
RS_0065,RS,spring,36,18.0,265.0295,0.13251476
RS_0065,RS,spring,37,18.5,316.1658,0.1580829
RS_0065,RS,spring,38,19.0,293.8511,0.14692555
RS_0065,RS,spring,39,19.5,263.71274,0.13185637
RS_0065,RS,spring,40,20.0,297.8266,0.1489133
RS_0065,RS,spring,41,20.5,251.53514,0.12576757
RS_0065,RS,spring,42,21.0,266.09543,0.13304771
RS_0065,RS,spring,43,21.5,169.57196,0.08478598
RS_0065,RS,spring,44,22.0,207.5361,0.10376805
RS_0065,RS,spring,45,22.5,413.42645,0.20671323
RS_0065,RS,spring,46,23.0,709.45496,0.35472748
RS_0065,RS,spring,47,23.5,857.71075,0.4288554
RS_0066,RS,spring,0,0.0,791.02576,0.39551288
RS_0066,RS,spring,1,0.5,296.53543,0.14826772
RS_0066,RS,spring,2,1.0,136.69614,0.068348065
RS_0066,RS,spring,3,1.5,117.8118,0.0589059
RS_0066,RS,spring,4,2.0,86.68318,0.043341592
RS_0066,RS,spring,5,2.5,112.11317,0.056056585
RS_0066,RS,spring,6,3.0,91.41056,0.04570528
RS_0066,RS,spring,7,3.5,141.2353,0.07061765
RS_0066,RS,spring,8,4.0,119.910095,0.05995505
RS_0066,RS,spring,9,4.5,115.83171,0.057915855
RS_0066,RS,spring,10,5.0,104.63536,0.05231768
RS_0066,RS,spring,11,5.5,119.6266,0.059813302
RS_0066,RS,spring,12,6.0,89.94569,0.044972844
RS_0066,RS,spring,13,6.5,86.32535,0.043162674
RS_0066,RS,spring,14,7.0,114.62199,0.057310995
RS_0066,RS,spring,15,7.5,133.22212,0.06661106
RS_0066,RS,spring,16,8.0,139.58714,0.069793575
RS_0066,RS,spring,17,8.5,79.932945,0.03996647
RS_0066,RS,spring,18,9.0,127.246704,0.063623354
RS_0066,RS,spring,19,9.5,112.71166,0.05635583
RS_0066,RS,spring,20,10.0,91.39981,0.045699906
RS_0066,RS,spring,21,10.5,89.00709,0.044503544
RS_0066,RS,spring,22,11.0,144.7114,0.072355695
RS_0066,RS,spring,23,11.5,286.8932,0.1434466
RS_0066,RS,spring,24,12.0,424.37042,0.2121852
RS_0066,RS,spring,25,12.5,593.41174,0.29670587
RS_0066,RS,spring,26,13.0,409.24405,0.20462203
RS_0066,RS,spring,27,13.5,268.30145,0.13415073
RS_0066,RS,spring,28,14.0,176.43471,0.088217355
RS_0066,RS,spring,29,14.5,114.69832,0.05734916
RS_0066,RS,spring,30,15.0,97.72066,0.04886033
RS_0066,RS,spring,31,15.5,104.46364,0.05223182
RS_0066,RS,spring,32,16.0,121.662926,0.06083146
RS_0066,RS,spring,33,16.5,121.03,0.060514998
RS_0066,RS,spring,34,17.0,159.76492,0.07988246
RS_0066,RS,spring,35,17.5,169.0828,0.084541395
RS_0066,RS,spring,36,18.0,265.75125,0.13287562
RS_0066,RS,spring,37,18.5,301.4523,0.15072615
RS_0066,RS,spring,38,19.0,412.69177,0.20634589
RS_0066,RS,spring,39,19.5,335.98978,0.16799489
RS_0066,RS,spring,40,20.0,296.54025,0.14827013
RS_0066,RS,spring,41,20.5,305.52924,0.15276462
RS_0066,RS,spring,42,21.0,423.10422,0.21155211
RS_0066,RS,spring,43,21.5,795.5077,0.39775383
RS_0066,RS,spring,44,22.0,2434.1853,1.2170926
RS_0066,RS,spring,45,22.5,3378.363,1.6891816
RS_0066,RS,spring,46,23.0,3530.2522,1.7651261
RS_0066,RS,spring,47,23.5,2316.2546,1.1581273
RS_0067,RS,summer,0,0.0,125.04006,0.062520035
RS_0067,RS,summer,1,0.5,94.24884,0.04712442
RS_0067,RS,summer,2,1.0,69.51695,0.034758475
RS_0067,RS,summer,3,1.5,78.22229,0.039111145
RS_0067,RS,summer,4,2.0,675.42645,0.3377132
RS_0067,RS,summer,5,2.5,1959.8192,0.9799096
RS_0067,RS,summer,6,3.0,1578.041,0.7890205
RS_0067,RS,summer,7,3.5,511.53033,0.25576517
RS_0067,RS,summer,8,4.0,227.32857,0.113664284
RS_0067,RS,summer,9,4.5,149.27757,0.074638784
RS_0067,RS,summer,10,5.0,125.84025,0.06292012
RS_0067,RS,summer,11,5.5,104.907104,0.05245355
RS_0067,RS,summer,12,6.0,97.315155,0.048657577
RS_0067,RS,summer,13,6.5,116.92497,0.058462486
RS_0067,RS,summer,14,7.0,79.1423,0.03957115
RS_0067,RS,summer,15,7.5,106.753044,0.053376522
RS_0067,RS,summer,16,8.0,109.50592,0.05475296
RS_0067,RS,summer,17,8.5,125.753006,0.0628765
RS_0067,RS,summer,18,9.0,96.760025,0.048380014
RS_0067,RS,summer,19,9.5,73.69981,0.036849905
RS_0067,RS,summer,20,10.0,83.24042,0.04162021
RS_0067,RS,summer,21,10.5,94.85632,0.04742816
RS_0067,RS,summer,22,11.0,113.87861,0.056939304
RS_0067,RS,summer,23,11.5,103.40193,0.051700965
RS_0067,RS,summer,24,12.0,100.900345,0.050450172
RS_0067,RS,summer,25,12.5,109.91541,0.054957706
RS_0067,RS,summer,26,13.0,181.57733,0.09078866
RS_0067,RS,summer,27,13.5,321.9384,0.1609692
RS_0067,RS,summer,28,14.0,912.4636,0.4562318
RS_0067,RS,summer,29,14.5,293.12177,0.14656088
RS_0067,RS,summer,30,15.0,167.2071,0.08360355
RS_0067,RS,summer,31,15.5,120.79445,0.060397223
RS_0067,RS,summer,32,16.0,101.77049,0.050885245
RS_0067,RS,summer,33,16.5,96.79228,0.04839614
RS_0067,RS,summer,34,17.0,101.83627,0.050918136
RS_0067,RS,summer,35,17.5,91.097664,0.04554883
RS_0067,RS,summer,36,18.0,104.72224,0.05236112
RS_0067,RS,summer,37,18.5,100.499054,0.05024953
RS_0067,RS,summer,38,19.0,94.598656,0.04729933
RS_0067,RS,summer,39,19.5,148.43546,0.07421773
RS_0067,RS,summer,40,20.0,139.42795,0.06971397
RS_0067,RS,summer,41,20.5,139.92137,0.06996068
RS_0067,RS,summer,42,21.0,180.8064,0.0904032
RS_0067,RS,summer,43,21.5,148.6411,0.07432055
RS_0067,RS,summer,44,22.0,143.67049,0.07183524
RS_0067,RS,summer,45,22.5,109.68844,0.05484422
RS_0067,RS,summer,46,23.0,111.74656,0.05587328
RS_0067,RS,summer,47,23.5,132.4346,0.0662173
RS_0068,RS,summer,0,0.0,2493.28,1.24664
RS_0068,RS,summer,1,0.5,1085.4618,0.54273087
RS_0068,RS,summer,2,1.0,432.50122,0.21625061
RS_0068,RS,summer,3,1.5,178.86711,0.08943356
RS_0068,RS,summer,4,2.0,137.81627,0.06890813
RS_0068,RS,summer,5,2.5,134.83759,0.06741879
RS_0068,RS,summer,6,3.0,121.42796,0.06071398
RS_0068,RS,summer,7,3.5,131.6341,0.06581705
RS_0068,RS,summer,8,4.0,131.60501,0.06580251
RS_0068,RS,summer,9,4.5,130.22964,0.065114826
RS_0068,RS,summer,10,5.0,146.53667,0.07326833
RS_0068,RS,summer,11,5.5,152.28093,0.07614046
RS_0068,RS,summer,12,6.0,155.24525,0.07762263
RS_0068,RS,summer,13,6.5,156.96887,0.07848444
RS_0068,RS,summer,14,7.0,192.2288,0.096114404
RS_0068,RS,summer,15,7.5,121.261055,0.060630526
RS_0068,RS,summer,16,8.0,130.05824,0.06502912
RS_0068,RS,summer,17,8.5,140.2393,0.07011965
RS_0068,RS,summer,18,9.0,144.75838,0.07237919
RS_0068,RS,summer,19,9.5,128.99829,0.06449915
RS_0068,RS,summer,20,10.0,146.41388,0.07320694
RS_0068,RS,summer,21,10.5,133.82889,0.06691445
RS_0068,RS,summer,22,11.0,127.2475,0.06362375
RS_0068,RS,summer,23,11.5,183.43631,0.09171815
RS_0068,RS,summer,24,12.0,169.0995,0.084549755
RS_0068,RS,summer,25,12.5,179.92877,0.08996438
RS_0068,RS,summer,26,13.0,231.10078,0.11555039
RS_0068,RS,summer,27,13.5,195.78047,0.097890235
RS_0068,RS,summer,28,14.0,187.84431,0.09392216
RS_0068,RS,summer,29,14.5,207.7744,0.1038872
RS_0068,RS,summer,30,15.0,200.20325,0.10010162
RS_0068,RS,summer,31,15.5,160.1701,0.080085054
RS_0068,RS,summer,32,16.0,214.38887,0.10719444
RS_0068,RS,summer,33,16.5,209.09984,0.10454992
RS_0068,RS,summer,34,17.0,182.55124,0.09127562
RS_0068,RS,summer,35,17.5,235.27397,0.117636986
RS_0068,RS,summer,36,18.0,291.44193,0.14572096
RS_0068,RS,summer,37,18.5,272.26935,0.13613467
RS_0068,RS,summer,38,19.0,237.6905,0.118845254
RS_0068,RS,summer,39,19.5,286.53085,0.14326543
RS_0068,RS,summer,40,20.0,257.4881,0.12874405
RS_0068,RS,summer,41,20.5,237.70189,0.11885095
RS_0068,RS,summer,42,21.0,251.36601,0.12568301
RS_0068,RS,summer,43,21.5,205.73318,0.10286659
RS_0068,RS,summer,44,22.0,171.51556,0.085757785
RS_0068,RS,summer,45,22.5,134.48077,0.06724039
RS_0068,RS,summer,46,23.0,281.51096,0.14075547
RS_0068,RS,summer,47,23.5,1759.9084,0.8799542
RS_0069,RS,autumn,0,0.0,93.743004,0.046871502
RS_0069,RS,autumn,1,0.5,73.8447,0.03692235
RS_0069,RS,autumn,2,1.0,62.476246,0.031238124
RS_0069,RS,autumn,3,1.5,83.84349,0.041921746
RS_0069,RS,autumn,4,2.0,78.04404,0.039022017
RS_0069,RS,autumn,5,2.5,92.7139,0.04635695
RS_0069,RS,autumn,6,3.0,84.202774,0.042101387
RS_0069,RS,autumn,7,3.5,80.59381,0.040296905
RS_0069,RS,autumn,8,4.0,104.55968,0.052279837
RS_0069,RS,autumn,9,4.5,85.05697,0.042528484
RS_0069,RS,autumn,10,5.0,96.376526,0.04818826
RS_0069,RS,autumn,11,5.5,126.11011,0.06305505
RS_0069,RS,autumn,12,6.0,110.302864,0.055151433
RS_0069,RS,autumn,13,6.5,110.411026,0.055205513
RS_0069,RS,autumn,14,7.0,135.44293,0.067721464
RS_0069,RS,autumn,15,7.5,171.47205,0.08573602
RS_0069,RS,autumn,16,8.0,155.49324,0.07774662
RS_0069,RS,autumn,17,8.5,131.06221,0.065531105
RS_0069,RS,autumn,18,9.0,250.04146,0.12502073
RS_0069,RS,autumn,19,9.5,303.81894,0.15190947
RS_0069,RS,autumn,20,10.0,503.55756,0.25177878
RS_0069,RS,autumn,21,10.5,570.2522,0.2851261
RS_0069,RS,autumn,22,11.0,847.4968,0.4237484
RS_0069,RS,autumn,23,11.5,929.0607,0.46453038
RS_0069,RS,autumn,24,12.0,789.644,0.394822
RS_0069,RS,autumn,25,12.5,685.8107,0.34290537
RS_0069,RS,autumn,26,13.0,769.45795,0.38472897
RS_0069,RS,autumn,27,13.5,643.9381,0.32196906
RS_0069,RS,autumn,28,14.0,291.21902,0.14560951
RS_0069,RS,autumn,29,14.5,224.32405,0.112162024
RS_0069,RS,autumn,30,15.0,165.16699,0.082583494
RS_0069,RS,autumn,31,15.5,177.62999,0.088814996
RS_0069,RS,autumn,32,16.0,167.4985,0.08374925
RS_0069,RS,autumn,33,16.5,145.78864,0.07289432
RS_0069,RS,autumn,34,17.0,165.32776,0.08266388
RS_0069,RS,autumn,35,17.5,170.75377,0.08537688
RS_0069,RS,autumn,36,18.0,167.71599,0.08385799
RS_0069,RS,autumn,37,18.5,139.15881,0.06957941
RS_0069,RS,autumn,38,19.0,193.7966,0.0968983
RS_0069,RS,autumn,39,19.5,208.45905,0.104229525
RS_0069,RS,autumn,40,20.0,224.00174,0.11200087
RS_0069,RS,autumn,41,20.5,246.47632,0.12323816
RS_0069,RS,autumn,42,21.0,290.0648,0.14503239
RS_0069,RS,autumn,43,21.5,380.85672,0.19042836
RS_0069,RS,autumn,44,22.0,375.76962,0.18788481
RS_0069,RS,autumn,45,22.5,416.45642,0.20822822
RS_0069,RS,autumn,46,23.0,335.01068,0.16750534
RS_0069,RS,autumn,47,23.5,198.71973,0.09935986
RS_0070,RS,winter,0,0.0,156.26576,0.07813288
RS_0070,RS,winter,1,0.5,193.94305,0.09697153
RS_0070,RS,winter,2,1.0,214.59839,0.107299194
RS_0070,RS,winter,3,1.5,223.197,0.11159851
RS_0070,RS,winter,4,2.0,201.62617,0.10081309
RS_0070,RS,winter,5,2.5,200.87576,0.10043788
RS_0070,RS,winter,6,3.0,264.448,0.132224
RS_0070,RS,winter,7,3.5,185.93109,0.09296554
RS_0070,RS,winter,8,4.0,255.94498,0.12797248
RS_0070,RS,winter,9,4.5,237.47435,0.118737176
RS_0070,RS,winter,10,5.0,221.86829,0.110934146
RS_0070,RS,winter,11,5.5,191.21628,0.09560814
RS_0070,RS,winter,12,6.0,238.2946,0.1191473
RS_0070,RS,winter,13,6.5,256.38596,0.12819298
RS_0070,RS,winter,14,7.0,210.4955,0.10524775
RS_0070,RS,winter,15,7.5,174.14449,0.087072246
RS_0070,RS,winter,16,8.0,206.05914,0.10302957
RS_0070,RS,winter,17,8.5,304.69608,0.15234804
RS_0070,RS,winter,18,9.0,341.05774,0.17052887
RS_0070,RS,winter,19,9.5,366.2508,0.18312539
RS_0070,RS,winter,20,10.0,506.87827,0.25343913
RS_0070,RS,winter,21,10.5,582.52997,0.29126498
RS_0070,RS,winter,22,11.0,776.06665,0.38803333
RS_0070,RS,winter,23,11.5,735.89056,0.36794528
RS_0070,RS,winter,24,12.0,1201.5261,0.6007631
RS_0070,RS,winter,25,12.5,1622.5513,0.81127566
RS_0070,RS,winter,26,13.0,1580.2102,0.7901051
RS_0070,RS,winter,27,13.5,687.48004,0.34374002
RS_0070,RS,winter,28,14.0,636.1852,0.31809258
RS_0070,RS,winter,29,14.5,528.8677,0.26443383
RS_0070,RS,winter,30,15.0,490.93054,0.24546526
RS_0070,RS,winter,31,15.5,379.0879,0.18954395
RS_0070,RS,winter,32,16.0,439.58853,0.21979426
RS_0070,RS,winter,33,16.5,409.43777,0.20471889
RS_0070,RS,winter,34,17.0,490.21423,0.24510711
RS_0070,RS,winter,35,17.5,482.70728,0.24135363
RS_0070,RS,winter,36,18.0,559.1297,0.27956486
RS_0070,RS,winter,37,18.5,505.664,0.252832
RS_0070,RS,winter,38,19.0,502.8709,0.25143546
RS_0070,RS,winter,39,19.5,370.86377,0.18543188
RS_0070,RS,winter,40,20.0,362.75223,0.18137611
RS_0070,RS,winter,41,20.5,302.1429,0.15107146
RS_0070,RS,winter,42,21.0,264.30048,0.13215023
RS_0070,RS,winter,43,21.5,207.82547,0.10391273
RS_0070,RS,winter,44,22.0,189.43474,0.09471737
RS_0070,RS,winter,45,22.5,169.22324,0.08461162
RS_0070,RS,winter,46,23.0,128.43036,0.064215176
RS_0070,RS,winter,47,23.5,112.483505,0.056241754
RS_0071,RS,summer,0,0.0,156.71266,0.07835633
RS_0071,RS,summer,1,0.5,125.41342,0.06270671
RS_0071,RS,summer,2,1.0,127.79126,0.06389563
RS_0071,RS,summer,3,1.5,153.59999,0.076799996
RS_0071,RS,summer,4,2.0,122.02581,0.061012905
RS_0071,RS,summer,5,2.5,174.35365,0.08717683
RS_0071,RS,summer,6,3.0,161.45673,0.08072836
RS_0071,RS,summer,7,3.5,151.01044,0.07550522
RS_0071,RS,summer,8,4.0,207.5754,0.1037877
RS_0071,RS,summer,9,4.5,136.78683,0.06839342
RS_0071,RS,summer,10,5.0,148.317,0.0741585
RS_0071,RS,summer,11,5.5,186.16736,0.09308368
RS_0071,RS,summer,12,6.0,191.24406,0.09562203
RS_0071,RS,summer,13,6.5,185.83228,0.09291614
RS_0071,RS,summer,14,7.0,276.8606,0.1384303
RS_0071,RS,summer,15,7.5,393.75235,0.19687617
RS_0071,RS,summer,16,8.0,385.42133,0.19271067
RS_0071,RS,summer,17,8.5,317.65656,0.15882827
RS_0071,RS,summer,18,9.0,396.84045,0.19842023
RS_0071,RS,summer,19,9.5,412.03442,0.20601721
RS_0071,RS,summer,20,10.0,340.42206,0.17021103
RS_0071,RS,summer,21,10.5,288.1963,0.14409815
RS_0071,RS,summer,22,11.0,431.9084,0.2159542
RS_0071,RS,summer,23,11.5,434.56122,0.21728061
RS_0071,RS,summer,24,12.0,516.7449,0.25837243
RS_0071,RS,summer,25,12.5,319.0638,0.1595319
RS_0071,RS,summer,26,13.0,357.80023,0.17890012
RS_0071,RS,summer,27,13.5,366.94244,0.18347122
RS_0071,RS,summer,28,14.0,276.84244,0.13842122
RS_0071,RS,summer,29,14.5,246.40315,0.12320158
RS_0071,RS,summer,30,15.0,215.88078,0.10794039
RS_0071,RS,summer,31,15.5,241.47627,0.120738134
RS_0071,RS,summer,32,16.0,249.96748,0.12498374
RS_0071,RS,summer,33,16.5,209.67256,0.10483628
RS_0071,RS,summer,34,17.0,246.78261,0.1233913
RS_0071,RS,summer,35,17.5,281.87125,0.14093563
RS_0071,RS,summer,36,18.0,269.62943,0.13481471
RS_0071,RS,summer,37,18.5,300.72357,0.15036179
RS_0071,RS,summer,38,19.0,384.85532,0.19242766
RS_0071,RS,summer,39,19.5,351.3878,0.1756939
RS_0071,RS,summer,40,20.0,400.49243,0.20024621
RS_0071,RS,summer,41,20.5,324.06036,0.16203018
RS_0071,RS,summer,42,21.0,356.53384,0.17826693
RS_0071,RS,summer,43,21.5,422.67953,0.21133977
RS_0071,RS,summer,44,22.0,506.65744,0.2533287
RS_0071,RS,summer,45,22.5,521.1297,0.26056486
RS_0071,RS,summer,46,23.0,390.5099,0.19525494
RS_0071,RS,summer,47,23.5,259.44266,0.12972133
RS_0072,RS,summer,0,0.0,422.83777,0.21141888
RS_0072,RS,summer,1,0.5,458.80505,0.22940253
RS_0072,RS,summer,2,1.0,617.99884,0.30899942
RS_0072,RS,summer,3,1.5,583.1101,0.29155505
RS_0072,RS,summer,4,2.0,407.00604,0.20350303
RS_0072,RS,summer,5,2.5,221.44879,0.1107244
RS_0072,RS,summer,6,3.0,327.11246,0.16355623
RS_0072,RS,summer,7,3.5,259.14627,0.12957314
RS_0072,RS,summer,8,4.0,157.4711,0.07873555
RS_0072,RS,summer,9,4.5,232.50337,0.116251685
RS_0072,RS,summer,10,5.0,160.65085,0.080325425
RS_0072,RS,summer,11,5.5,173.04497,0.08652248
RS_0072,RS,summer,12,6.0,126.75171,0.06337585
RS_0072,RS,summer,13,6.5,180.78629,0.09039314
RS_0072,RS,summer,14,7.0,101.72605,0.050863024
RS_0072,RS,summer,15,7.5,113.54926,0.05677463
RS_0072,RS,summer,16,8.0,44.243336,0.022121668
RS_0072,RS,summer,17,8.5,51.94984,0.02597492
RS_0072,RS,summer,18,9.0,36.630856,0.018315427
RS_0072,RS,summer,19,9.5,50.836666,0.025418334
RS_0072,RS,summer,20,10.0,38.294136,0.019147068
RS_0072,RS,summer,21,10.5,39.222557,0.019611279
RS_0072,RS,summer,22,11.0,39.12027,0.019560134
RS_0072,RS,summer,23,11.5,55.734962,0.027867481
RS_0072,RS,summer,24,12.0,36.94052,0.018470261
RS_0072,RS,summer,25,12.5,70.91117,0.035455585
RS_0072,RS,summer,26,13.0,82.5525,0.04127625
RS_0072,RS,summer,27,13.5,66.54766,0.03327383
RS_0072,RS,summer,28,14.0,14.676315,0.007338158
RS_0072,RS,summer,29,14.5,19.123178,0.009561589
RS_0072,RS,summer,30,15.0,18.615007,0.009307504
RS_0072,RS,summer,31,15.5,18.360384,0.009180192
RS_0072,RS,summer,32,16.0,20.662312,0.010331156
RS_0072,RS,summer,33,16.5,21.369709,0.010684854
RS_0072,RS,summer,34,17.0,14.1187105,0.0070593553
RS_0072,RS,summer,35,17.5,19.866407,0.009933203
RS_0072,RS,summer,36,18.0,15.110825,0.007555412
RS_0072,RS,summer,37,18.5,14.596637,0.007298318
RS_0072,RS,summer,38,19.0,11.108434,0.005554217
RS_0072,RS,summer,39,19.5,16.949423,0.008474711
RS_0072,RS,summer,40,20.0,10.703052,0.0053515257
RS_0072,RS,summer,41,20.5,42.148357,0.02107418
RS_0072,RS,summer,42,21.0,225.15073,0.11257536
RS_0072,RS,summer,43,21.5,247.1675,0.12358375
RS_0072,RS,summer,44,22.0,492.6805,0.24634026
RS_0072,RS,summer,45,22.5,405.6538,0.2028269
RS_0072,RS,summer,46,23.0,313.0316,0.15651579
RS_0072,RS,summer,47,23.5,335.5217,0.16776085
RS_0073,RS,spring,0,0.0,311.32544,0.15566272
RS_0073,RS,spring,1,0.5,254.51596,0.12725797
RS_0073,RS,spring,2,1.0,248.92993,0.12446497
RS_0073,RS,spring,3,1.5,219.77695,0.10988847
RS_0073,RS,spring,4,2.0,235.86247,0.11793124
RS_0073,RS,spring,5,2.5,229.06989,0.114534944
RS_0073,RS,spring,6,3.0,291.87354,0.14593677
RS_0073,RS,spring,7,3.5,254.41412,0.12720706
RS_0073,RS,spring,8,4.0,252.75732,0.12637866
RS_0073,RS,spring,9,4.5,251.94766,0.12597384
RS_0073,RS,spring,10,5.0,219.36781,0.10968391
RS_0073,RS,spring,11,5.5,228.72589,0.11436295
RS_0073,RS,spring,12,6.0,242.06898,0.121034496
RS_0073,RS,spring,13,6.5,323.46988,0.16173494
RS_0073,RS,spring,14,7.0,458.56198,0.229281
RS_0073,RS,spring,15,7.5,410.17078,0.20508538
RS_0073,RS,spring,16,8.0,357.6661,0.17883305
RS_0073,RS,spring,17,8.5,318.79654,0.15939827
RS_0073,RS,spring,18,9.0,252.61482,0.12630741
RS_0073,RS,spring,19,9.5,219.98665,0.10999332
RS_0073,RS,spring,20,10.0,208.68408,0.10434204
RS_0073,RS,spring,21,10.5,202.98239,0.1014912
RS_0073,RS,spring,22,11.0,194.92854,0.09746427
RS_0073,RS,spring,23,11.5,119.250435,0.059625216
RS_0073,RS,spring,24,12.0,133.45485,0.06672742
RS_0073,RS,spring,25,12.5,76.758446,0.038379222
RS_0073,RS,spring,26,13.0,75.645065,0.037822533
RS_0073,RS,spring,27,13.5,48.93186,0.024465932
RS_0073,RS,spring,28,14.0,89.32004,0.04466002
RS_0073,RS,spring,29,14.5,86.64652,0.04332326
RS_0073,RS,spring,30,15.0,96.6172,0.0483086
RS_0073,RS,spring,31,15.5,122.73573,0.061367866
RS_0073,RS,spring,32,16.0,153.97708,0.07698854
RS_0073,RS,spring,33,16.5,168.7599,0.08437995
RS_0073,RS,spring,34,17.0,185.94518,0.092972584
RS_0073,RS,spring,35,17.5,197.28583,0.098642915
RS_0073,RS,spring,36,18.0,262.43665,0.13121833
RS_0073,RS,spring,37,18.5,297.36484,0.14868242
RS_0073,RS,spring,38,19.0,399.6779,0.19983894
RS_0073,RS,spring,39,19.5,455.40918,0.22770458
RS_0073,RS,spring,40,20.0,559.5147,0.27975735
RS_0073,RS,spring,41,20.5,524.6841,0.26234204
RS_0073,RS,spring,42,21.0,494.056,0.247028
RS_0073,RS,spring,43,21.5,518.0983,0.25904918
RS_0073,RS,spring,44,22.0,406.6624,0.2033312
RS_0073,RS,spring,45,22.5,373.07208,0.18653604
RS_0073,RS,spring,46,23.0,321.65823,0.16082911
RS_0073,RS,spring,47,23.5,303.8275,0.15191376
RS_0074,RS,spring,0,0.0,114.78386,0.05739193
RS_0074,RS,spring,1,0.5,91.7857,0.04589285
RS_0074,RS,spring,2,1.0,92.5305,0.046265252
RS_0074,RS,spring,3,1.5,82.79012,0.04139506
RS_0074,RS,spring,4,2.0,193.36684,0.09668342
RS_0074,RS,spring,5,2.5,137.13069,0.06856535
RS_0074,RS,spring,6,3.0,136.52664,0.06826332
RS_0074,RS,spring,7,3.5,85.40606,0.04270303
RS_0074,RS,spring,8,4.0,128.42918,0.064214595
RS_0074,RS,spring,9,4.5,123.53388,0.06176694
RS_0074,RS,spring,10,5.0,127.36264,0.06368132
RS_0074,RS,spring,11,5.5,134.75787,0.06737894
RS_0074,RS,spring,12,6.0,117.75102,0.058875512
RS_0074,RS,spring,13,6.5,125.663826,0.062831916
RS_0074,RS,spring,14,7.0,109.48131,0.054740652
RS_0074,RS,spring,15,7.5,135.099,0.0675495
RS_0074,RS,spring,16,8.0,164.72694,0.08236347
RS_0074,RS,spring,17,8.5,169.26219,0.08463109
RS_0074,RS,spring,18,9.0,159.22386,0.07961193
RS_0074,RS,spring,19,9.5,110.73887,0.055369433
RS_0074,RS,spring,20,10.0,223.65417,0.11182709
RS_0074,RS,spring,21,10.5,146.2099,0.07310495
RS_0074,RS,spring,22,11.0,167.95026,0.08397513
RS_0074,RS,spring,23,11.5,108.65066,0.054325327
RS_0074,RS,spring,24,12.0,184.61299,0.092306495
RS_0074,RS,spring,25,12.5,226.40413,0.113202065
RS_0074,RS,spring,26,13.0,322.45404,0.16122702
RS_0074,RS,spring,27,13.5,477.49042,0.23874521
RS_0074,RS,spring,28,14.0,341.13538,0.17056769
RS_0074,RS,spring,29,14.5,168.34232,0.08417116
RS_0074,RS,spring,30,15.0,127.60077,0.06380039
RS_0074,RS,spring,31,15.5,100.324196,0.0501621
RS_0074,RS,spring,32,16.0,111.8466,0.0559233
RS_0074,RS,spring,33,16.5,107.45373,0.053726863
RS_0074,RS,spring,34,17.0,94.73477,0.047367387
RS_0074,RS,spring,35,17.5,96.00605,0.048003025
RS_0074,RS,spring,36,18.0,148.02245,0.07401122
RS_0074,RS,spring,37,18.5,128.95372,0.06447686
RS_0074,RS,spring,38,19.0,205.39061,0.1026953
RS_0074,RS,spring,39,19.5,159.48245,0.079741225
RS_0074,RS,spring,40,20.0,262.25735,0.13112868
RS_0074,RS,spring,41,20.5,224.72539,0.11236269
RS_0074,RS,spring,42,21.0,255.60583,0.12780292
RS_0074,RS,spring,43,21.5,205.60133,0.10280067
RS_0074,RS,spring,44,22.0,149.70425,0.074852124
RS_0074,RS,spring,45,22.5,108.74534,0.05437267
RS_0074,RS,spring,46,23.0,97.95692,0.04897846
RS_0074,RS,spring,47,23.5,85.51061,0.042755306
RS_0075,RS,spring,0,0.0,202.14374,0.10107187
RS_0075,RS,spring,1,0.5,172.35634,0.08617817
RS_0075,RS,spring,2,1.0,174.83066,0.08741533
RS_0075,RS,spring,3,1.5,197.95154,0.09897577
RS_0075,RS,spring,4,2.0,231.49013,0.11574506
RS_0075,RS,spring,5,2.5,167.24673,0.083623365
RS_0075,RS,spring,6,3.0,194.97012,0.09748506
RS_0075,RS,spring,7,3.5,185.3542,0.0926771
RS_0075,RS,spring,8,4.0,156.81361,0.0784068
RS_0075,RS,spring,9,4.5,163.72911,0.08186456
RS_0075,RS,spring,10,5.0,160.97368,0.08048684
RS_0075,RS,spring,11,5.5,177.43631,0.08871815
RS_0075,RS,spring,12,6.0,270.8719,0.13543594
RS_0075,RS,spring,13,6.5,702.4853,0.35124263
RS_0075,RS,spring,14,7.0,1264.0791,0.63203955
RS_0075,RS,spring,15,7.5,1039.7458,0.5198729
RS_0075,RS,spring,16,8.0,487.3004,0.24365021
RS_0075,RS,spring,17,8.5,261.65286,0.13082643
RS_0075,RS,spring,18,9.0,158.85031,0.079425156
RS_0075,RS,spring,19,9.5,116.38812,0.05819406
RS_0075,RS,spring,20,10.0,99.859314,0.049929656
RS_0075,RS,spring,21,10.5,98.22776,0.04911388
RS_0075,RS,spring,22,11.0,91.35871,0.045679357
RS_0075,RS,spring,23,11.5,116.68349,0.058341745
RS_0075,RS,spring,24,12.0,106.015594,0.053007796
RS_0075,RS,spring,25,12.5,119.227615,0.05961381
RS_0075,RS,spring,26,13.0,106.52449,0.053262245
RS_0075,RS,spring,27,13.5,88.120575,0.044060286
RS_0075,RS,spring,28,14.0,73.66455,0.036832277
RS_0075,RS,spring,29,14.5,77.8742,0.0389371
RS_0075,RS,spring,30,15.0,76.6353,0.03831765
RS_0075,RS,spring,31,15.5,89.29131,0.044645656
RS_0075,RS,spring,32,16.0,104.86268,0.052431338
RS_0075,RS,spring,33,16.5,121.6896,0.060844798
RS_0075,RS,spring,34,17.0,132.57816,0.066289075
RS_0075,RS,spring,35,17.5,139.08191,0.069540955
RS_0075,RS,spring,36,18.0,164.30116,0.08215058
RS_0075,RS,spring,37,18.5,238.00815,0.11900407
RS_0075,RS,spring,38,19.0,410.2235,0.20511176
RS_0075,RS,spring,39,19.5,528.8098,0.2644049
RS_0075,RS,spring,40,20.0,577.65326,0.28882664
RS_0075,RS,spring,41,20.5,581.7839,0.29089195
RS_0075,RS,spring,42,21.0,591.5604,0.2957802
RS_0075,RS,spring,43,21.5,492.1603,0.24608016
RS_0075,RS,spring,44,22.0,367.8672,0.1839336
RS_0075,RS,spring,45,22.5,388.18918,0.19409458
RS_0075,RS,spring,46,23.0,294.74933,0.14737466
RS_0075,RS,spring,47,23.5,222.60213,0.111301064
RS_0076,RS,winter,0,0.0,2208.0278,1.1040139
RS_0076,RS,winter,1,0.5,2382.193,1.1910965
RS_0076,RS,winter,2,1.0,2405.0686,1.2025343
RS_0076,RS,winter,3,1.5,2194.1926,1.0970963
RS_0076,RS,winter,4,2.0,1987.4229,0.9937114
RS_0076,RS,winter,5,2.5,2124.1492,1.0620745
RS_0076,RS,winter,6,3.0,2159.7666,1.0798833
RS_0076,RS,winter,7,3.5,2390.9421,1.195471
RS_0076,RS,winter,8,4.0,2296.7202,1.1483601
RS_0076,RS,winter,9,4.5,2351.733,1.1758665
RS_0076,RS,winter,10,5.0,2417.2102,1.208605
RS_0076,RS,winter,11,5.5,2491.8484,1.2459242
RS_0076,RS,winter,12,6.0,2218.2078,1.1091039
RS_0076,RS,winter,13,6.5,2187.8333,1.0939167
RS_0076,RS,winter,14,7.0,2328.672,1.1643361
RS_0076,RS,winter,15,7.5,2264.2253,1.1321126
RS_0076,RS,winter,16,8.0,2066.5537,1.0332768
RS_0076,RS,winter,17,8.5,2319.8242,1.1599121
RS_0076,RS,winter,18,9.0,2200.7383,1.1003691
RS_0076,RS,winter,19,9.5,2214.5134,1.1072568
RS_0076,RS,winter,20,10.0,1922.0852,0.9610426
RS_0076,RS,winter,21,10.5,1945.9187,0.97295934
RS_0076,RS,winter,22,11.0,1997.4272,0.9987136
RS_0076,RS,winter,23,11.5,2139.951,1.0699755
RS_0076,RS,winter,24,12.0,1999.1204,0.9995602
RS_0076,RS,winter,25,12.5,1875.4912,0.93774563
RS_0076,RS,winter,26,13.0,1821.8584,0.9109292
RS_0076,RS,winter,27,13.5,1880.5563,0.9402781
RS_0076,RS,winter,28,14.0,1885.9535,0.9429768
RS_0076,RS,winter,29,14.5,1785.2888,0.8926444
RS_0076,RS,winter,30,15.0,1905.8854,0.95294267
RS_0076,RS,winter,31,15.5,2050.1108,1.0250554
RS_0076,RS,winter,32,16.0,1891.2732,0.9456366
RS_0076,RS,winter,33,16.5,2044.3767,1.0221883
RS_0076,RS,winter,34,17.0,2039.0857,1.0195428
RS_0076,RS,winter,35,17.5,2209.6316,1.1048158
RS_0076,RS,winter,36,18.0,2033.5687,1.0167843
RS_0076,RS,winter,37,18.5,2185.7178,1.0928589
RS_0076,RS,winter,38,19.0,2239.4622,1.1197311
RS_0076,RS,winter,39,19.5,2305.8518,1.1529258
RS_0076,RS,winter,40,20.0,2115.5369,1.0577685
RS_0076,RS,winter,41,20.5,2047.6125,1.0238063
RS_0076,RS,winter,42,21.0,2175.6682,1.0878341
RS_0076,RS,winter,43,21.5,2175.1826,1.0875913
RS_0076,RS,winter,44,22.0,2083.055,1.0415275
RS_0076,RS,winter,45,22.5,2213.3315,1.1066657
RS_0076,RS,winter,46,23.0,2501.8057,1.2509029
RS_0076,RS,winter,47,23.5,2549.6921,1.2748461
RS_0077,RS,winter,0,0.0,209.3019,0.104650944
RS_0077,RS,winter,1,0.5,244.10486,0.12205243
RS_0077,RS,winter,2,1.0,218.15266,0.10907633
RS_0077,RS,winter,3,1.5,214.49315,0.10724658
RS_0077,RS,winter,4,2.0,256.78378,0.12839189
RS_0077,RS,winter,5,2.5,160.13277,0.08006638
RS_0077,RS,winter,6,3.0,137.11238,0.06855619
RS_0077,RS,winter,7,3.5,151.81255,0.07590627
RS_0077,RS,winter,8,4.0,172.65823,0.08632912
RS_0077,RS,winter,9,4.5,193.30243,0.09665121
RS_0077,RS,winter,10,5.0,161.76433,0.08088216
RS_0077,RS,winter,11,5.5,151.44931,0.075724654
RS_0077,RS,winter,12,6.0,122.55532,0.06127766
RS_0077,RS,winter,13,6.5,143.49759,0.07174879
RS_0077,RS,winter,14,7.0,105.58029,0.052790146
RS_0077,RS,winter,15,7.5,130.79196,0.06539598
RS_0077,RS,winter,16,8.0,171.43948,0.08571974
RS_0077,RS,winter,17,8.5,245.3316,0.1226658
RS_0077,RS,winter,18,9.0,235.76434,0.11788217
RS_0077,RS,winter,19,9.5,180.18968,0.09009484
RS_0077,RS,winter,20,10.0,222.23267,0.111116335
RS_0077,RS,winter,21,10.5,181.72043,0.09086022
RS_0077,RS,winter,22,11.0,141.40172,0.07070086
RS_0077,RS,winter,23,11.5,186.31396,0.093156986
RS_0077,RS,winter,24,12.0,256.83786,0.12841894
RS_0077,RS,winter,25,12.5,544.3797,0.27218986
RS_0077,RS,winter,26,13.0,344.1012,0.1720506
RS_0077,RS,winter,27,13.5,241.04297,0.120521486
RS_0077,RS,winter,28,14.0,161.8894,0.0809447
RS_0077,RS,winter,29,14.5,154.84613,0.077423066
RS_0077,RS,winter,30,15.0,131.35031,0.065675154
RS_0077,RS,winter,31,15.5,114.674706,0.05733735
RS_0077,RS,winter,32,16.0,136.22609,0.068113044
RS_0077,RS,winter,33,16.5,146.32414,0.07316207
RS_0077,RS,winter,34,17.0,173.3819,0.08669095
RS_0077,RS,winter,35,17.5,140.79468,0.07039734
RS_0077,RS,winter,36,18.0,222.79092,0.11139546
RS_0077,RS,winter,37,18.5,209.92697,0.10496349
RS_0077,RS,winter,38,19.0,229.45407,0.114727035
RS_0077,RS,winter,39,19.5,193.33865,0.096669324
RS_0077,RS,winter,40,20.0,255.17133,0.12758566
RS_0077,RS,winter,41,20.5,372.2231,0.18611155
RS_0077,RS,winter,42,21.0,424.71133,0.21235567
RS_0077,RS,winter,43,21.5,471.3603,0.23568015
RS_0077,RS,winter,44,22.0,547.78766,0.27389383
RS_0077,RS,winter,45,22.5,419.5583,0.20977914
RS_0077,RS,winter,46,23.0,325.0346,0.16251731
RS_0077,RS,winter,47,23.5,260.78473,0.13039236
RS_0078,RS,winter,0,0.0,2831.7283,1.4158641
RS_0078,RS,winter,1,0.5,2890.606,1.445303
RS_0078,RS,winter,2,1.0,2279.3577,1.1396788
RS_0078,RS,winter,3,1.5,2397.7417,1.1988709
RS_0078,RS,winter,4,2.0,2117.435,1.0587175
RS_0078,RS,winter,5,2.5,2199.2595,1.0996298
RS_0078,RS,winter,6,3.0,1823.5228,0.9117614
RS_0078,RS,winter,7,3.5,1281.1143,0.6405571
RS_0078,RS,winter,8,4.0,1072.0046,0.53600234
RS_0078,RS,winter,9,4.5,889.95593,0.44497797
RS_0078,RS,winter,10,5.0,785.2846,0.3926423
RS_0078,RS,winter,11,5.5,718.30725,0.35915363
RS_0078,RS,winter,12,6.0,544.19635,0.27209818
RS_0078,RS,winter,13,6.5,486.28467,0.24314234
RS_0078,RS,winter,14,7.0,345.47882,0.17273942
RS_0078,RS,winter,15,7.5,351.7617,0.17588085
RS_0078,RS,winter,16,8.0,349.2958,0.1746479
RS_0078,RS,winter,17,8.5,368.4627,0.18423136
RS_0078,RS,winter,18,9.0,334.51102,0.1672555
RS_0078,RS,winter,19,9.5,347.3621,0.17368105
RS_0078,RS,winter,20,10.0,379.4077,0.18970385
RS_0078,RS,winter,21,10.5,436.01102,0.21800551
RS_0078,RS,winter,22,11.0,424.7016,0.2123508
RS_0078,RS,winter,23,11.5,395.80225,0.19790113
RS_0078,RS,winter,24,12.0,439.60345,0.21980172
RS_0078,RS,winter,25,12.5,540.8241,0.27041206
RS_0078,RS,winter,26,13.0,503.83792,0.25191897
RS_0078,RS,winter,27,13.5,580.2237,0.29011184
RS_0078,RS,winter,28,14.0,762.55945,0.38127974
RS_0078,RS,winter,29,14.5,697.73035,0.34886518
RS_0078,RS,winter,30,15.0,574.73096,0.28736547
RS_0078,RS,winter,31,15.5,562.27606,0.28113803
RS_0078,RS,winter,32,16.0,614.43066,0.30721533
RS_0078,RS,winter,33,16.5,622.788,0.311394
RS_0078,RS,winter,34,17.0,608.10815,0.30405408
RS_0078,RS,winter,35,17.5,577.7452,0.2888726
RS_0078,RS,winter,36,18.0,634.0504,0.3170252
RS_0078,RS,winter,37,18.5,640.1788,0.3200894
RS_0078,RS,winter,38,19.0,685.64307,0.34282154
RS_0078,RS,winter,39,19.5,606.93506,0.30346754
RS_0078,RS,winter,40,20.0,607.1032,0.3035516
RS_0078,RS,winter,41,20.5,563.57806,0.28178903
RS_0078,RS,winter,42,21.0,550.34265,0.27517134
RS_0078,RS,winter,43,21.5,546.90936,0.2734547
RS_0078,RS,winter,44,22.0,589.2758,0.29463792
RS_0078,RS,winter,45,22.5,924.5442,0.4622721
RS_0078,RS,winter,46,23.0,1779.0537,0.88952684
RS_0078,RS,winter,47,23.5,3260.321,1.6301606
RS_0079,RS,summer,0,0.0,196.36366,0.09818183
RS_0079,RS,summer,1,0.5,161.11469,0.08055734
RS_0079,RS,summer,2,1.0,147.24893,0.07362447
RS_0079,RS,summer,3,1.5,189.20314,0.09460157
RS_0079,RS,summer,4,2.0,192.38182,0.09619091
RS_0079,RS,summer,5,2.5,189.53302,0.09476651
RS_0079,RS,summer,6,3.0,207.19154,0.10359577
RS_0079,RS,summer,7,3.5,193.51157,0.09675578
RS_0079,RS,summer,8,4.0,229.62039,0.1148102
RS_0079,RS,summer,9,4.5,172.67555,0.086337775
RS_0079,RS,summer,10,5.0,213.27863,0.10663931
RS_0079,RS,summer,11,5.5,192.85193,0.096425965
RS_0079,RS,summer,12,6.0,251.1281,0.12556405
RS_0079,RS,summer,13,6.5,224.59938,0.11229969
RS_0079,RS,summer,14,7.0,231.42972,0.115714855
RS_0079,RS,summer,15,7.5,206.14397,0.10307198
RS_0079,RS,summer,16,8.0,234.07793,0.117038965
RS_0079,RS,summer,17,8.5,193.36238,0.09668119
RS_0079,RS,summer,18,9.0,315.86392,0.15793195
RS_0079,RS,summer,19,9.5,460.70837,0.23035419
RS_0079,RS,summer,20,10.0,799.7977,0.39989886
RS_0079,RS,summer,21,10.5,1060.8184,0.53040916
RS_0079,RS,summer,22,11.0,1282.542,0.641271
RS_0079,RS,summer,23,11.5,1507.4143,0.7537072
RS_0079,RS,summer,24,12.0,1117.7092,0.55885464
RS_0079,RS,summer,25,12.5,795.289,0.3976445
RS_0079,RS,summer,26,13.0,721.2038,0.3606019
RS_0079,RS,summer,27,13.5,646.3481,0.32317403
RS_0079,RS,summer,28,14.0,476.64423,0.23832211
RS_0079,RS,summer,29,14.5,368.0771,0.18403855
RS_0079,RS,summer,30,15.0,309.499,0.1547495
RS_0079,RS,summer,31,15.5,297.1636,0.1485818
RS_0079,RS,summer,32,16.0,277.55414,0.13877706
RS_0079,RS,summer,33,16.5,249.2697,0.12463485
RS_0079,RS,summer,34,17.0,295.9887,0.14799435
RS_0079,RS,summer,35,17.5,271.36288,0.13568144
RS_0079,RS,summer,36,18.0,275.51257,0.13775629
RS_0079,RS,summer,37,18.5,303.25797,0.15162899
RS_0079,RS,summer,38,19.0,360.837,0.1804185
RS_0079,RS,summer,39,19.5,345.66525,0.17283262
RS_0079,RS,summer,40,20.0,332.89044,0.16644523
RS_0079,RS,summer,41,20.5,273.1038,0.1365519
RS_0079,RS,summer,42,21.0,331.49628,0.16574813
RS_0079,RS,summer,43,21.5,351.94257,0.17597128
RS_0079,RS,summer,44,22.0,309.3193,0.15465966
RS_0079,RS,summer,45,22.5,267.57306,0.13378653
RS_0079,RS,summer,46,23.0,282.3697,0.14118485
RS_0079,RS,summer,47,23.5,243.75168,0.12187584
RS_0080,RS,summer,0,0.0,26.45336,0.0132266795
RS_0080,RS,summer,1,0.5,31.177517,0.0155887585
RS_0080,RS,summer,2,1.0,25.804485,0.012902243
RS_0080,RS,summer,3,1.5,30.469204,0.015234602
RS_0080,RS,summer,4,2.0,67.805534,0.033902768
RS_0080,RS,summer,5,2.5,61.800148,0.030900074
RS_0080,RS,summer,6,3.0,72.94231,0.036471155
RS_0080,RS,summer,7,3.5,36.253445,0.018126722
RS_0080,RS,summer,8,4.0,37.99798,0.01899899
RS_0080,RS,summer,9,4.5,29.462248,0.014731124
RS_0080,RS,summer,10,5.0,36.718784,0.018359393
RS_0080,RS,summer,11,5.5,53.15486,0.02657743
RS_0080,RS,summer,12,6.0,76.86564,0.038432818
RS_0080,RS,summer,13,6.5,87.63363,0.043816816
RS_0080,RS,summer,14,7.0,63.06143,0.031530716
RS_0080,RS,summer,15,7.5,42.330097,0.021165049
RS_0080,RS,summer,16,8.0,35.099995,0.017549997
RS_0080,RS,summer,17,8.5,26.526222,0.013263111
RS_0080,RS,summer,18,9.0,20.255848,0.010127924
RS_0080,RS,summer,19,9.5,21.687979,0.010843989
RS_0080,RS,summer,20,10.0,20.71697,0.010358485
RS_0080,RS,summer,21,10.5,19.264748,0.009632374
RS_0080,RS,summer,22,11.0,21.388538,0.010694269
RS_0080,RS,summer,23,11.5,16.051243,0.008025621
RS_0080,RS,summer,24,12.0,17.565012,0.008782506
RS_0080,RS,summer,25,12.5,16.849485,0.008424743
RS_0080,RS,summer,26,13.0,29.445541,0.014722771
RS_0080,RS,summer,27,13.5,25.556055,0.012778028
RS_0080,RS,summer,28,14.0,18.869755,0.009434877
RS_0080,RS,summer,29,14.5,20.931156,0.010465578
RS_0080,RS,summer,30,15.0,20.179432,0.010089716
RS_0080,RS,summer,31,15.5,19.35222,0.00967611
RS_0080,RS,summer,32,16.0,20.467339,0.01023367
RS_0080,RS,summer,33,16.5,29.139448,0.014569724
RS_0080,RS,summer,34,17.0,15.336798,0.007668399
RS_0080,RS,summer,35,17.5,26.215729,0.013107864
RS_0080,RS,summer,36,18.0,33.69044,0.01684522
RS_0080,RS,summer,37,18.5,31.300282,0.01565014
RS_0080,RS,summer,38,19.0,25.12403,0.012562014
RS_0080,RS,summer,39,19.5,19.68918,0.00984459
RS_0080,RS,summer,40,20.0,25.383623,0.012691812
RS_0080,RS,summer,41,20.5,20.514769,0.010257385
RS_0080,RS,summer,42,21.0,24.05973,0.012029865
RS_0080,RS,summer,43,21.5,17.840097,0.008920048
RS_0080,RS,summer,44,22.0,19.244705,0.009622352
RS_0080,RS,summer,45,22.5,17.728886,0.008864443
RS_0080,RS,summer,46,23.0,16.047764,0.008023882
RS_0080,RS,summer,47,23.5,14.571379,0.0072856895
RS_0081,RS,autumn,0,0.0,344.07062,0.1720353
RS_0081,RS,autumn,1,0.5,362.23917,0.18111958
RS_0081,RS,autumn,2,1.0,379.83643,0.18991822
RS_0081,RS,autumn,3,1.5,394.44867,0.19722433
RS_0081,RS,autumn,4,2.0,525.3899,0.26269495
RS_0081,RS,autumn,5,2.5,445.5769,0.22278845
RS_0081,RS,autumn,6,3.0,558.74286,0.27937144
RS_0081,RS,autumn,7,3.5,617.8483,0.30892417
RS_0081,RS,autumn,8,4.0,710.7085,0.35535425
RS_0081,RS,autumn,9,4.5,766.9685,0.38348424
RS_0081,RS,autumn,10,5.0,968.97125,0.48448563
RS_0081,RS,autumn,11,5.5,1376.3422,0.6881711
RS_0081,RS,autumn,12,6.0,2189.6772,1.0948386
RS_0081,RS,autumn,13,6.5,2178.7615,1.0893807
RS_0081,RS,autumn,14,7.0,2339.4727,1.1697364
RS_0081,RS,autumn,15,7.5,2331.0862,1.1655431
RS_0081,RS,autumn,16,8.0,1947.3414,0.9736707
RS_0081,RS,autumn,17,8.5,1727.6636,0.86383176
RS_0081,RS,autumn,18,9.0,1389.2546,0.69462734
RS_0081,RS,autumn,19,9.5,1362.1509,0.68107545
RS_0081,RS,autumn,20,10.0,1389.6691,0.69483453
RS_0081,RS,autumn,21,10.5,1154.2368,0.5771184
RS_0081,RS,autumn,22,11.0,931.4124,0.4657062
RS_0081,RS,autumn,23,11.5,870.2034,0.43510172
RS_0081,RS,autumn,24,12.0,760.12317,0.3800616
RS_0081,RS,autumn,25,12.5,709.8833,0.35494164
RS_0081,RS,autumn,26,13.0,630.29755,0.31514877
RS_0081,RS,autumn,27,13.5,642.11456,0.3210573
RS_0081,RS,autumn,28,14.0,681.8021,0.34090108
RS_0081,RS,autumn,29,14.5,616.7822,0.30839112
RS_0081,RS,autumn,30,15.0,672.0665,0.33603325
RS_0081,RS,autumn,31,15.5,881.819,0.44090948
RS_0081,RS,autumn,32,16.0,1114.5339,0.55726695
RS_0081,RS,autumn,33,16.5,1173.0778,0.58653885
RS_0081,RS,autumn,34,17.0,1216.8452,0.60842264
RS_0081,RS,autumn,35,17.5,1695.2502,0.84762514
RS_0081,RS,autumn,36,18.0,1761.8264,0.8809132
RS_0081,RS,autumn,37,18.5,2328.2322,1.1641161
RS_0081,RS,autumn,38,19.0,2401.3313,1.2006656
RS_0081,RS,autumn,39,19.5,2293.5417,1.1467708
RS_0081,RS,autumn,40,20.0,2134.2212,1.0671105
RS_0081,RS,autumn,41,20.5,2046.1497,1.0230749
RS_0081,RS,autumn,42,21.0,1827.674,0.91383696
RS_0081,RS,autumn,43,21.5,1373.2549,0.68662745
RS_0081,RS,autumn,44,22.0,988.3838,0.49419188
RS_0081,RS,autumn,45,22.5,866.55,0.43327498
RS_0081,RS,autumn,46,23.0,500.86246,0.25043124
RS_0081,RS,autumn,47,23.5,427.6535,0.21382675
RS_0082,RS,summer,0,0.0,619.3229,0.30966145
RS_0082,RS,summer,1,0.5,509.3165,0.25465825
RS_0082,RS,summer,2,1.0,508.9018,0.2544509
RS_0082,RS,summer,3,1.5,577.5117,0.28875586
RS_0082,RS,summer,4,2.0,573.10474,0.28655237
RS_0082,RS,summer,5,2.5,594.7573,0.29737866
RS_0082,RS,summer,6,3.0,624.0138,0.3120069
RS_0082,RS,summer,7,3.5,625.6497,0.31282485
RS_0082,RS,summer,8,4.0,663.25256,0.3316263
RS_0082,RS,summer,9,4.5,579.2434,0.2896217
RS_0082,RS,summer,10,5.0,636.4742,0.3182371
RS_0082,RS,summer,11,5.5,662.91187,0.33145595
RS_0082,RS,summer,12,6.0,598.7412,0.29937062
RS_0082,RS,summer,13,6.5,553.4285,0.27671427
RS_0082,RS,summer,14,7.0,566.89667,0.28344834
RS_0082,RS,summer,15,7.5,575.77563,0.2878878
RS_0082,RS,summer,16,8.0,521.86017,0.2609301
RS_0082,RS,summer,17,8.5,478.30222,0.2391511
RS_0082,RS,summer,18,9.0,543.16473,0.27158237
RS_0082,RS,summer,19,9.5,623.23016,0.31161508
RS_0082,RS,summer,20,10.0,587.96735,0.29398367
RS_0082,RS,summer,21,10.5,614.2341,0.30711704
RS_0082,RS,summer,22,11.0,782.43994,0.39121997
RS_0082,RS,summer,23,11.5,800.73267,0.40036634
RS_0082,RS,summer,24,12.0,826.14056,0.4130703
RS_0082,RS,summer,25,12.5,873.51526,0.43675762
RS_0082,RS,summer,26,13.0,984.62524,0.4923126
RS_0082,RS,summer,27,13.5,1064.402,0.532201
RS_0082,RS,summer,28,14.0,1100.5511,0.55027556
RS_0082,RS,summer,29,14.5,1116.174,0.558087
RS_0082,RS,summer,30,15.0,1042.2186,0.52110934
RS_0082,RS,summer,31,15.5,1069.028,0.53451395
RS_0082,RS,summer,32,16.0,1037.9589,0.51897943
RS_0082,RS,summer,33,16.5,935.71277,0.46785638
RS_0082,RS,summer,34,17.0,1027.9318,0.5139659
RS_0082,RS,summer,35,17.5,988.63104,0.49431553
RS_0082,RS,summer,36,18.0,1089.8337,0.54491687
RS_0082,RS,summer,37,18.5,995.09906,0.49754953
RS_0082,RS,summer,38,19.0,1099.678,0.54983896
RS_0082,RS,summer,39,19.5,1054.684,0.52734196
RS_0082,RS,summer,40,20.0,1025.2921,0.5126461
RS_0082,RS,summer,41,20.5,979.7963,0.48989818
RS_0082,RS,summer,42,21.0,895.36395,0.44768196
RS_0082,RS,summer,43,21.5,932.40265,0.46620134
RS_0082,RS,summer,44,22.0,987.4063,0.49370316
RS_0082,RS,summer,45,22.5,1032.0038,0.5160019
RS_0082,RS,summer,46,23.0,849.2185,0.42460924
RS_0082,RS,summer,47,23.5,797.3915,0.39869574
RS_0083,RS,winter,0,0.0,106.13691,0.053068455
RS_0083,RS,winter,1,0.5,103.06932,0.05153466
RS_0083,RS,winter,2,1.0,100.53783,0.050268915
RS_0083,RS,winter,3,1.5,94.831924,0.04741596
RS_0083,RS,winter,4,2.0,92.72918,0.04636459
RS_0083,RS,winter,5,2.5,87.71638,0.04385819
RS_0083,RS,winter,6,3.0,117.933945,0.058966972
RS_0083,RS,winter,7,3.5,87.82525,0.043912623
RS_0083,RS,winter,8,4.0,87.29103,0.043645516
RS_0083,RS,winter,9,4.5,82.88387,0.041441936
RS_0083,RS,winter,10,5.0,88.7725,0.04438625
RS_0083,RS,winter,11,5.5,70.76771,0.035383854
RS_0083,RS,winter,12,6.0,103.251396,0.0516257
RS_0083,RS,winter,13,6.5,86.340294,0.043170147
RS_0083,RS,winter,14,7.0,100.09636,0.05004818
RS_0083,RS,winter,15,7.5,80.34713,0.040173564
RS_0083,RS,winter,16,8.0,83.03276,0.04151638
RS_0083,RS,winter,17,8.5,165.56078,0.08278039
RS_0083,RS,winter,18,9.0,346.63925,0.17331962
RS_0083,RS,winter,19,9.5,323.13724,0.16156861
RS_0083,RS,winter,20,10.0,542.17676,0.2710884
RS_0083,RS,winter,21,10.5,623.67444,0.31183723
RS_0083,RS,winter,22,11.0,589.3425,0.29467127
RS_0083,RS,winter,23,11.5,458.17932,0.22908966
RS_0083,RS,winter,24,12.0,350.3566,0.1751783
RS_0083,RS,winter,25,12.5,185.93083,0.09296542
RS_0083,RS,winter,26,13.0,131.53662,0.06576831
RS_0083,RS,winter,27,13.5,99.54383,0.049771916
RS_0083,RS,winter,28,14.0,109.55678,0.05477839
RS_0083,RS,winter,29,14.5,117.97229,0.058986146
RS_0083,RS,winter,30,15.0,125.52909,0.06276455
RS_0083,RS,winter,31,15.5,110.68485,0.055342425
RS_0083,RS,winter,32,16.0,140.71768,0.07035884
RS_0083,RS,winter,33,16.5,175.12334,0.08756167
RS_0083,RS,winter,34,17.0,306.69568,0.15334783
RS_0083,RS,winter,35,17.5,291.6707,0.14583534
RS_0083,RS,winter,36,18.0,651.91956,0.32595977
RS_0083,RS,winter,37,18.5,562.189,0.28109452
RS_0083,RS,winter,38,19.0,614.0264,0.3070132
RS_0083,RS,winter,39,19.5,461.52942,0.23076472
RS_0083,RS,winter,40,20.0,363.21008,0.18160504
RS_0083,RS,winter,41,20.5,263.53683,0.13176842
RS_0083,RS,winter,42,21.0,243.46149,0.121730745
RS_0083,RS,winter,43,21.5,208.86833,0.10443416
RS_0083,RS,winter,44,22.0,180.10165,0.090050824
RS_0083,RS,winter,45,22.5,161.55142,0.08077571
RS_0083,RS,winter,46,23.0,148.14323,0.074071616
RS_0083,RS,winter,47,23.5,126.35521,0.06317761
RS_0084,RS,autumn,0,0.0,392.48215,0.19624108
RS_0084,RS,autumn,1,0.5,511.52887,0.25576442
RS_0084,RS,autumn,2,1.0,973.07086,0.48653543
RS_0084,RS,autumn,3,1.5,1087.0695,0.54353476
RS_0084,RS,autumn,4,2.0,672.47296,0.33623648
RS_0084,RS,autumn,5,2.5,440.194,0.220097
RS_0084,RS,autumn,6,3.0,411.5701,0.20578505
RS_0084,RS,autumn,7,3.5,389.70105,0.19485052
RS_0084,RS,autumn,8,4.0,360.56607,0.18028304
RS_0084,RS,autumn,9,4.5,355.0856,0.1775428
RS_0084,RS,autumn,10,5.0,358.084,0.17904201
RS_0084,RS,autumn,11,5.5,386.67834,0.19333917
RS_0084,RS,autumn,12,6.0,340.94293,0.17047146
RS_0084,RS,autumn,13,6.5,382.70862,0.1913543
RS_0084,RS,autumn,14,7.0,357.48077,0.17874038
RS_0084,RS,autumn,15,7.5,370.65353,0.18532677
RS_0084,RS,autumn,16,8.0,324.5454,0.1622727
RS_0084,RS,autumn,17,8.5,315.5809,0.15779045
RS_0084,RS,autumn,18,9.0,278.94055,0.13947028
RS_0084,RS,autumn,19,9.5,284.40173,0.14220087
RS_0084,RS,autumn,20,10.0,288.0678,0.14403391
RS_0084,RS,autumn,21,10.5,261.98645,0.13099323
RS_0084,RS,autumn,22,11.0,295.18585,0.14759293
RS_0084,RS,autumn,23,11.5,317.57178,0.1587859
RS_0084,RS,autumn,24,12.0,429.51038,0.21475519
RS_0084,RS,autumn,25,12.5,493.9184,0.2469592
RS_0084,RS,autumn,26,13.0,394.54468,0.19727235
RS_0084,RS,autumn,27,13.5,307.4975,0.15374875
RS_0084,RS,autumn,28,14.0,278.5389,0.13926946
RS_0084,RS,autumn,29,14.5,234.46677,0.11723338
RS_0084,RS,autumn,30,15.0,220.29097,0.11014549
RS_0084,RS,autumn,31,15.5,221.51436,0.11075718
RS_0084,RS,autumn,32,16.0,223.50104,0.11175052
RS_0084,RS,autumn,33,16.5,216.80127,0.108400635
RS_0084,RS,autumn,34,17.0,205.00018,0.10250009
RS_0084,RS,autumn,35,17.5,246.86899,0.12343449
RS_0084,RS,autumn,36,18.0,282.41388,0.14120694
RS_0084,RS,autumn,37,18.5,291.71368,0.14585684
RS_0084,RS,autumn,38,19.0,340.14246,0.17007123
RS_0084,RS,autumn,39,19.5,333.7446,0.1668723
RS_0084,RS,autumn,40,20.0,337.7163,0.16885816
RS_0084,RS,autumn,41,20.5,344.8232,0.1724116
RS_0084,RS,autumn,42,21.0,369.36298,0.18468149
RS_0084,RS,autumn,43,21.5,357.8933,0.17894666
RS_0084,RS,autumn,44,22.0,326.4607,0.16323034
RS_0084,RS,autumn,45,22.5,404.45743,0.20222871
RS_0084,RS,autumn,46,23.0,345.74194,0.17287098
RS_0084,RS,autumn,47,23.5,320.5631,0.16028155
RS_0085,RS,autumn,0,0.0,193.23389,0.096616946
RS_0085,RS,autumn,1,0.5,156.36516,0.07818258
RS_0085,RS,autumn,2,1.0,160.63135,0.08031567
RS_0085,RS,autumn,3,1.5,211.79619,0.1058981
RS_0085,RS,autumn,4,2.0,193.86833,0.09693417
RS_0085,RS,autumn,5,2.5,225.58961,0.11279481
RS_0085,RS,autumn,6,3.0,279.82108,0.13991053
RS_0085,RS,autumn,7,3.5,286.57968,0.14328983
RS_0085,RS,autumn,8,4.0,340.79523,0.17039761
RS_0085,RS,autumn,9,4.5,271.56296,0.13578148
RS_0085,RS,autumn,10,5.0,295.16806,0.14758404
RS_0085,RS,autumn,11,5.5,239.94911,0.11997455
RS_0085,RS,autumn,12,6.0,250.50934,0.12525468
RS_0085,RS,autumn,13,6.5,237.34975,0.118674874
RS_0085,RS,autumn,14,7.0,238.06526,0.11903263
RS_0085,RS,autumn,15,7.5,246.13776,0.12306888
RS_0085,RS,autumn,16,8.0,264.53067,0.13226533
RS_0085,RS,autumn,17,8.5,231.11983,0.11555991
RS_0085,RS,autumn,18,9.0,286.63593,0.14331797
RS_0085,RS,autumn,19,9.5,355.31696,0.17765848
RS_0085,RS,autumn,20,10.0,528.026,0.264013
RS_0085,RS,autumn,21,10.5,633.23846,0.31661922
RS_0085,RS,autumn,22,11.0,781.5812,0.39079058
RS_0085,RS,autumn,23,11.5,868.2942,0.4341471
RS_0085,RS,autumn,24,12.0,737.5946,0.3687973
RS_0085,RS,autumn,25,12.5,725.40906,0.36270452
RS_0085,RS,autumn,26,13.0,911.02826,0.45551413
RS_0085,RS,autumn,27,13.5,1149.4263,0.5747131
RS_0085,RS,autumn,28,14.0,1643.6572,0.8218286
RS_0085,RS,autumn,29,14.5,1447.584,0.723792
RS_0085,RS,autumn,30,15.0,1218.8143,0.6094072
RS_0085,RS,autumn,31,15.5,776.04333,0.38802168
RS_0085,RS,autumn,32,16.0,545.3094,0.27265468
RS_0085,RS,autumn,33,16.5,401.99063,0.20099531
RS_0085,RS,autumn,34,17.0,402.35263,0.20117632
RS_0085,RS,autumn,35,17.5,291.88596,0.14594297
RS_0085,RS,autumn,36,18.0,291.11942,0.14555971
RS_0085,RS,autumn,37,18.5,320.43326,0.16021663
RS_0085,RS,autumn,38,19.0,329.90546,0.16495273
RS_0085,RS,autumn,39,19.5,390.36597,0.19518298
RS_0085,RS,autumn,40,20.0,387.11948,0.19355974
RS_0085,RS,autumn,41,20.5,352.37604,0.17618802
RS_0085,RS,autumn,42,21.0,356.59845,0.17829922
RS_0085,RS,autumn,43,21.5,382.21384,0.19110692
RS_0085,RS,autumn,44,22.0,297.04034,0.14852017
RS_0085,RS,autumn,45,22.5,266.23083,0.13311541
RS_0085,RS,autumn,46,23.0,279.0997,0.13954985
RS_0085,RS,autumn,47,23.5,236.06395,0.11803197
RS_0086,RS,spring,0,0.0,112.189514,0.05609476
RS_0086,RS,spring,1,0.5,81.42231,0.040711153
RS_0086,RS,spring,2,1.0,84.03767,0.042018835
RS_0086,RS,spring,3,1.5,110.358025,0.05517901
RS_0086,RS,spring,4,2.0,83.51985,0.041759927
RS_0086,RS,spring,5,2.5,69.55298,0.03477649
RS_0086,RS,spring,6,3.0,98.24551,0.049122754
RS_0086,RS,spring,7,3.5,88.527596,0.0442638
RS_0086,RS,spring,8,4.0,106.61199,0.053305995
RS_0086,RS,spring,9,4.5,99.80465,0.049902324
RS_0086,RS,spring,10,5.0,108.42914,0.05421457
RS_0086,RS,spring,11,5.5,157.01595,0.078507975
RS_0086,RS,spring,12,6.0,395.85126,0.19792563
RS_0086,RS,spring,13,6.5,462.60828,0.23130414
RS_0086,RS,spring,14,7.0,211.10135,0.10555068
RS_0086,RS,spring,15,7.5,157.149,0.0785745
RS_0086,RS,spring,16,8.0,79.89587,0.039947934
RS_0086,RS,spring,17,8.5,82.302155,0.041151077
RS_0086,RS,spring,18,9.0,58.97998,0.02948999
RS_0086,RS,spring,19,9.5,86.7876,0.0433938
RS_0086,RS,spring,20,10.0,72.4267,0.03621335
RS_0086,RS,spring,21,10.5,84.569176,0.04228459
RS_0086,RS,spring,22,11.0,106.61692,0.05330846
RS_0086,RS,spring,23,11.5,112.79818,0.05639909
RS_0086,RS,spring,24,12.0,126.8383,0.06341915
RS_0086,RS,spring,25,12.5,85.59443,0.042797215
RS_0086,RS,spring,26,13.0,116.987236,0.058493618
RS_0086,RS,spring,27,13.5,79.42843,0.039714213
RS_0086,RS,spring,28,14.0,85.52348,0.042761743
RS_0086,RS,spring,29,14.5,126.46931,0.06323466
RS_0086,RS,spring,30,15.0,282.28903,0.14114451
RS_0086,RS,spring,31,15.5,451.3435,0.22567175
RS_0086,RS,spring,32,16.0,422.8798,0.2114399
RS_0086,RS,spring,33,16.5,447.1356,0.2235678
RS_0086,RS,spring,34,17.0,417.16708,0.20858355
RS_0086,RS,spring,35,17.5,354.50046,0.17725024
RS_0086,RS,spring,36,18.0,322.77145,0.16138573
RS_0086,RS,spring,37,18.5,318.94632,0.15947317
RS_0086,RS,spring,38,19.0,331.08035,0.16554017
RS_0086,RS,spring,39,19.5,279.2833,0.13964164
RS_0086,RS,spring,40,20.0,292.31238,0.14615619
RS_0086,RS,spring,41,20.5,227.17249,0.11358624
RS_0086,RS,spring,42,21.0,211.73056,0.10586528
RS_0086,RS,spring,43,21.5,201.4449,0.10072245
RS_0086,RS,spring,44,22.0,185.46896,0.09273448
RS_0086,RS,spring,45,22.5,237.33827,0.11866914
RS_0086,RS,spring,46,23.0,232.6895,0.11634475
RS_0086,RS,spring,47,23.5,148.43652,0.07421826
RS_0087,RS,summer,0,0.0,252.06638,0.12603319
RS_0087,RS,summer,1,0.5,244.71489,0.12235744
RS_0087,RS,summer,2,1.0,230.46219,0.1152311
RS_0087,RS,summer,3,1.5,273.2757,0.13663785
RS_0087,RS,summer,4,2.0,304.60425,0.15230213
RS_0087,RS,summer,5,2.5,284.08862,0.1420443
RS_0087,RS,summer,6,3.0,321.91467,0.16095734
RS_0087,RS,summer,7,3.5,298.847,0.1494235
RS_0087,RS,summer,8,4.0,311.81656,0.15590829
RS_0087,RS,summer,9,4.5,255.95404,0.12797701
RS_0087,RS,summer,10,5.0,256.66714,0.12833357
RS_0087,RS,summer,11,5.5,265.005,0.1325025
RS_0087,RS,summer,12,6.0,326.72296,0.16336147
RS_0087,RS,summer,13,6.5,367.33777,0.18366888
RS_0087,RS,summer,14,7.0,472.95337,0.23647669
RS_0087,RS,summer,15,7.5,436.46075,0.21823038
RS_0087,RS,summer,16,8.0,459.00616,0.22950308
RS_0087,RS,summer,17,8.5,381.8876,0.1909438
RS_0087,RS,summer,18,9.0,390.88083,0.19544041
RS_0087,RS,summer,19,9.5,360.42386,0.18021193
RS_0087,RS,summer,20,10.0,363.07324,0.18153661
RS_0087,RS,summer,21,10.5,326.5775,0.16328876
RS_0087,RS,summer,22,11.0,359.13943,0.17956972
RS_0087,RS,summer,23,11.5,368.30698,0.18415348
RS_0087,RS,summer,24,12.0,411.94403,0.20597202
RS_0087,RS,summer,25,12.5,377.43152,0.18871576
RS_0087,RS,summer,26,13.0,413.9285,0.20696425
RS_0087,RS,summer,27,13.5,384.66016,0.19233008
RS_0087,RS,summer,28,14.0,400.43347,0.20021674
RS_0087,RS,summer,29,14.5,367.98346,0.18399173
RS_0087,RS,summer,30,15.0,359.8382,0.1799191
RS_0087,RS,summer,31,15.5,319.5495,0.15977475
RS_0087,RS,summer,32,16.0,328.821,0.1644105
RS_0087,RS,summer,33,16.5,342.70743,0.17135371
RS_0087,RS,summer,34,17.0,392.35568,0.19617784
RS_0087,RS,summer,35,17.5,464.74026,0.23237014
RS_0087,RS,summer,36,18.0,603.6831,0.30184156
RS_0087,RS,summer,37,18.5,796.3023,0.39815116
RS_0087,RS,summer,38,19.0,792.41907,0.39620954
RS_0087,RS,summer,39,19.5,773.68005,0.38684002
RS_0087,RS,summer,40,20.0,724.88104,0.36244053
RS_0087,RS,summer,41,20.5,534.822,0.26741102
RS_0087,RS,summer,42,21.0,471.87503,0.23593752
RS_0087,RS,summer,43,21.5,371.77542,0.18588771
RS_0087,RS,summer,44,22.0,317.88684,0.15894341
RS_0087,RS,summer,45,22.5,273.7249,0.13686246
RS_0087,RS,summer,46,23.0,303.54044,0.15177022
RS_0087,RS,summer,47,23.5,234.29425,0.117147125
RS_0088,RS,autumn,0,0.0,32.184765,0.016092382
RS_0088,RS,autumn,1,0.5,28.381588,0.014190794
RS_0088,RS,autumn,2,1.0,19.98074,0.00999037
RS_0088,RS,autumn,3,1.5,18.86059,0.009430295
RS_0088,RS,autumn,4,2.0,26.174803,0.013087401
RS_0088,RS,autumn,5,2.5,22.723515,0.011361757
RS_0088,RS,autumn,6,3.0,28.95254,0.0144762695
RS_0088,RS,autumn,7,3.5,24.14898,0.012074489
RS_0088,RS,autumn,8,4.0,38.042206,0.019021103
RS_0088,RS,autumn,9,4.5,34.110493,0.017055247
RS_0088,RS,autumn,10,5.0,35.556572,0.017778287
RS_0088,RS,autumn,11,5.5,34.01148,0.01700574
RS_0088,RS,autumn,12,6.0,42.514126,0.021257063
RS_0088,RS,autumn,13,6.5,35.17598,0.01758799
RS_0088,RS,autumn,14,7.0,43.698082,0.021849042
RS_0088,RS,autumn,15,7.5,34.081024,0.017040512
RS_0088,RS,autumn,16,8.0,45.268116,0.022634057
RS_0088,RS,autumn,17,8.5,40.885864,0.020442933
RS_0088,RS,autumn,18,9.0,85.8357,0.04291785
RS_0088,RS,autumn,19,9.5,129.82803,0.06491402
RS_0088,RS,autumn,20,10.0,667.28455,0.33364227
RS_0088,RS,autumn,21,10.5,2159.9387,1.0799694
RS_0088,RS,autumn,22,11.0,2277.7175,1.1388588
RS_0088,RS,autumn,23,11.5,2183.9353,1.0919677
RS_0088,RS,autumn,24,12.0,1127.0421,0.563521
RS_0088,RS,autumn,25,12.5,875.4556,0.4377278
RS_0088,RS,autumn,26,13.0,534.27856,0.2671393
RS_0088,RS,autumn,27,13.5,260.37424,0.13018712
RS_0088,RS,autumn,28,14.0,143.51991,0.071759954
RS_0088,RS,autumn,29,14.5,123.57213,0.061786063
RS_0088,RS,autumn,30,15.0,108.46306,0.05423153
RS_0088,RS,autumn,31,15.5,91.37373,0.045686867
RS_0088,RS,autumn,32,16.0,92.575966,0.046287984
RS_0088,RS,autumn,33,16.5,111.17021,0.055585105
RS_0088,RS,autumn,34,17.0,112.88943,0.056444712
RS_0088,RS,autumn,35,17.5,91.83225,0.045916125
RS_0088,RS,autumn,36,18.0,142.99245,0.071496226
RS_0088,RS,autumn,37,18.5,154.32288,0.07716144
RS_0088,RS,autumn,38,19.0,256.7619,0.12838095
RS_0088,RS,autumn,39,19.5,206.4689,0.103234455
RS_0088,RS,autumn,40,20.0,230.91515,0.11545757
RS_0088,RS,autumn,41,20.5,210.22661,0.105113305
RS_0088,RS,autumn,42,21.0,178.65985,0.08932993
RS_0088,RS,autumn,43,21.5,144.29207,0.072146036
RS_0088,RS,autumn,44,22.0,121.30846,0.060654227
RS_0088,RS,autumn,45,22.5,86.75571,0.043377854
RS_0088,RS,autumn,46,23.0,78.4045,0.03920225
RS_0088,RS,autumn,47,23.5,58.239513,0.029119756
RS_0089,RS,summer,0,0.0,858.46204,0.42923102
RS_0089,RS,summer,1,0.5,662.9492,0.3314746
RS_0089,RS,summer,2,1.0,749.83203,0.37491602
RS_0089,RS,summer,3,1.5,770.65027,0.38532513
RS_0089,RS,summer,4,2.0,912.7673,0.45638365
RS_0089,RS,summer,5,2.5,851.06396,0.42553198
RS_0089,RS,summer,6,3.0,871.3657,0.43568286
RS_0089,RS,summer,7,3.5,813.4886,0.4067443
RS_0089,RS,summer,8,4.0,827.23816,0.41361907
RS_0089,RS,summer,9,4.5,731.7752,0.3658876
RS_0089,RS,summer,10,5.0,809.8178,0.4049089
RS_0089,RS,summer,11,5.5,852.6268,0.42631337
RS_0089,RS,summer,12,6.0,858.83344,0.42941672
RS_0089,RS,summer,13,6.5,772.8512,0.38642558
RS_0089,RS,summer,14,7.0,889.0256,0.44451278
RS_0089,RS,summer,15,7.5,941.84033,0.47092018
RS_0089,RS,summer,16,8.0,1173.6826,0.5868413
RS_0089,RS,summer,17,8.5,1223.3281,0.61166406
RS_0089,RS,summer,18,9.0,1476.5408,0.7382704
RS_0089,RS,summer,19,9.5,1598.4418,0.79922086
RS_0089,RS,summer,20,10.0,1505.5863,0.75279313
RS_0089,RS,summer,21,10.5,1471.1903,0.73559517
RS_0089,RS,summer,22,11.0,1683.5802,0.8417901
RS_0089,RS,summer,23,11.5,1748.8596,0.8744298
RS_0089,RS,summer,24,12.0,1623.084,0.811542
RS_0089,RS,summer,25,12.5,1831.5286,0.9157643
RS_0089,RS,summer,26,13.0,2014.0511,1.0070256
RS_0089,RS,summer,27,13.5,1873.3549,0.93667746
RS_0089,RS,summer,28,14.0,1734.8142,0.8674071
RS_0089,RS,summer,29,14.5,1641.5114,0.82075566
RS_0089,RS,summer,30,15.0,1592.4097,0.7962048
RS_0089,RS,summer,31,15.5,1577.2867,0.78864336
RS_0089,RS,summer,32,16.0,1664.4918,0.8322459
RS_0089,RS,summer,33,16.5,1516.7468,0.75837344
RS_0089,RS,summer,34,17.0,1557.4397,0.77871984
RS_0089,RS,summer,35,17.5,1512.8467,0.75642335
RS_0089,RS,summer,36,18.0,1589.9226,0.79496133
RS_0089,RS,summer,37,18.5,1627.3419,0.81367093
RS_0089,RS,summer,38,19.0,1744.3656,0.8721828
RS_0089,RS,summer,39,19.5,1734.7223,0.8673611
RS_0089,RS,summer,40,20.0,1570.0028,0.7850014
RS_0089,RS,summer,41,20.5,1708.0121,0.85400605
RS_0089,RS,summer,42,21.0,1709.4012,0.8547006
RS_0089,RS,summer,43,21.5,1675.3572,0.8376786
RS_0089,RS,summer,44,22.0,1896.9355,0.9484678
RS_0089,RS,summer,45,22.5,1982.3993,0.9911997
RS_0089,RS,summer,46,23.0,1643.5326,0.8217663
RS_0089,RS,summer,47,23.5,1360.1497,0.6800748
RS_0090,RS,autumn,0,0.0,28.183523,0.014091762
RS_0090,RS,autumn,1,0.5,32.035892,0.016017945
RS_0090,RS,autumn,2,1.0,30.070633,0.015035316
RS_0090,RS,autumn,3,1.5,31.564362,0.015782181
RS_0090,RS,autumn,4,2.0,32.60606,0.01630303
RS_0090,RS,autumn,5,2.5,24.198639,0.012099319
RS_0090,RS,autumn,6,3.0,27.861885,0.013930943
RS_0090,RS,autumn,7,3.5,27.80165,0.013900825
RS_0090,RS,autumn,8,4.0,26.552885,0.013276443
RS_0090,RS,autumn,9,4.5,26.913166,0.013456583
RS_0090,RS,autumn,10,5.0,22.750288,0.011375144
RS_0090,RS,autumn,11,5.5,23.632366,0.011816183
RS_0090,RS,autumn,12,6.0,18.757057,0.009378528
RS_0090,RS,autumn,13,6.5,17.096203,0.008548101
RS_0090,RS,autumn,14,7.0,12.7720585,0.006386029
RS_0090,RS,autumn,15,7.5,15.2258,0.0076129
RS_0090,RS,autumn,16,8.0,13.659676,0.006829838
RS_0090,RS,autumn,17,8.5,12.0238495,0.0060119247
RS_0090,RS,autumn,18,9.0,11.986495,0.0059932475
RS_0090,RS,autumn,19,9.5,7.9286337,0.003964317
RS_0090,RS,autumn,20,10.0,8.05104,0.00402552
RS_0090,RS,autumn,21,10.5,8.264607,0.004132304
RS_0090,RS,autumn,22,11.0,7.969488,0.003984744
RS_0090,RS,autumn,23,11.5,9.335112,0.004667556
RS_0090,RS,autumn,24,12.0,8.291666,0.004145833
RS_0090,RS,autumn,25,12.5,10.723446,0.005361723
RS_0090,RS,autumn,26,13.0,9.633228,0.004816614
RS_0090,RS,autumn,27,13.5,10.504824,0.005252412
RS_0090,RS,autumn,28,14.0,10.394418,0.005197209
RS_0090,RS,autumn,29,14.5,13.364593,0.0066822963
RS_0090,RS,autumn,30,15.0,16.65634,0.00832817
RS_0090,RS,autumn,31,15.5,15.938726,0.007969364
RS_0090,RS,autumn,32,16.0,20.745565,0.010372783
RS_0090,RS,autumn,33,16.5,21.85097,0.010925485
RS_0090,RS,autumn,34,17.0,19.96096,0.00998048
RS_0090,RS,autumn,35,17.5,16.687864,0.008343932
RS_0090,RS,autumn,36,18.0,26.39471,0.013197355
RS_0090,RS,autumn,37,18.5,25.889757,0.012944879
RS_0090,RS,autumn,38,19.0,21.115282,0.010557641
RS_0090,RS,autumn,39,19.5,20.336401,0.0101682
RS_0090,RS,autumn,40,20.0,19.084757,0.009542379
RS_0090,RS,autumn,41,20.5,23.28624,0.01164312
RS_0090,RS,autumn,42,21.0,19.843868,0.009921934
RS_0090,RS,autumn,43,21.5,21.244831,0.010622416
RS_0090,RS,autumn,44,22.0,19.151466,0.009575733
RS_0090,RS,autumn,45,22.5,18.799765,0.0093998825
RS_0090,RS,autumn,46,23.0,20.228924,0.010114462
RS_0090,RS,autumn,47,23.5,20.709532,0.010354766
RS_0091,RS,winter,0,0.0,1444.967,0.7224835
RS_0091,RS,winter,1,0.5,1390.761,0.6953805
RS_0091,RS,winter,2,1.0,1428.5375,0.71426874
RS_0091,RS,winter,3,1.5,1361.8752,0.68093765
RS_0091,RS,winter,4,2.0,1449.4253,0.72471267
RS_0091,RS,winter,5,2.5,1473.2886,0.73664427
RS_0091,RS,winter,6,3.0,1470.4639,0.73523194
RS_0091,RS,winter,7,3.5,1464.2478,0.7321239
RS_0091,RS,winter,8,4.0,1458.0371,0.72901857
RS_0091,RS,winter,9,4.5,1502.4596,0.7512298
RS_0091,RS,winter,10,5.0,1539.5985,0.76979923
RS_0091,RS,winter,11,5.5,1543.8246,0.7719123
RS_0091,RS,winter,12,6.0,1574.4296,0.78721476
RS_0091,RS,winter,13,6.5,1596.5095,0.7982548
RS_0091,RS,winter,14,7.0,1732.6312,0.8663156
RS_0091,RS,winter,15,7.5,1643.8674,0.8219337
RS_0091,RS,winter,16,8.0,1569.7324,0.7848662
RS_0091,RS,winter,17,8.5,1511.9886,0.7559943
RS_0091,RS,winter,18,9.0,1485.3236,0.74266183
RS_0091,RS,winter,19,9.5,1350.4417,0.67522085
RS_0091,RS,winter,20,10.0,1389.996,0.69499797
RS_0091,RS,winter,21,10.5,1362.2549,0.6811274
RS_0091,RS,winter,22,11.0,1242.7935,0.6213967
RS_0091,RS,winter,23,11.5,1328.2466,0.6641233
RS_0091,RS,winter,24,12.0,1368.9309,0.68446547
RS_0091,RS,winter,25,12.5,1401.9108,0.7009554
RS_0091,RS,winter,26,13.0,1328.1902,0.6640951
RS_0091,RS,winter,27,13.5,1382.5614,0.6912807
RS_0091,RS,winter,28,14.0,1440.0758,0.7200379
RS_0091,RS,winter,29,14.5,1441.4941,0.72074705
RS_0091,RS,winter,30,15.0,1313.9236,0.6569618
RS_0091,RS,winter,31,15.5,1348.5522,0.6742761
RS_0091,RS,winter,32,16.0,1355.9335,0.6779667
RS_0091,RS,winter,33,16.5,1310.1931,0.65509653
RS_0091,RS,winter,34,17.0,1339.7782,0.6698891
RS_0091,RS,winter,35,17.5,1403.4824,0.7017412
RS_0091,RS,winter,36,18.0,1480.2683,0.7401342
RS_0091,RS,winter,37,18.5,1561.6671,0.78083354
RS_0091,RS,winter,38,19.0,1541.4111,0.7707056
RS_0091,RS,winter,39,19.5,1594.4419,0.79722095
RS_0091,RS,winter,40,20.0,1507.049,0.7535245
RS_0091,RS,winter,41,20.5,1552.0851,0.7760425
RS_0091,RS,winter,42,21.0,1443.7285,0.7218643
RS_0091,RS,winter,43,21.5,1429.8782,0.71493906
RS_0091,RS,winter,44,22.0,1470.5782,0.7352891
RS_0091,RS,winter,45,22.5,1621.8469,0.81092346
RS_0091,RS,winter,46,23.0,1545.8679,0.77293396
RS_0091,RS,winter,47,23.5,1556.3811,0.77819055
RS_0092,RS,winter,0,0.0,553.94214,0.27697107
RS_0092,RS,winter,1,0.5,533.5295,0.26676473
RS_0092,RS,winter,2,1.0,582.8172,0.2914086
RS_0092,RS,winter,3,1.5,854.884,0.42744198
RS_0092,RS,winter,4,2.0,1540.6685,0.77033424
RS_0092,RS,winter,5,2.5,1513.5499,0.75677496
RS_0092,RS,winter,6,3.0,1336.114,0.668057
RS_0092,RS,winter,7,3.5,904.74457,0.45237228
RS_0092,RS,winter,8,4.0,814.492,0.407246
RS_0092,RS,winter,9,4.5,692.557,0.3462785
RS_0092,RS,winter,10,5.0,687.8734,0.3439367
RS_0092,RS,winter,11,5.5,794.0847,0.39704236
RS_0092,RS,winter,12,6.0,1010.03204,0.505016
RS_0092,RS,winter,13,6.5,970.069,0.4850345
RS_0092,RS,winter,14,7.0,1108.0331,0.55401653
RS_0092,RS,winter,15,7.5,1524.413,0.7622065
RS_0092,RS,winter,16,8.0,1804.7144,0.90235716
RS_0092,RS,winter,17,8.5,1784.7455,0.8923727
RS_0092,RS,winter,18,9.0,1941.0944,0.9705472
RS_0092,RS,winter,19,9.5,1950.5148,0.9752574
RS_0092,RS,winter,20,10.0,1757.6788,0.87883943
RS_0092,RS,winter,21,10.5,1636.5267,0.81826335
RS_0092,RS,winter,22,11.0,1700.644,0.850322
RS_0092,RS,winter,23,11.5,1473.6472,0.7368236
RS_0092,RS,winter,24,12.0,1273.9357,0.63696784
RS_0092,RS,winter,25,12.5,1369.7379,0.68486893
RS_0092,RS,winter,26,13.0,1353.5964,0.6767982
RS_0092,RS,winter,27,13.5,1229.1696,0.6145848
RS_0092,RS,winter,28,14.0,1262.8967,0.6314484
RS_0092,RS,winter,29,14.5,1279.6521,0.63982606
RS_0092,RS,winter,30,15.0,1264.8757,0.6324379
RS_0092,RS,winter,31,15.5,1382.6465,0.6913232
RS_0092,RS,winter,32,16.0,1336.306,0.668153
RS_0092,RS,winter,33,16.5,1309.0089,0.6545045
RS_0092,RS,winter,34,17.0,1376.7876,0.6883938
RS_0092,RS,winter,35,17.5,1345.0021,0.672501
RS_0092,RS,winter,36,18.0,1425.2155,0.71260774
RS_0092,RS,winter,37,18.5,1592.9637,0.79648185
RS_0092,RS,winter,38,19.0,1914.3402,0.9571701
RS_0092,RS,winter,39,19.5,1953.0923,0.97654617
RS_0092,RS,winter,40,20.0,1806.9502,0.9034751
RS_0092,RS,winter,41,20.5,1748.5101,0.87425506
RS_0092,RS,winter,42,21.0,1715.9294,0.8579647
RS_0092,RS,winter,43,21.5,1372.125,0.6860625
RS_0092,RS,winter,44,22.0,1192.3837,0.5961918
RS_0092,RS,winter,45,22.5,1009.43634,0.5047182
RS_0092,RS,winter,46,23.0,653.7153,0.32685763
RS_0092,RS,winter,47,23.5,508.84927,0.25442463
RS_0093,RS,spring,0,0.0,897.2153,0.44860762
RS_0093,RS,spring,1,0.5,851.92413,0.42596206
RS_0093,RS,spring,2,1.0,1030.6229,0.5153115
RS_0093,RS,spring,3,1.5,923.07837,0.46153918
RS_0093,RS,spring,4,2.0,1055.6685,0.52783424
RS_0093,RS,spring,5,2.5,1025.9369,0.5129684
RS_0093,RS,spring,6,3.0,1020.449,0.51022446
RS_0093,RS,spring,7,3.5,986.7123,0.49335614
RS_0093,RS,spring,8,4.0,1018.0511,0.5090255
RS_0093,RS,spring,9,4.5,1034.9214,0.5174607
RS_0093,RS,spring,10,5.0,1077.3925,0.5386962
RS_0093,RS,spring,11,5.5,1221.2294,0.61061466
RS_0093,RS,spring,12,6.0,1327.4354,0.6637177
RS_0093,RS,spring,13,6.5,1320.4146,0.6602073
RS_0093,RS,spring,14,7.0,1474.8628,0.7374314
RS_0093,RS,spring,15,7.5,1466.4657,0.73323286
RS_0093,RS,spring,16,8.0,1553.249,0.7766245
RS_0093,RS,spring,17,8.5,1500.0856,0.7500428
RS_0093,RS,spring,18,9.0,1447.7932,0.7238966
RS_0093,RS,spring,19,9.5,1453.2057,0.72660285
RS_0093,RS,spring,20,10.0,1415.5587,0.70777935
RS_0093,RS,spring,21,10.5,1395.301,0.6976505
RS_0093,RS,spring,22,11.0,1475.504,0.737752
RS_0093,RS,spring,23,11.5,1407.205,0.7036025
RS_0093,RS,spring,24,12.0,1334.1052,0.6670526
RS_0093,RS,spring,25,12.5,1278.9597,0.6394799
RS_0093,RS,spring,26,13.0,1324.478,0.662239
RS_0093,RS,spring,27,13.5,1211.7399,0.60586995
RS_0093,RS,spring,28,14.0,1206.4584,0.60322917
RS_0093,RS,spring,29,14.5,1173.1909,0.5865955
RS_0093,RS,spring,30,15.0,1159.0708,0.5795354
RS_0093,RS,spring,31,15.5,1251.5813,0.62579066
RS_0093,RS,spring,32,16.0,1214.258,0.60712904
RS_0093,RS,spring,33,16.5,1263.9983,0.63199914
RS_0093,RS,spring,34,17.0,1289.732,0.64486605
RS_0093,RS,spring,35,17.5,1332.083,0.6660415
RS_0093,RS,spring,36,18.0,1484.6221,0.74231106
RS_0093,RS,spring,37,18.5,1515.4172,0.7577086
RS_0093,RS,spring,38,19.0,1671.4434,0.8357217
RS_0093,RS,spring,39,19.5,1660.7816,0.8303908
RS_0093,RS,spring,40,20.0,1455.2,0.7276
RS_0093,RS,spring,41,20.5,1493.5164,0.74675816
RS_0093,RS,spring,42,21.0,1531.8649,0.76593244
RS_0093,RS,spring,43,21.5,1456.497,0.7282485
RS_0093,RS,spring,44,22.0,1350.5054,0.6752527
RS_0093,RS,spring,45,22.5,1489.8912,0.74494565
RS_0093,RS,spring,46,23.0,1304.5688,0.65228444
RS_0093,RS,spring,47,23.5,1105.4532,0.5527266
RS_0094,RS,summer,0,0.0,436.0496,0.21802479
RS_0094,RS,summer,1,0.5,239.91315,0.119956575
RS_0094,RS,summer,2,1.0,186.21083,0.09310541
RS_0094,RS,summer,3,1.5,201.81882,0.10090941
RS_0094,RS,summer,4,2.0,210.89705,0.10544852
RS_0094,RS,summer,5,2.5,253.15573,0.12657787
RS_0094,RS,summer,6,3.0,219.5136,0.1097568
RS_0094,RS,summer,7,3.5,249.17639,0.1245882
RS_0094,RS,summer,8,4.0,315.3203,0.15766016
RS_0094,RS,summer,9,4.5,231.41399,0.115706995
RS_0094,RS,summer,10,5.0,251.06703,0.12553352
RS_0094,RS,summer,11,5.5,317.2956,0.15864779
RS_0094,RS,summer,12,6.0,289.41235,0.14470617
RS_0094,RS,summer,13,6.5,280.88538,0.14044268
RS_0094,RS,summer,14,7.0,487.08255,0.24354127
RS_0094,RS,summer,15,7.5,819.7151,0.40985754
RS_0094,RS,summer,16,8.0,925.1477,0.46257386
RS_0094,RS,summer,17,8.5,685.3363,0.34266815
RS_0094,RS,summer,18,9.0,786.27277,0.39313638
RS_0094,RS,summer,19,9.5,653.4272,0.3267136
RS_0094,RS,summer,20,10.0,506.7768,0.2533884
RS_0094,RS,summer,21,10.5,404.33197,0.20216599
RS_0094,RS,summer,22,11.0,581.0466,0.2905233
RS_0094,RS,summer,23,11.5,617.8767,0.30893835
RS_0094,RS,summer,24,12.0,697.08997,0.34854499
RS_0094,RS,summer,25,12.5,767.8406,0.38392028
RS_0094,RS,summer,26,13.0,830.1163,0.41505814
RS_0094,RS,summer,27,13.5,1021.9142,0.5109571
RS_0094,RS,summer,28,14.0,890.9204,0.4454602
RS_0094,RS,summer,29,14.5,934.9569,0.46747845
RS_0094,RS,summer,30,15.0,1077.2202,0.5386101
RS_0094,RS,summer,31,15.5,1118.7211,0.55936056
RS_0094,RS,summer,32,16.0,977.0362,0.4885181
RS_0094,RS,summer,33,16.5,903.47437,0.4517372
RS_0094,RS,summer,34,17.0,989.59985,0.4947999
RS_0094,RS,summer,35,17.5,1036.9447,0.5184724
RS_0094,RS,summer,36,18.0,785.342,0.392671
RS_0094,RS,summer,37,18.5,773.2136,0.3866068
RS_0094,RS,summer,38,19.0,979.9048,0.4899524
RS_0094,RS,summer,39,19.5,1013.5807,0.50679034
RS_0094,RS,summer,40,20.0,1029.67,0.514835
RS_0094,RS,summer,41,20.5,1061.2042,0.5306021
RS_0094,RS,summer,42,21.0,1353.7877,0.67689383
RS_0094,RS,summer,43,21.5,1871.6262,0.9358131
RS_0094,RS,summer,44,22.0,2368.516,1.1842581
RS_0094,RS,summer,45,22.5,2546.5852,1.2732927
RS_0094,RS,summer,46,23.0,2210.1187,1.1050594
RS_0094,RS,summer,47,23.5,1806.146,0.903073
RS_0095,RS,autumn,0,0.0,145.77771,0.07288886
RS_0095,RS,autumn,1,0.5,155.8807,0.07794035
RS_0095,RS,autumn,2,1.0,160.11755,0.080058776
RS_0095,RS,autumn,3,1.5,220.15489,0.11007745
RS_0095,RS,autumn,4,2.0,297.99536,0.14899768
RS_0095,RS,autumn,5,2.5,211.61525,0.105807625
RS_0095,RS,autumn,6,3.0,192.99396,0.09649698
RS_0095,RS,autumn,7,3.5,151.76643,0.07588322
RS_0095,RS,autumn,8,4.0,179.98279,0.08999139
RS_0095,RS,autumn,9,4.5,176.41652,0.08820826
RS_0095,RS,autumn,10,5.0,172.23256,0.08611628
RS_0095,RS,autumn,11,5.5,183.61581,0.09180791
RS_0095,RS,autumn,12,6.0,213.62477,0.10681239
RS_0095,RS,autumn,13,6.5,234.16739,0.11708369
RS_0095,RS,autumn,14,7.0,196.56714,0.09828357
RS_0095,RS,autumn,15,7.5,168.90244,0.08445122
RS_0095,RS,autumn,16,8.0,163.96092,0.08198046
RS_0095,RS,autumn,17,8.5,156.8085,0.07840425
RS_0095,RS,autumn,18,9.0,132.0622,0.0660311
RS_0095,RS,autumn,19,9.5,110.95444,0.055477217
RS_0095,RS,autumn,20,10.0,145.57509,0.072787546
RS_0095,RS,autumn,21,10.5,117.032425,0.05851621
RS_0095,RS,autumn,22,11.0,145.87839,0.072939195
RS_0095,RS,autumn,23,11.5,131.8813,0.06594065
RS_0095,RS,autumn,24,12.0,179.64594,0.08982297
RS_0095,RS,autumn,25,12.5,249.75385,0.124876924
RS_0095,RS,autumn,26,13.0,299.44983,0.14972492
RS_0095,RS,autumn,27,13.5,316.51202,0.15825601
RS_0095,RS,autumn,28,14.0,405.54037,0.20277019
RS_0095,RS,autumn,29,14.5,351.58713,0.17579356
RS_0095,RS,autumn,30,15.0,287.39084,0.14369541
RS_0095,RS,autumn,31,15.5,236.06055,0.11803027
RS_0095,RS,autumn,32,16.0,221.25943,0.110629715
RS_0095,RS,autumn,33,16.5,243.76988,0.12188494
RS_0095,RS,autumn,34,17.0,247.69974,0.12384987
RS_0095,RS,autumn,35,17.5,269.15005,0.13457502
RS_0095,RS,autumn,36,18.0,359.7059,0.17985295
RS_0095,RS,autumn,37,18.5,388.20828,0.19410414
RS_0095,RS,autumn,38,19.0,414.44998,0.207225
RS_0095,RS,autumn,39,19.5,368.87323,0.18443662
RS_0095,RS,autumn,40,20.0,320.863,0.1604315
RS_0095,RS,autumn,41,20.5,277.15384,0.13857692
RS_0095,RS,autumn,42,21.0,232.39684,0.11619842
RS_0095,RS,autumn,43,21.5,211.21,0.105605006
RS_0095,RS,autumn,44,22.0,198.7986,0.0993993
RS_0095,RS,autumn,45,22.5,160.96425,0.080482125
RS_0095,RS,autumn,46,23.0,141.59468,0.07079734
RS_0095,RS,autumn,47,23.5,136.1799,0.06808995
RS_0096,RS,autumn,0,0.0,122.50301,0.061251506
RS_0096,RS,autumn,1,0.5,125.24535,0.062622674
RS_0096,RS,autumn,2,1.0,118.149536,0.059074767
RS_0096,RS,autumn,3,1.5,82.614235,0.041307118
RS_0096,RS,autumn,4,2.0,73.33701,0.036668506
RS_0096,RS,autumn,5,2.5,32.71253,0.016356263
RS_0096,RS,autumn,6,3.0,30.735884,0.015367942
RS_0096,RS,autumn,7,3.5,45.77618,0.02288809
RS_0096,RS,autumn,8,4.0,41.276947,0.020638473
RS_0096,RS,autumn,9,4.5,45.751987,0.022875994
RS_0096,RS,autumn,10,5.0,39.687763,0.019843882
RS_0096,RS,autumn,11,5.5,34.923943,0.01746197
RS_0096,RS,autumn,12,6.0,20.627518,0.010313759
RS_0096,RS,autumn,13,6.5,27.23008,0.01361504
RS_0096,RS,autumn,14,7.0,19.501211,0.009750606
RS_0096,RS,autumn,15,7.5,23.89102,0.01194551
RS_0096,RS,autumn,16,8.0,29.298075,0.014649037
RS_0096,RS,autumn,17,8.5,29.06663,0.014533315
RS_0096,RS,autumn,18,9.0,25.86194,0.012930971
RS_0096,RS,autumn,19,9.5,27.776232,0.013888116
RS_0096,RS,autumn,20,10.0,24.92003,0.012460016
RS_0096,RS,autumn,21,10.5,11.990085,0.005995042
RS_0096,RS,autumn,22,11.0,10.461331,0.0052306657
RS_0096,RS,autumn,23,11.5,25.255705,0.012627852
RS_0096,RS,autumn,24,12.0,19.360826,0.009680414
RS_0096,RS,autumn,25,12.5,202.2356,0.1011178
RS_0096,RS,autumn,26,13.0,139.02315,0.06951158
RS_0096,RS,autumn,27,13.5,51.332436,0.025666218
RS_0096,RS,autumn,28,14.0,19.325336,0.009662668
RS_0096,RS,autumn,29,14.5,15.731384,0.0078656925
RS_0096,RS,autumn,30,15.0,18.716335,0.009358168
RS_0096,RS,autumn,31,15.5,16.11602,0.00805801
RS_0096,RS,autumn,32,16.0,18.842571,0.009421285
RS_0096,RS,autumn,33,16.5,23.03787,0.011518935
RS_0096,RS,autumn,34,17.0,22.050192,0.011025096
RS_0096,RS,autumn,35,17.5,25.020512,0.012510256
RS_0096,RS,autumn,36,18.0,41.538635,0.020769317
RS_0096,RS,autumn,37,18.5,33.10417,0.016552085
RS_0096,RS,autumn,38,19.0,29.095016,0.014547508
RS_0096,RS,autumn,39,19.5,36.779327,0.018389665
RS_0096,RS,autumn,40,20.0,44.9597,0.02247985
RS_0096,RS,autumn,41,20.5,49.95237,0.024976185
RS_0096,RS,autumn,42,21.0,72.939835,0.036469918
RS_0096,RS,autumn,43,21.5,46.825512,0.023412757
RS_0096,RS,autumn,44,22.0,58.555992,0.029277995
RS_0096,RS,autumn,45,22.5,63.709282,0.03185464
RS_0096,RS,autumn,46,23.0,47.66527,0.023832636
RS_0096,RS,autumn,47,23.5,70.42014,0.035210073
RS_0097,RS,spring,0,0.0,292.44836,0.14622419
RS_0097,RS,spring,1,0.5,313.07233,0.15653616
RS_0097,RS,spring,2,1.0,338.8535,0.16942674
RS_0097,RS,spring,3,1.5,391.51404,0.19575702
RS_0097,RS,spring,4,2.0,433.3614,0.21668069
RS_0097,RS,spring,5,2.5,343.06686,0.17153344
RS_0097,RS,spring,6,3.0,304.00024,0.15200013
RS_0097,RS,spring,7,3.5,349.10846,0.17455423
RS_0097,RS,spring,8,4.0,336.2486,0.1681243
RS_0097,RS,spring,9,4.5,342.93616,0.17146808
RS_0097,RS,spring,10,5.0,346.8505,0.17342524
RS_0097,RS,spring,11,5.5,371.2697,0.18563485
RS_0097,RS,spring,12,6.0,301.92413,0.15096207
RS_0097,RS,spring,13,6.5,341.2669,0.17063345
RS_0097,RS,spring,14,7.0,289.49878,0.14474939
RS_0097,RS,spring,15,7.5,344.40906,0.17220452
RS_0097,RS,spring,16,8.0,304.54977,0.15227489
RS_0097,RS,spring,17,8.5,256.50098,0.1282505
RS_0097,RS,spring,18,9.0,284.0299,0.14201495
RS_0097,RS,spring,19,9.5,257.01276,0.12850638
RS_0097,RS,spring,20,10.0,245.14021,0.122570105
RS_0097,RS,spring,21,10.5,160.21292,0.08010646
RS_0097,RS,spring,22,11.0,220.99411,0.11049706
RS_0097,RS,spring,23,11.5,247.97003,0.123985015
RS_0097,RS,spring,24,12.0,366.59943,0.18329972
RS_0097,RS,spring,25,12.5,943.1653,0.47158265
RS_0097,RS,spring,26,13.0,1144.7079,0.57235396
RS_0097,RS,spring,27,13.5,729.1617,0.36458084
RS_0097,RS,spring,28,14.0,593.16125,0.2965806
RS_0097,RS,spring,29,14.5,343.71405,0.17185703
RS_0097,RS,spring,30,15.0,216.46121,0.108230606
RS_0097,RS,spring,31,15.5,213.36497,0.10668249
RS_0097,RS,spring,32,16.0,195.56084,0.09778042
RS_0097,RS,spring,33,16.5,191.54707,0.09577353
RS_0097,RS,spring,34,17.0,195.7012,0.0978506
RS_0097,RS,spring,35,17.5,200.7978,0.100398906
RS_0097,RS,spring,36,18.0,283.37555,0.14168778
RS_0097,RS,spring,37,18.5,273.62604,0.13681301
RS_0097,RS,spring,38,19.0,374.8724,0.18743621
RS_0097,RS,spring,39,19.5,353.82306,0.17691153
RS_0097,RS,spring,40,20.0,322.3242,0.1611621
RS_0097,RS,spring,41,20.5,412.97495,0.20648748
RS_0097,RS,spring,42,21.0,442.14978,0.2210749
RS_0097,RS,spring,43,21.5,623.9074,0.3119537
RS_0097,RS,spring,44,22.0,930.195,0.46509752
RS_0097,RS,spring,45,22.5,1677.7482,0.8388741
RS_0097,RS,spring,46,23.0,959.3892,0.4796946
RS_0097,RS,spring,47,23.5,532.61676,0.26630837
RS_0098,RS,winter,0,0.0,146.40727,0.07320364
RS_0098,RS,winter,1,0.5,125.31641,0.062658206
RS_0098,RS,winter,2,1.0,199.398,0.099699
RS_0098,RS,winter,3,1.5,645.0505,0.32252523
RS_0098,RS,winter,4,2.0,1310.5465,0.65527326
RS_0098,RS,winter,5,2.5,839.40857,0.4197043
RS_0098,RS,winter,6,3.0,367.09494,0.18354747
RS_0098,RS,winter,7,3.5,198.72278,0.09936139
RS_0098,RS,winter,8,4.0,173.0511,0.08652555
RS_0098,RS,winter,9,4.5,137.77855,0.068889275
RS_0098,RS,winter,10,5.0,141.97766,0.070988834
RS_0098,RS,winter,11,5.5,143.63518,0.07181759
RS_0098,RS,winter,12,6.0,167.73892,0.083869465
RS_0098,RS,winter,13,6.5,236.64659,0.1183233
RS_0098,RS,winter,14,7.0,210.64531,0.10532265
RS_0098,RS,winter,15,7.5,174.23512,0.08711756
RS_0098,RS,winter,16,8.0,160.14583,0.08007292
RS_0098,RS,winter,17,8.5,185.20578,0.09260289
RS_0098,RS,winter,18,9.0,205.84993,0.102924965
RS_0098,RS,winter,19,9.5,200.75624,0.10037812
RS_0098,RS,winter,20,10.0,188.50652,0.09425326
RS_0098,RS,winter,21,10.5,202.78319,0.10139159
RS_0098,RS,winter,22,11.0,208.4182,0.104209095
RS_0098,RS,winter,23,11.5,196.5075,0.09825376
RS_0098,RS,winter,24,12.0,284.59094,0.14229546
RS_0098,RS,winter,25,12.5,293.64352,0.14682177
RS_0098,RS,winter,26,13.0,288.10736,0.14405368
RS_0098,RS,winter,27,13.5,222.91624,0.11145812
RS_0098,RS,winter,28,14.0,235.70238,0.11785119
RS_0098,RS,winter,29,14.5,335.49042,0.1677452
RS_0098,RS,winter,30,15.0,286.6761,0.14333804
RS_0098,RS,winter,31,15.5,267.22354,0.13361177
RS_0098,RS,winter,32,16.0,284.7138,0.1423569
RS_0098,RS,winter,33,16.5,317.0994,0.1585497
RS_0098,RS,winter,34,17.0,311.213,0.15560651
RS_0098,RS,winter,35,17.5,261.1875,0.13059375
RS_0098,RS,winter,36,18.0,357.31927,0.17865963
RS_0098,RS,winter,37,18.5,372.83795,0.18641898
RS_0098,RS,winter,38,19.0,390.92285,0.19546142
RS_0098,RS,winter,39,19.5,355.06387,0.17753194
RS_0098,RS,winter,40,20.0,335.81982,0.1679099
RS_0098,RS,winter,41,20.5,334.9767,0.16748835
RS_0098,RS,winter,42,21.0,322.46127,0.16123064
RS_0098,RS,winter,43,21.5,257.83752,0.12891877
RS_0098,RS,winter,44,22.0,272.1831,0.13609156
RS_0098,RS,winter,45,22.5,251.595,0.1257975
RS_0098,RS,winter,46,23.0,208.4795,0.104239754
RS_0098,RS,winter,47,23.5,197.20378,0.09860189
RS_0099,RS,autumn,0,0.0,496.3867,0.24819334
RS_0099,RS,autumn,1,0.5,393.8542,0.1969271
RS_0099,RS,autumn,2,1.0,343.65375,0.17182687
RS_0099,RS,autumn,3,1.5,407.2966,0.2036483
RS_0099,RS,autumn,4,2.0,352.58688,0.17629345
RS_0099,RS,autumn,5,2.5,330.5897,0.16529484
RS_0099,RS,autumn,6,3.0,306.86267,0.15343134
RS_0099,RS,autumn,7,3.5,297.96768,0.14898384
RS_0099,RS,autumn,8,4.0,329.12735,0.16456367
RS_0099,RS,autumn,9,4.5,343.8778,0.17193891
RS_0099,RS,autumn,10,5.0,337.85263,0.16892631
RS_0099,RS,autumn,11,5.5,342.19745,0.17109872
RS_0099,RS,autumn,12,6.0,299.5097,0.14975485
RS_0099,RS,autumn,13,6.5,321.3948,0.1606974
RS_0099,RS,autumn,14,7.0,331.55814,0.16577907
RS_0099,RS,autumn,15,7.5,440.19,0.22009501
RS_0099,RS,autumn,16,8.0,443.5496,0.2217748
RS_0099,RS,autumn,17,8.5,417.39804,0.20869902
RS_0099,RS,autumn,18,9.0,450.0669,0.22503345
RS_0099,RS,autumn,19,9.5,432.06488,0.21603245
RS_0099,RS,autumn,20,10.0,383.8245,0.19191225
RS_0099,RS,autumn,21,10.5,335.42526,0.16771263
RS_0099,RS,autumn,22,11.0,322.28397,0.16114198
RS_0099,RS,autumn,23,11.5,323.47095,0.16173548
RS_0099,RS,autumn,24,12.0,335.42432,0.16771215
RS_0099,RS,autumn,25,12.5,315.57367,0.15778683
RS_0099,RS,autumn,26,13.0,315.65005,0.15782502
RS_0099,RS,autumn,27,13.5,267.37103,0.13368551
RS_0099,RS,autumn,28,14.0,216.57323,0.10828661
RS_0099,RS,autumn,29,14.5,187.52104,0.09376052
RS_0099,RS,autumn,30,15.0,200.88269,0.100441344
RS_0099,RS,autumn,31,15.5,209.09052,0.10454526
RS_0099,RS,autumn,32,16.0,205.37083,0.102685414
RS_0099,RS,autumn,33,16.5,215.74513,0.10787257
RS_0099,RS,autumn,34,17.0,243.8669,0.121933445
RS_0099,RS,autumn,35,17.5,226.14175,0.113070875
RS_0099,RS,autumn,36,18.0,277.52454,0.13876227
RS_0099,RS,autumn,37,18.5,288.49057,0.14424528
RS_0099,RS,autumn,38,19.0,372.59167,0.18629584
RS_0099,RS,autumn,39,19.5,377.6048,0.18880239
RS_0099,RS,autumn,40,20.0,330.48615,0.16524307
RS_0099,RS,autumn,41,20.5,302.78943,0.15139471
RS_0099,RS,autumn,42,21.0,381.30545,0.19065273
RS_0099,RS,autumn,43,21.5,535.94275,0.26797137
RS_0099,RS,autumn,44,22.0,1140.5345,0.57026726
RS_0099,RS,autumn,45,22.5,2015.3728,1.0076864
RS_0099,RS,autumn,46,23.0,1564.6385,0.78231925
RS_0099,RS,autumn,47,23.5,970.31946,0.48515972
RS_0100,RS,summer,0,0.0,105.977844,0.05298892
RS_0100,RS,summer,1,0.5,82.237114,0.04111856
RS_0100,RS,summer,2,1.0,62.45388,0.03122694
RS_0100,RS,summer,3,1.5,57.389984,0.028694993
RS_0100,RS,summer,4,2.0,67.043755,0.033521876
RS_0100,RS,summer,5,2.5,57.456875,0.028728437
RS_0100,RS,summer,6,3.0,51.88803,0.025944015
RS_0100,RS,summer,7,3.5,61.271336,0.030635668
RS_0100,RS,summer,8,4.0,66.02903,0.033014514
RS_0100,RS,summer,9,4.5,66.313484,0.03315674
RS_0100,RS,summer,10,5.0,66.534294,0.033267148
RS_0100,RS,summer,11,5.5,62.832375,0.03141619
RS_0100,RS,summer,12,6.0,60.651623,0.030325811
RS_0100,RS,summer,13,6.5,58.724094,0.029362047
RS_0100,RS,summer,14,7.0,59.85612,0.02992806
RS_0100,RS,summer,15,7.5,59.9571,0.02997855
RS_0100,RS,summer,16,8.0,75.353065,0.03767653
RS_0100,RS,summer,17,8.5,67.25895,0.033629473
RS_0100,RS,summer,18,9.0,70.14113,0.035070565
RS_0100,RS,summer,19,9.5,65.01351,0.032506756
RS_0100,RS,summer,20,10.0,89.65058,0.04482529
RS_0100,RS,summer,21,10.5,74.1999,0.03709995
RS_0100,RS,summer,22,11.0,75.73718,0.037868593
RS_0100,RS,summer,23,11.5,94.79679,0.047398396
RS_0100,RS,summer,24,12.0,106.190414,0.053095207
RS_0100,RS,summer,25,12.5,99.202774,0.049601387
RS_0100,RS,summer,26,13.0,73.07517,0.036537588
RS_0100,RS,summer,27,13.5,69.86685,0.034933425
RS_0100,RS,summer,28,14.0,63.289413,0.031644706
RS_0100,RS,summer,29,14.5,61.904415,0.030952208
RS_0100,RS,summer,30,15.0,57.600574,0.028800286
RS_0100,RS,summer,31,15.5,53.377773,0.026688887
RS_0100,RS,summer,32,16.0,64.44949,0.03222475
RS_0100,RS,summer,33,16.5,60.210243,0.030105121
RS_0100,RS,summer,34,17.0,49.876488,0.024938244
RS_0100,RS,summer,35,17.5,57.077984,0.028538993
RS_0100,RS,summer,36,18.0,64.34836,0.032174177
RS_0100,RS,summer,37,18.5,45.591373,0.022795686
RS_0100,RS,summer,38,19.0,52.519817,0.026259908
RS_0100,RS,summer,39,19.5,55.666584,0.027833292
RS_0100,RS,summer,40,20.0,61.204796,0.030602397
RS_0100,RS,summer,41,20.5,59.16583,0.029582914
RS_0100,RS,summer,42,21.0,64.0929,0.032046452
RS_0100,RS,summer,43,21.5,52.976936,0.026488468
RS_0100,RS,summer,44,22.0,60.547493,0.030273747
RS_0100,RS,summer,45,22.5,63.586655,0.031793326
RS_0100,RS,summer,46,23.0,71.92803,0.035964016
RS_0100,RS,summer,47,23.5,96.279945,0.048139974
RS_0101,RS,winter,0,0.0,847.68787,0.42384392
RS_0101,RS,winter,1,0.5,948.30084,0.47415042
RS_0101,RS,winter,2,1.0,1491.3373,0.74566865
RS_0101,RS,winter,3,1.5,1965.6997,0.98284984
RS_0101,RS,winter,4,2.0,2315.6868,1.1578434
RS_0101,RS,winter,5,2.5,2408.003,1.2040014
RS_0101,RS,winter,6,3.0,1947.1119,0.973556
RS_0101,RS,winter,7,3.5,1772.2146,0.8861073
RS_0101,RS,winter,8,4.0,1309.077,0.6545385
RS_0101,RS,winter,9,4.5,1139.3649,0.5696824
RS_0101,RS,winter,10,5.0,852.7021,0.42635104
RS_0101,RS,winter,11,5.5,721.88184,0.3609409
RS_0101,RS,winter,12,6.0,595.7553,0.29787767
RS_0101,RS,winter,13,6.5,575.6373,0.28781867
RS_0101,RS,winter,14,7.0,411.5205,0.20576026
RS_0101,RS,winter,15,7.5,438.3254,0.2191627
RS_0101,RS,winter,16,8.0,414.89297,0.20744649
RS_0101,RS,winter,17,8.5,439.92584,0.21996292
RS_0101,RS,winter,18,9.0,424.83963,0.21241981
RS_0101,RS,winter,19,9.5,384.464,0.192232
RS_0101,RS,winter,20,10.0,498.57178,0.24928589
RS_0101,RS,winter,21,10.5,407.47205,0.20373602
RS_0101,RS,winter,22,11.0,449.59094,0.22479548
RS_0101,RS,winter,23,11.5,525.5353,0.26276764
RS_0101,RS,winter,24,12.0,973.6776,0.48683882
RS_0101,RS,winter,25,12.5,1242.5457,0.6212728
RS_0101,RS,winter,26,13.0,1544.9735,0.77248675
RS_0101,RS,winter,27,13.5,1506.6478,0.7533239
RS_0101,RS,winter,28,14.0,1604.9192,0.8024596
RS_0101,RS,winter,29,14.5,1514.8295,0.75741476
RS_0101,RS,winter,30,15.0,1132.3312,0.56616557
RS_0101,RS,winter,31,15.5,819.93933,0.40996966
RS_0101,RS,winter,32,16.0,767.50885,0.38375443
RS_0101,RS,winter,33,16.5,616.7056,0.30835283
RS_0101,RS,winter,34,17.0,687.94867,0.34397432
RS_0101,RS,winter,35,17.5,647.7442,0.3238721
RS_0101,RS,winter,36,18.0,874.8753,0.43743765
RS_0101,RS,winter,37,18.5,851.24115,0.4256206
RS_0101,RS,winter,38,19.0,748.34625,0.37417313
RS_0101,RS,winter,39,19.5,785.5696,0.3927848
RS_0101,RS,winter,40,20.0,837.13104,0.4185655
RS_0101,RS,winter,41,20.5,905.73236,0.45286617
RS_0101,RS,winter,42,21.0,848.63776,0.42431888
RS_0101,RS,winter,43,21.5,853.81494,0.42690748
RS_0101,RS,winter,44,22.0,866.5041,0.43325204
RS_0101,RS,winter,45,22.5,988.01587,0.49400795
RS_0101,RS,winter,46,23.0,993.51917,0.4967596
RS_0101,RS,winter,47,23.5,1057.1539,0.52857697
RS_0102,RS,spring,0,0.0,1042.2047,0.52110237
RS_0102,RS,spring,1,0.5,1003.8498,0.5019249
RS_0102,RS,spring,2,1.0,1035.4635,0.5177317
RS_0102,RS,spring,3,1.5,1101.4624,0.5507312
RS_0102,RS,spring,4,2.0,879.84143,0.43992072
RS_0102,RS,spring,5,2.5,879.7603,0.43988016
RS_0102,RS,spring,6,3.0,919.8849,0.45994243
RS_0102,RS,spring,7,3.5,934.248,0.467124
RS_0102,RS,spring,8,4.0,918.4904,0.4592452
RS_0102,RS,spring,9,4.5,934.56555,0.46728277
RS_0102,RS,spring,10,5.0,938.29266,0.46914634
RS_0102,RS,spring,11,5.5,788.29956,0.39414978
RS_0102,RS,spring,12,6.0,808.12573,0.40406287
RS_0102,RS,spring,13,6.5,779.3692,0.3896846
RS_0102,RS,spring,14,7.0,686.87854,0.34343928
RS_0102,RS,spring,15,7.5,531.6365,0.26581824
RS_0102,RS,spring,16,8.0,496.51477,0.24825738
RS_0102,RS,spring,17,8.5,528.3871,0.26419353
RS_0102,RS,spring,18,9.0,472.11746,0.23605873
RS_0102,RS,spring,19,9.5,422.6327,0.21131635
RS_0102,RS,spring,20,10.0,397.83975,0.19891988
RS_0102,RS,spring,21,10.5,338.5682,0.1692841
RS_0102,RS,spring,22,11.0,348.54315,0.17427157
RS_0102,RS,spring,23,11.5,277.5038,0.13875191
RS_0102,RS,spring,24,12.0,298.05936,0.14902967
RS_0102,RS,spring,25,12.5,233.48872,0.11674436
RS_0102,RS,spring,26,13.0,215.52655,0.107763276
RS_0102,RS,spring,27,13.5,162.72707,0.08136354
RS_0102,RS,spring,28,14.0,224.5839,0.11229195
RS_0102,RS,spring,29,14.5,295.42108,0.14771055
RS_0102,RS,spring,30,15.0,429.00815,0.21450408
RS_0102,RS,spring,31,15.5,569.05597,0.284528
RS_0102,RS,spring,32,16.0,634.92914,0.31746456
RS_0102,RS,spring,33,16.5,566.7491,0.28337455
RS_0102,RS,spring,34,17.0,584.07684,0.2920384
RS_0102,RS,spring,35,17.5,484.78433,0.24239217
RS_0102,RS,spring,36,18.0,501.22443,0.2506122
RS_0102,RS,spring,37,18.5,448.91873,0.22445937
RS_0102,RS,spring,38,19.0,492.40045,0.24620022
RS_0102,RS,spring,39,19.5,482.18698,0.24109349
RS_0102,RS,spring,40,20.0,478.6088,0.2393044
RS_0102,RS,spring,41,20.5,447.66864,0.22383432
RS_0102,RS,spring,42,21.0,444.2276,0.2221138
RS_0102,RS,spring,43,21.5,413.46103,0.20673051
RS_0102,RS,spring,44,22.0,397.93906,0.19896953
RS_0102,RS,spring,45,22.5,414.2232,0.2071116
RS_0102,RS,spring,46,23.0,438.3937,0.21919686
RS_0102,RS,spring,47,23.5,582.5141,0.29125705
RS_0103,RS,summer,0,0.0,54.726555,0.027363278
RS_0103,RS,summer,1,0.5,58.26997,0.029134985
RS_0103,RS,summer,2,1.0,232.52954,0.11626477
RS_0103,RS,summer,3,1.5,1219.8884,0.6099442
RS_0103,RS,summer,4,2.0,794.7709,0.39738545
RS_0103,RS,summer,5,2.5,117.942795,0.058971398
RS_0103,RS,summer,6,3.0,69.05552,0.03452776
RS_0103,RS,summer,7,3.5,64.57819,0.032289095
RS_0103,RS,summer,8,4.0,67.96967,0.033984836
RS_0103,RS,summer,9,4.5,56.209476,0.028104737
RS_0103,RS,summer,10,5.0,61.484272,0.030742137
RS_0103,RS,summer,11,5.5,57.388454,0.028694227
RS_0103,RS,summer,12,6.0,44.618027,0.022309013
RS_0103,RS,summer,13,6.5,52.40082,0.02620041
RS_0103,RS,summer,14,7.0,35.839714,0.017919857
RS_0103,RS,summer,15,7.5,41.697357,0.020848678
RS_0103,RS,summer,16,8.0,31.020706,0.015510353
RS_0103,RS,summer,17,8.5,26.988049,0.013494024
RS_0103,RS,summer,18,9.0,26.78443,0.013392215
RS_0103,RS,summer,19,9.5,32.034813,0.016017407
RS_0103,RS,summer,20,10.0,24.712803,0.012356401
RS_0103,RS,summer,21,10.5,24.96103,0.012480514
RS_0103,RS,summer,22,11.0,22.154133,0.011077067
RS_0103,RS,summer,23,11.5,38.335117,0.01916756
RS_0103,RS,summer,24,12.0,18.484598,0.009242299
RS_0103,RS,summer,25,12.5,108.729744,0.05436487
RS_0103,RS,summer,26,13.0,52.677395,0.026338698
RS_0103,RS,summer,27,13.5,69.835464,0.03491773
RS_0103,RS,summer,28,14.0,36.251198,0.0181256
RS_0103,RS,summer,29,14.5,44.025116,0.022012558
RS_0103,RS,summer,30,15.0,50.000023,0.025000012
RS_0103,RS,summer,31,15.5,41.28355,0.020641776
RS_0103,RS,summer,32,16.0,37.82246,0.01891123
RS_0103,RS,summer,33,16.5,45.947437,0.022973718
RS_0103,RS,summer,34,17.0,50.894794,0.025447397
RS_0103,RS,summer,35,17.5,66.449135,0.033224568
RS_0103,RS,summer,36,18.0,72.310616,0.03615531
RS_0103,RS,summer,37,18.5,62.587395,0.031293698
RS_0103,RS,summer,38,19.0,78.791115,0.039395556
RS_0103,RS,summer,39,19.5,81.99749,0.040998746
RS_0103,RS,summer,40,20.0,64.833984,0.032416992
RS_0103,RS,summer,41,20.5,79.01664,0.03950832
RS_0103,RS,summer,42,21.0,92.28922,0.046144612
RS_0103,RS,summer,43,21.5,76.852905,0.03842645
RS_0103,RS,summer,44,22.0,62.099686,0.031049842
RS_0103,RS,summer,45,22.5,79.97471,0.039987355
RS_0103,RS,summer,46,23.0,66.734665,0.033367332
RS_0103,RS,summer,47,23.5,62.84175,0.031420875
RS_0104,RS,autumn,0,0.0,93.49111,0.046745557
RS_0104,RS,autumn,1,0.5,85.9014,0.042950697
RS_0104,RS,autumn,2,1.0,214.76747,0.107383735
RS_0104,RS,autumn,3,1.5,580.4604,0.29023018
RS_0104,RS,autumn,4,2.0,343.78622,0.1718931
RS_0104,RS,autumn,5,2.5,137.03653,0.068518266
RS_0104,RS,autumn,6,3.0,108.05102,0.05402551
RS_0104,RS,autumn,7,3.5,116.73962,0.058369808
RS_0104,RS,autumn,8,4.0,108.461494,0.054230746
RS_0104,RS,autumn,9,4.5,99.89346,0.049946733
RS_0104,RS,autumn,10,5.0,107.91466,0.05395733
RS_0104,RS,autumn,11,5.5,114.45968,0.05722984
RS_0104,RS,autumn,12,6.0,79.95668,0.03997834
RS_0104,RS,autumn,13,6.5,109.18154,0.05459077
RS_0104,RS,autumn,14,7.0,143.78954,0.071894765
RS_0104,RS,autumn,15,7.5,263.151,0.1315755
RS_0104,RS,autumn,16,8.0,466.54974,0.23327488
RS_0104,RS,autumn,17,8.5,480.57892,0.24028946
RS_0104,RS,autumn,18,9.0,437.446,0.21872301
RS_0104,RS,autumn,19,9.5,293.5935,0.14679675
RS_0104,RS,autumn,20,10.0,179.73338,0.08986669
RS_0104,RS,autumn,21,10.5,104.9937,0.05249685
RS_0104,RS,autumn,22,11.0,97.29973,0.048649862
RS_0104,RS,autumn,23,11.5,90.79308,0.04539654
RS_0104,RS,autumn,24,12.0,226.62674,0.11331337
RS_0104,RS,autumn,25,12.5,435.22095,0.21761048
RS_0104,RS,autumn,26,13.0,650.7602,0.3253801
RS_0104,RS,autumn,27,13.5,301.63855,0.15081927
RS_0104,RS,autumn,28,14.0,107.1559,0.05357795
RS_0104,RS,autumn,29,14.5,58.328274,0.029164137
RS_0104,RS,autumn,30,15.0,72.00186,0.03600093
RS_0104,RS,autumn,31,15.5,55.474014,0.027737007
RS_0104,RS,autumn,32,16.0,69.855865,0.034927934
RS_0104,RS,autumn,33,16.5,67.149185,0.033574592
RS_0104,RS,autumn,34,17.0,73.74335,0.036871675
RS_0104,RS,autumn,35,17.5,80.20625,0.040103126
RS_0104,RS,autumn,36,18.0,134.9559,0.06747795
RS_0104,RS,autumn,37,18.5,108.73681,0.054368403
RS_0104,RS,autumn,38,19.0,133.62595,0.06681297
RS_0104,RS,autumn,39,19.5,125.38919,0.062694594
RS_0104,RS,autumn,40,20.0,133.56042,0.06678021
RS_0104,RS,autumn,41,20.5,129.22375,0.064611875
RS_0104,RS,autumn,42,21.0,178.06313,0.08903156
RS_0104,RS,autumn,43,21.5,150.69653,0.075348265
RS_0104,RS,autumn,44,22.0,123.536194,0.061768096
RS_0104,RS,autumn,45,22.5,129.68126,0.06484063
RS_0104,RS,autumn,46,23.0,104.54232,0.05227116
RS_0104,RS,autumn,47,23.5,79.901886,0.039950944
RS_0105,RS,spring,0,0.0,408.3204,0.2041602
RS_0105,RS,spring,1,0.5,335.59344,0.16779672
RS_0105,RS,spring,2,1.0,365.11636,0.18255818
RS_0105,RS,spring,3,1.5,348.50897,0.17425449
RS_0105,RS,spring,4,2.0,382.9462,0.1914731
RS_0105,RS,spring,5,2.5,327.95325,0.16397662
RS_0105,RS,spring,6,3.0,324.04858,0.16202429
RS_0105,RS,spring,7,3.5,309.97876,0.15498938
RS_0105,RS,spring,8,4.0,376.9832,0.1884916
RS_0105,RS,spring,9,4.5,341.2222,0.1706111
RS_0105,RS,spring,10,5.0,363.3433,0.18167165
RS_0105,RS,spring,11,5.5,375.3509,0.18767545
RS_0105,RS,spring,12,6.0,440.4421,0.22022106
RS_0105,RS,spring,13,6.5,509.43405,0.25471702
RS_0105,RS,spring,14,7.0,615.8074,0.30790368
RS_0105,RS,spring,15,7.5,630.8131,0.31540656
RS_0105,RS,spring,16,8.0,719.7757,0.35988784
RS_0105,RS,spring,17,8.5,758.56055,0.37928027
RS_0105,RS,spring,18,9.0,797.62415,0.3988121
RS_0105,RS,spring,19,9.5,767.3971,0.38369855
RS_0105,RS,spring,20,10.0,731.3378,0.36566892
RS_0105,RS,spring,21,10.5,671.28357,0.33564177
RS_0105,RS,spring,22,11.0,767.5807,0.38379034
RS_0105,RS,spring,23,11.5,806.69946,0.40334973
RS_0105,RS,spring,24,12.0,932.0271,0.46601355
RS_0105,RS,spring,25,12.5,767.05383,0.38352692
RS_0105,RS,spring,26,13.0,718.3453,0.35917264
RS_0105,RS,spring,27,13.5,595.4034,0.2977017
RS_0105,RS,spring,28,14.0,513.31433,0.25665715
RS_0105,RS,spring,29,14.5,451.35883,0.22567941
RS_0105,RS,spring,30,15.0,432.61618,0.21630809
RS_0105,RS,spring,31,15.5,439.02438,0.2195122
RS_0105,RS,spring,32,16.0,431.2203,0.21561015
RS_0105,RS,spring,33,16.5,444.23502,0.22211751
RS_0105,RS,spring,34,17.0,475.11658,0.23755829
RS_0105,RS,spring,35,17.5,466.36496,0.23318247
RS_0105,RS,spring,36,18.0,517.52686,0.25876343
RS_0105,RS,spring,37,18.5,600.30554,0.30015278
RS_0105,RS,spring,38,19.0,597.81335,0.29890668
RS_0105,RS,spring,39,19.5,535.7452,0.2678726
RS_0105,RS,spring,40,20.0,523.6969,0.26184845
RS_0105,RS,spring,41,20.5,458.37708,0.22918853
RS_0105,RS,spring,42,21.0,475.54315,0.23777157
RS_0105,RS,spring,43,21.5,441.72168,0.22086084
RS_0105,RS,spring,44,22.0,409.09268,0.20454635
RS_0105,RS,spring,45,22.5,372.94403,0.18647201
RS_0105,RS,spring,46,23.0,346.84103,0.17342052
RS_0105,RS,spring,47,23.5,365.47968,0.18273984
RS_0106,RS,spring,0,0.0,187.2687,0.09363435
RS_0106,RS,spring,1,0.5,164.65845,0.08232922
RS_0106,RS,spring,2,1.0,167.53957,0.08376978
RS_0106,RS,spring,3,1.5,155.96489,0.07798245
RS_0106,RS,spring,4,2.0,163.45082,0.08172541
RS_0106,RS,spring,5,2.5,124.00013,0.062000066
RS_0106,RS,spring,6,3.0,140.0832,0.070041604
RS_0106,RS,spring,7,3.5,139.40852,0.069704264
RS_0106,RS,spring,8,4.0,145.89505,0.072947524
RS_0106,RS,spring,9,4.5,114.9453,0.05747265
RS_0106,RS,spring,10,5.0,157.56921,0.07878461
RS_0106,RS,spring,11,5.5,127.73888,0.06386944
RS_0106,RS,spring,12,6.0,127.30554,0.06365277
RS_0106,RS,spring,13,6.5,124.29313,0.062146563
RS_0106,RS,spring,14,7.0,149.88394,0.07494197
RS_0106,RS,spring,15,7.5,138.83125,0.06941563
RS_0106,RS,spring,16,8.0,193.52983,0.096764915
RS_0106,RS,spring,17,8.5,244.7348,0.122367404
RS_0106,RS,spring,18,9.0,408.84305,0.20442152
RS_0106,RS,spring,19,9.5,525.272,0.26263598
RS_0106,RS,spring,20,10.0,638.5089,0.31925446
RS_0106,RS,spring,21,10.5,755.72955,0.37786478
RS_0106,RS,spring,22,11.0,759.6388,0.3798194
RS_0106,RS,spring,23,11.5,990.7346,0.49536732
RS_0106,RS,spring,24,12.0,902.31714,0.45115858
RS_0106,RS,spring,25,12.5,835.33295,0.41766647
RS_0106,RS,spring,26,13.0,841.3612,0.4206806
RS_0106,RS,spring,27,13.5,742.3323,0.37116614
RS_0106,RS,spring,28,14.0,679.80396,0.33990198
RS_0106,RS,spring,29,14.5,808.76184,0.40438092
RS_0106,RS,spring,30,15.0,881.3194,0.4406597
RS_0106,RS,spring,31,15.5,812.29407,0.40614703
RS_0106,RS,spring,32,16.0,630.21173,0.31510586
RS_0106,RS,spring,33,16.5,476.28586,0.23814292
RS_0106,RS,spring,34,17.0,437.9372,0.2189686
RS_0106,RS,spring,35,17.5,326.9437,0.16347185
RS_0106,RS,spring,36,18.0,287.76154,0.14388077
RS_0106,RS,spring,37,18.5,245.67047,0.122835234
RS_0106,RS,spring,38,19.0,222.09784,0.11104892
RS_0106,RS,spring,39,19.5,218.06157,0.10903078
RS_0106,RS,spring,40,20.0,215.86433,0.107932165
RS_0106,RS,spring,41,20.5,217.86037,0.108930185
RS_0106,RS,spring,42,21.0,264.8573,0.13242865
RS_0106,RS,spring,43,21.5,246.12302,0.12306151
RS_0106,RS,spring,44,22.0,229.73247,0.114866234
RS_0106,RS,spring,45,22.5,258.15366,0.12907682
RS_0106,RS,spring,46,23.0,270.97223,0.13548611
RS_0106,RS,spring,47,23.5,234.37741,0.11718871
RS_0107,RS,autumn,0,0.0,161.38214,0.08069107
RS_0107,RS,autumn,1,0.5,179.32655,0.089663275
RS_0107,RS,autumn,2,1.0,249.97981,0.124989904
RS_0107,RS,autumn,3,1.5,345.403,0.17270151
RS_0107,RS,autumn,4,2.0,256.85397,0.12842698
RS_0107,RS,autumn,5,2.5,258.4154,0.1292077
RS_0107,RS,autumn,6,3.0,246.9476,0.1234738
RS_0107,RS,autumn,7,3.5,216.69391,0.108346954
RS_0107,RS,autumn,8,4.0,262.84283,0.13142142
RS_0107,RS,autumn,9,4.5,198.71849,0.099359244
RS_0107,RS,autumn,10,5.0,237.49915,0.118749574
RS_0107,RS,autumn,11,5.5,239.31493,0.119657464
RS_0107,RS,autumn,12,6.0,251.59427,0.12579714
RS_0107,RS,autumn,13,6.5,413.284,0.206642
RS_0107,RS,autumn,14,7.0,450.6762,0.2253381
RS_0107,RS,autumn,15,7.5,538.5972,0.2692986
RS_0107,RS,autumn,16,8.0,425.68723,0.21284361
RS_0107,RS,autumn,17,8.5,330.00644,0.16500323
RS_0107,RS,autumn,18,9.0,331.76053,0.16588026
RS_0107,RS,autumn,19,9.5,282.19598,0.141098
RS_0107,RS,autumn,20,10.0,256.8648,0.12843241
RS_0107,RS,autumn,21,10.5,196.44969,0.09822485
RS_0107,RS,autumn,22,11.0,232.25989,0.11612994
RS_0107,RS,autumn,23,11.5,236.37704,0.11818852
RS_0107,RS,autumn,24,12.0,401.0626,0.20053129
RS_0107,RS,autumn,25,12.5,651.5411,0.32577053
RS_0107,RS,autumn,26,13.0,872.6995,0.43634975
RS_0107,RS,autumn,27,13.5,870.74286,0.43537143
RS_0107,RS,autumn,28,14.0,1185.6912,0.59284556
RS_0107,RS,autumn,29,14.5,771.43994,0.38571998
RS_0107,RS,autumn,30,15.0,477.65768,0.23882884
RS_0107,RS,autumn,31,15.5,433.89523,0.21694762
RS_0107,RS,autumn,32,16.0,296.23026,0.14811513
RS_0107,RS,autumn,33,16.5,189.68152,0.09484076
RS_0107,RS,autumn,34,17.0,132.10599,0.066052996
RS_0107,RS,autumn,35,17.5,130.40091,0.065200455
RS_0107,RS,autumn,36,18.0,125.87297,0.062936485
RS_0107,RS,autumn,37,18.5,131.21779,0.0656089
RS_0107,RS,autumn,38,19.0,93.09962,0.04654981
RS_0107,RS,autumn,39,19.5,87.19127,0.043595634
RS_0107,RS,autumn,40,20.0,97.11593,0.048557963
RS_0107,RS,autumn,41,20.5,104.31454,0.052157268
RS_0107,RS,autumn,42,21.0,100.98249,0.050491244
RS_0107,RS,autumn,43,21.5,138.96915,0.06948458
RS_0107,RS,autumn,44,22.0,165.10077,0.082550384
RS_0107,RS,autumn,45,22.5,131.32236,0.06566118
RS_0107,RS,autumn,46,23.0,149.86467,0.07493234
RS_0107,RS,autumn,47,23.5,180.09251,0.09004626
RS_0108,RS,summer,0,0.0,215.50519,0.10775259
RS_0108,RS,summer,1,0.5,198.06503,0.099032514
RS_0108,RS,summer,2,1.0,251.904,0.125952
RS_0108,RS,summer,3,1.5,526.49426,0.26324713
RS_0108,RS,summer,4,2.0,837.57996,0.41878998
RS_0108,RS,summer,5,2.5,591.7099,0.29585496
RS_0108,RS,summer,6,3.0,503.38412,0.25169206
RS_0108,RS,summer,7,3.5,392.83502,0.19641751
RS_0108,RS,summer,8,4.0,358.32108,0.17916054
RS_0108,RS,summer,9,4.5,251.39899,0.12569949
RS_0108,RS,summer,10,5.0,270.28384,0.13514192
RS_0108,RS,summer,11,5.5,215.936,0.107968
RS_0108,RS,summer,12,6.0,258.201,0.1291005
RS_0108,RS,summer,13,6.5,239.92854,0.11996427
RS_0108,RS,summer,14,7.0,234.37416,0.11718708
RS_0108,RS,summer,15,7.5,202.40642,0.10120321
RS_0108,RS,summer,16,8.0,233.1063,0.11655314
RS_0108,RS,summer,17,8.5,283.58432,0.14179216
RS_0108,RS,summer,18,9.0,353.42383,0.17671192
RS_0108,RS,summer,19,9.5,473.4341,0.23671706
RS_0108,RS,summer,20,10.0,521.23975,0.26061988
RS_0108,RS,summer,21,10.5,529.4927,0.26474634
RS_0108,RS,summer,22,11.0,492.18216,0.24609108
RS_0108,RS,summer,23,11.5,498.76596,0.24938299
RS_0108,RS,summer,24,12.0,549.2918,0.2746459
RS_0108,RS,summer,25,12.5,349.47092,0.17473546
RS_0108,RS,summer,26,13.0,299.30847,0.14965424
RS_0108,RS,summer,27,13.5,247.38722,0.12369361
RS_0108,RS,summer,28,14.0,265.52228,0.13276114
RS_0108,RS,summer,29,14.5,362.0248,0.1810124
RS_0108,RS,summer,30,15.0,636.4304,0.31821522
RS_0108,RS,summer,31,15.5,814.9059,0.40745294
RS_0108,RS,summer,32,16.0,716.0535,0.35802677
RS_0108,RS,summer,33,16.5,604.39777,0.3021989
RS_0108,RS,summer,34,17.0,512.9696,0.2564848
RS_0108,RS,summer,35,17.5,388.14465,0.19407232
RS_0108,RS,summer,36,18.0,401.80963,0.20090482
RS_0108,RS,summer,37,18.5,367.53912,0.18376957
RS_0108,RS,summer,38,19.0,300.15308,0.15007654
RS_0108,RS,summer,39,19.5,327.89835,0.16394918
RS_0108,RS,summer,40,20.0,311.26544,0.15563272
RS_0108,RS,summer,41,20.5,258.28543,0.12914272
RS_0108,RS,summer,42,21.0,280.64514,0.14032257
RS_0108,RS,summer,43,21.5,226.15843,0.11307921
RS_0108,RS,summer,44,22.0,221.60425,0.11080212
RS_0108,RS,summer,45,22.5,188.98297,0.09449149
RS_0108,RS,summer,46,23.0,215.70401,0.107852004
RS_0108,RS,summer,47,23.5,204.99576,0.102497876
RS_0109,RS,spring,0,0.0,140.53845,0.07026923
RS_0109,RS,spring,1,0.5,135.79869,0.06789935
RS_0109,RS,spring,2,1.0,155.9283,0.07796415
RS_0109,RS,spring,3,1.5,142.25269,0.07112634
RS_0109,RS,spring,4,2.0,206.40608,0.10320304
RS_0109,RS,spring,5,2.5,134.01578,0.06700789
RS_0109,RS,spring,6,3.0,158.80748,0.07940374
RS_0109,RS,spring,7,3.5,160.23053,0.080115266
RS_0109,RS,spring,8,4.0,126.49818,0.06324909
RS_0109,RS,spring,9,4.5,166.15623,0.083078116
RS_0109,RS,spring,10,5.0,133.82002,0.06691001
RS_0109,RS,spring,11,5.5,171.8094,0.0859047
RS_0109,RS,spring,12,6.0,132.77544,0.06638772
RS_0109,RS,spring,13,6.5,163.12149,0.081560746
RS_0109,RS,spring,14,7.0,97.53099,0.048765495
RS_0109,RS,spring,15,7.5,148.76402,0.074382015
RS_0109,RS,spring,16,8.0,101.66759,0.050833795
RS_0109,RS,spring,17,8.5,107.86974,0.053934872
RS_0109,RS,spring,18,9.0,122.116066,0.061058033
RS_0109,RS,spring,19,9.5,104.45413,0.052227065
RS_0109,RS,spring,20,10.0,148.10562,0.07405281
RS_0109,RS,spring,21,10.5,77.99102,0.03899551
RS_0109,RS,spring,22,11.0,145.9366,0.0729683
RS_0109,RS,spring,23,11.5,137.88672,0.06894336
RS_0109,RS,spring,24,12.0,87.84707,0.043923534
RS_0109,RS,spring,25,12.5,445.25314,0.22262657
RS_0109,RS,spring,26,13.0,313.6634,0.1568317
RS_0109,RS,spring,27,13.5,511.9068,0.2559534
RS_0109,RS,spring,28,14.0,389.4165,0.19470826
RS_0109,RS,spring,29,14.5,304.6579,0.15232895
RS_0109,RS,spring,30,15.0,182.08865,0.09104433
RS_0109,RS,spring,31,15.5,142.67654,0.07133827
RS_0109,RS,spring,32,16.0,136.43631,0.06821816
RS_0109,RS,spring,33,16.5,122.92652,0.06146326
RS_0109,RS,spring,34,17.0,140.74673,0.070373364
RS_0109,RS,spring,35,17.5,150.7335,0.07536675
RS_0109,RS,spring,36,18.0,181.72888,0.09086444
RS_0109,RS,spring,37,18.5,142.36516,0.07118258
RS_0109,RS,spring,38,19.0,271.01425,0.13550712
RS_0109,RS,spring,39,19.5,223.16612,0.11158306
RS_0109,RS,spring,40,20.0,187.41023,0.09370512
RS_0109,RS,spring,41,20.5,266.4339,0.13321695
RS_0109,RS,spring,42,21.0,200.31178,0.10015589
RS_0109,RS,spring,43,21.5,252.43977,0.12621988
RS_0109,RS,spring,44,22.0,180.5562,0.0902781
RS_0109,RS,spring,45,22.5,217.12794,0.108563974
RS_0109,RS,spring,46,23.0,191.10495,0.095552474
RS_0109,RS,spring,47,23.5,183.50175,0.091750875
RS_0110,RS,spring,0,0.0,75.69032,0.03784516
RS_0110,RS,spring,1,0.5,50.24213,0.025121065
RS_0110,RS,spring,2,1.0,83.09369,0.041546844
RS_0110,RS,spring,3,1.5,77.63116,0.03881558
RS_0110,RS,spring,4,2.0,117.02747,0.05851374
RS_0110,RS,spring,5,2.5,84.41386,0.042206928
RS_0110,RS,spring,6,3.0,278.73892,0.13936946
RS_0110,RS,spring,7,3.5,104.936,0.052467998
RS_0110,RS,spring,8,4.0,145.8599,0.07292995
RS_0110,RS,spring,9,4.5,87.74054,0.04387027
RS_0110,RS,spring,10,5.0,110.11482,0.05505741
RS_0110,RS,spring,11,5.5,138.18752,0.06909376
RS_0110,RS,spring,12,6.0,165.09348,0.08254674
RS_0110,RS,spring,13,6.5,170.64038,0.08532019
RS_0110,RS,spring,14,7.0,143.9458,0.0719729
RS_0110,RS,spring,15,7.5,180.6415,0.09032075
RS_0110,RS,spring,16,8.0,120.32772,0.06016386
RS_0110,RS,spring,17,8.5,106.8734,0.0534367
RS_0110,RS,spring,18,9.0,134.21294,0.06710647
RS_0110,RS,spring,19,9.5,174.05048,0.08702524
RS_0110,RS,spring,20,10.0,230.18973,0.11509486
RS_0110,RS,spring,21,10.5,111.56682,0.05578341
RS_0110,RS,spring,22,11.0,377.9375,0.18896875
RS_0110,RS,spring,23,11.5,203.30139,0.10165069
RS_0110,RS,spring,24,12.0,236.99893,0.118499465
RS_0110,RS,spring,25,12.5,145.15382,0.07257691
RS_0110,RS,spring,26,13.0,191.86171,0.09593085
RS_0110,RS,spring,27,13.5,331.31052,0.16565526
RS_0110,RS,spring,28,14.0,541.15955,0.2705798
RS_0110,RS,spring,29,14.5,481.01337,0.24050668
RS_0110,RS,spring,30,15.0,197.94945,0.09897473
RS_0110,RS,spring,31,15.5,146.32584,0.07316292
RS_0110,RS,spring,32,16.0,106.4759,0.05323795
RS_0110,RS,spring,33,16.5,120.2804,0.0601402
RS_0110,RS,spring,34,17.0,120.13452,0.060067263
RS_0110,RS,spring,35,17.5,204.87714,0.10243857
RS_0110,RS,spring,36,18.0,155.34482,0.07767241
RS_0110,RS,spring,37,18.5,140.93605,0.07046802
RS_0110,RS,spring,38,19.0,241.35213,0.12067606
RS_0110,RS,spring,39,19.5,145.73726,0.07286863
RS_0110,RS,spring,40,20.0,179.50455,0.08975227
RS_0110,RS,spring,41,20.5,99.009544,0.04950477
RS_0110,RS,spring,42,21.0,181.44931,0.090724654
RS_0110,RS,spring,43,21.5,189.17938,0.09458969
RS_0110,RS,spring,44,22.0,173.4689,0.08673445
RS_0110,RS,spring,45,22.5,150.57101,0.07528551
RS_0110,RS,spring,46,23.0,159.4188,0.079709396
RS_0110,RS,spring,47,23.5,100.258026,0.05012901
RS_0111,RS,summer,0,0.0,218.14755,0.10907377
RS_0111,RS,summer,1,0.5,189.74382,0.09487191
RS_0111,RS,summer,2,1.0,192.30032,0.09615016
RS_0111,RS,summer,3,1.5,229.16393,0.114581965
RS_0111,RS,summer,4,2.0,218.20305,0.10910153
RS_0111,RS,summer,5,2.5,215.75381,0.107876904
RS_0111,RS,summer,6,3.0,150.54059,0.075270295
RS_0111,RS,summer,7,3.5,166.32498,0.083162494
RS_0111,RS,summer,8,4.0,181.63332,0.09081666
RS_0111,RS,summer,9,4.5,154.80466,0.07740233
RS_0111,RS,summer,10,5.0,196.791,0.0983955
RS_0111,RS,summer,11,5.5,262.48013,0.13124007
RS_0111,RS,summer,12,6.0,195.16777,0.09758388
RS_0111,RS,summer,13,6.5,226.91934,0.11345967
RS_0111,RS,summer,14,7.0,374.01096,0.18700548
RS_0111,RS,summer,15,7.5,555.0822,0.2775411
RS_0111,RS,summer,16,8.0,797.55066,0.39877534
RS_0111,RS,summer,17,8.5,775.1894,0.3875947
RS_0111,RS,summer,18,9.0,906.1229,0.45306146
RS_0111,RS,summer,19,9.5,816.7185,0.40835926
RS_0111,RS,summer,20,10.0,581.6136,0.2908068
RS_0111,RS,summer,21,10.5,394.76407,0.19738203
RS_0111,RS,summer,22,11.0,477.12186,0.23856093
RS_0111,RS,summer,23,11.5,633.51825,0.31675914
RS_0111,RS,summer,24,12.0,1243.5018,0.6217509
RS_0111,RS,summer,25,12.5,1152.1976,0.5760988
RS_0111,RS,summer,26,13.0,1156.9579,0.57847893
RS_0111,RS,summer,27,13.5,563.80237,0.28190118
RS_0111,RS,summer,28,14.0,283.15936,0.14157969
RS_0111,RS,summer,29,14.5,175.08966,0.08754483
RS_0111,RS,summer,30,15.0,129.50635,0.064753175
RS_0111,RS,summer,31,15.5,182.50093,0.091250464
RS_0111,RS,summer,32,16.0,175.01788,0.08750894
RS_0111,RS,summer,33,16.5,154.18044,0.07709022
RS_0111,RS,summer,34,17.0,163.34319,0.081671596
RS_0111,RS,summer,35,17.5,186.15504,0.093077525
RS_0111,RS,summer,36,18.0,215.93353,0.107966766
RS_0111,RS,summer,37,18.5,234.18858,0.11709429
RS_0111,RS,summer,38,19.0,284.47714,0.14223857
RS_0111,RS,summer,39,19.5,298.00546,0.14900273
RS_0111,RS,summer,40,20.0,317.5429,0.15877146
RS_0111,RS,summer,41,20.5,334.1151,0.16705756
RS_0111,RS,summer,42,21.0,391.27362,0.19563681
RS_0111,RS,summer,43,21.5,390.3572,0.1951786
RS_0111,RS,summer,44,22.0,416.17862,0.2080893
RS_0111,RS,summer,45,22.5,499.51627,0.24975814
RS_0111,RS,summer,46,23.0,408.4389,0.20421945
RS_0111,RS,summer,47,23.5,305.7474,0.15287371
RS_0112,RS,winter,0,0.0,94.11295,0.047056478
RS_0112,RS,winter,1,0.5,96.947365,0.048473682
RS_0112,RS,winter,2,1.0,69.32347,0.034661736
RS_0112,RS,winter,3,1.5,85.20071,0.042600352
RS_0112,RS,winter,4,2.0,105.75368,0.052876838
RS_0112,RS,winter,5,2.5,205.46838,0.10273419
RS_0112,RS,winter,6,3.0,532.7791,0.26638955
RS_0112,RS,winter,7,3.5,575.8103,0.28790516
RS_0112,RS,winter,8,4.0,760.52795,0.38026398
RS_0112,RS,winter,9,4.5,779.8699,0.38993493
RS_0112,RS,winter,10,5.0,816.4363,0.40821815
RS_0112,RS,winter,11,5.5,599.8223,0.29991117
RS_0112,RS,winter,12,6.0,773.70776,0.38685387
RS_0112,RS,winter,13,6.5,772.36646,0.38618323
RS_0112,RS,winter,14,7.0,576.6732,0.2883366
RS_0112,RS,winter,15,7.5,478.86935,0.23943467
RS_0112,RS,winter,16,8.0,357.94946,0.17897473
RS_0112,RS,winter,17,8.5,420.85736,0.21042868
RS_0112,RS,winter,18,9.0,196.6248,0.0983124
RS_0112,RS,winter,19,9.5,190.47485,0.09523743
RS_0112,RS,winter,20,10.0,134.07399,0.067036994
RS_0112,RS,winter,21,10.5,86.297615,0.04314881
RS_0112,RS,winter,22,11.0,139.5425,0.069771245
RS_0112,RS,winter,23,11.5,36.98197,0.018490985
RS_0112,RS,winter,24,12.0,38.040756,0.019020379
RS_0112,RS,winter,25,12.5,10.725017,0.0053625084
RS_0112,RS,winter,26,13.0,41.73018,0.02086509
RS_0112,RS,winter,27,13.5,31.309193,0.015654596
RS_0112,RS,winter,28,14.0,86.106674,0.043053336
RS_0112,RS,winter,29,14.5,137.7978,0.0688989
RS_0112,RS,winter,30,15.0,186.40125,0.093200624
RS_0112,RS,winter,31,15.5,263.03665,0.13151832
RS_0112,RS,winter,32,16.0,280.81976,0.14040989
RS_0112,RS,winter,33,16.5,458.75092,0.22937545
RS_0112,RS,winter,34,17.0,658.281,0.3291405
RS_0112,RS,winter,35,17.5,735.97034,0.36798516
RS_0112,RS,winter,36,18.0,1165.3256,0.58266276
RS_0112,RS,winter,37,18.5,1208.9512,0.60447556
RS_0112,RS,winter,38,19.0,1526.4968,0.7632484
RS_0112,RS,winter,39,19.5,1395.4282,0.6977141
RS_0112,RS,winter,40,20.0,1270.1526,0.6350763
RS_0112,RS,winter,41,20.5,912.912,0.456456
RS_0112,RS,winter,42,21.0,1015.8702,0.5079351
RS_0112,RS,winter,43,21.5,666.27765,0.33313882
RS_0112,RS,winter,44,22.0,774.76056,0.38738027
RS_0112,RS,winter,45,22.5,472.0277,0.23601386
RS_0112,RS,winter,46,23.0,240.01472,0.120007366
RS_0112,RS,winter,47,23.5,187.14899,0.093574494
RS_0113,RS,winter,0,0.0,53.21032,0.026605159
RS_0113,RS,winter,1,0.5,50.72506,0.025362529
RS_0113,RS,winter,2,1.0,56.017857,0.028008929
RS_0113,RS,winter,3,1.5,45.208145,0.022604072
RS_0113,RS,winter,4,2.0,42.676,0.021337999
RS_0113,RS,winter,5,2.5,39.746143,0.019873071
RS_0113,RS,winter,6,3.0,47.09303,0.023546515
RS_0113,RS,winter,7,3.5,46.243507,0.023121754
RS_0113,RS,winter,8,4.0,35.590466,0.017795233
RS_0113,RS,winter,9,4.5,33.41271,0.016706355
RS_0113,RS,winter,10,5.0,36.602486,0.018301243
RS_0113,RS,winter,11,5.5,35.003307,0.017501654
RS_0113,RS,winter,12,6.0,40.83615,0.020418076
RS_0113,RS,winter,13,6.5,44.332577,0.022166288
RS_0113,RS,winter,14,7.0,64.748436,0.032374218
RS_0113,RS,winter,15,7.5,59.46658,0.029733289
RS_0113,RS,winter,16,8.0,54.5161,0.027258052
RS_0113,RS,winter,17,8.5,57.933113,0.028966557
RS_0113,RS,winter,18,9.0,85.66536,0.04283268
RS_0113,RS,winter,19,9.5,68.511406,0.034255702
RS_0113,RS,winter,20,10.0,78.872696,0.039436348
RS_0113,RS,winter,21,10.5,69.32582,0.03466291
RS_0113,RS,winter,22,11.0,90.42772,0.04521386
RS_0113,RS,winter,23,11.5,87.45289,0.043726444
RS_0113,RS,winter,24,12.0,72.19084,0.03609542
RS_0113,RS,winter,25,12.5,73.6877,0.036843847
RS_0113,RS,winter,26,13.0,67.29001,0.033645004
RS_0113,RS,winter,27,13.5,54.76268,0.02738134
RS_0113,RS,winter,28,14.0,53.83903,0.026919516
RS_0113,RS,winter,29,14.5,68.36955,0.034184776
RS_0113,RS,winter,30,15.0,88.80907,0.044404533
RS_0113,RS,winter,31,15.5,94.89615,0.047448073
RS_0113,RS,winter,32,16.0,89.09709,0.044548545
RS_0113,RS,winter,33,16.5,80.04204,0.040021017
RS_0113,RS,winter,34,17.0,124.50726,0.06225363
RS_0113,RS,winter,35,17.5,97.65148,0.04882574
RS_0113,RS,winter,36,18.0,115.53382,0.05776691
RS_0113,RS,winter,37,18.5,94.29463,0.047147315
RS_0113,RS,winter,38,19.0,92.04506,0.04602253
RS_0113,RS,winter,39,19.5,97.639206,0.0488196
RS_0113,RS,winter,40,20.0,75.64759,0.037823796
RS_0113,RS,winter,41,20.5,66.50851,0.033254255
RS_0113,RS,winter,42,21.0,73.859985,0.03692999
RS_0113,RS,winter,43,21.5,80.276405,0.040138204
RS_0113,RS,winter,44,22.0,63.954094,0.031977046
RS_0113,RS,winter,45,22.5,67.560265,0.03378013
RS_0113,RS,winter,46,23.0,74.72312,0.037361562
RS_0113,RS,winter,47,23.5,81.305786,0.040652893
RS_0114,RS,summer,0,0.0,116.241455,0.058120728
RS_0114,RS,summer,1,0.5,100.18948,0.050094742
RS_0114,RS,summer,2,1.0,85.17301,0.042586505
RS_0114,RS,summer,3,1.5,96.21845,0.048109226
RS_0114,RS,summer,4,2.0,102.24738,0.05112369
RS_0114,RS,summer,5,2.5,80.702,0.040351003
RS_0114,RS,summer,6,3.0,98.85072,0.04942536
RS_0114,RS,summer,7,3.5,102.646194,0.051323097
RS_0114,RS,summer,8,4.0,104.065094,0.052032545
RS_0114,RS,summer,9,4.5,102.31815,0.051159076
RS_0114,RS,summer,10,5.0,87.40106,0.04370053
RS_0114,RS,summer,11,5.5,81.427185,0.040713593
RS_0114,RS,summer,12,6.0,69.01131,0.034505654
RS_0114,RS,summer,13,6.5,76.62763,0.038313817
RS_0114,RS,summer,14,7.0,63.67591,0.031837955
RS_0114,RS,summer,15,7.5,64.53352,0.032266762
RS_0114,RS,summer,16,8.0,50.0262,0.0250131
RS_0114,RS,summer,17,8.5,51.559822,0.02577991
RS_0114,RS,summer,18,9.0,44.306923,0.022153461
RS_0114,RS,summer,19,9.5,49.421074,0.024710538
RS_0114,RS,summer,20,10.0,55.73813,0.027869064
RS_0114,RS,summer,21,10.5,54.9698,0.0274849
RS_0114,RS,summer,22,11.0,44.88987,0.022444936
RS_0114,RS,summer,23,11.5,48.464684,0.024232341
RS_0114,RS,summer,24,12.0,45.316658,0.02265833
RS_0114,RS,summer,25,12.5,41.215527,0.020607764
RS_0114,RS,summer,26,13.0,38.5506,0.019275298
RS_0114,RS,summer,27,13.5,45.48213,0.022741064
RS_0114,RS,summer,28,14.0,48.52997,0.024264984
RS_0114,RS,summer,29,14.5,37.80027,0.018900136
RS_0114,RS,summer,30,15.0,39.501026,0.019750513
RS_0114,RS,summer,31,15.5,42.176525,0.021088263
RS_0114,RS,summer,32,16.0,57.489246,0.028744623
RS_0114,RS,summer,33,16.5,62.100616,0.031050308
RS_0114,RS,summer,34,17.0,55.385674,0.027692838
RS_0114,RS,summer,35,17.5,57.40107,0.028700534
RS_0114,RS,summer,36,18.0,73.919044,0.03695952
RS_0114,RS,summer,37,18.5,63.219032,0.031609517
RS_0114,RS,summer,38,19.0,68.11357,0.034056786
RS_0114,RS,summer,39,19.5,72.57046,0.03628523
RS_0114,RS,summer,40,20.0,79.71789,0.039858945
RS_0114,RS,summer,41,20.5,71.15002,0.03557501
RS_0114,RS,summer,42,21.0,80.19018,0.040095087
RS_0114,RS,summer,43,21.5,89.55688,0.04477844
RS_0114,RS,summer,44,22.0,135.52962,0.06776481
RS_0114,RS,summer,45,22.5,130.4011,0.065200545
RS_0114,RS,summer,46,23.0,90.235794,0.045117896
RS_0114,RS,summer,47,23.5,102.28643,0.051143214
RS_0115,RS,spring,0,0.0,304.38705,0.15219353
RS_0115,RS,spring,1,0.5,169.3079,0.08465395
RS_0115,RS,spring,2,1.0,118.154305,0.05907715
RS_0115,RS,spring,3,1.5,92.821205,0.0464106
RS_0115,RS,spring,4,2.0,89.535934,0.04476797
RS_0115,RS,spring,5,2.5,95.40014,0.04770007
RS_0115,RS,spring,6,3.0,79.982315,0.03999116
RS_0115,RS,spring,7,3.5,121.45698,0.06072849
RS_0115,RS,spring,8,4.0,97.50177,0.048750885
RS_0115,RS,spring,9,4.5,102.818375,0.05140919
RS_0115,RS,spring,10,5.0,100.570175,0.050285086
RS_0115,RS,spring,11,5.5,103.55622,0.05177811
RS_0115,RS,spring,12,6.0,76.06453,0.038032264
RS_0115,RS,spring,13,6.5,120.74887,0.060374435
RS_0115,RS,spring,14,7.0,134.78448,0.067392245
RS_0115,RS,spring,15,7.5,199.64018,0.09982009
RS_0115,RS,spring,16,8.0,182.3546,0.0911773
RS_0115,RS,spring,17,8.5,122.31959,0.061159793
RS_0115,RS,spring,18,9.0,179.76114,0.08988057
RS_0115,RS,spring,19,9.5,120.27,0.060135
RS_0115,RS,spring,20,10.0,61.814465,0.030907232
RS_0115,RS,spring,21,10.5,41.376904,0.020688452
RS_0115,RS,spring,22,11.0,47.481888,0.023740944
RS_0115,RS,spring,23,11.5,128.96011,0.06448006
RS_0115,RS,spring,24,12.0,183.57788,0.09178894
RS_0115,RS,spring,25,12.5,615.282,0.307641
RS_0115,RS,spring,26,13.0,736.99786,0.36849892
RS_0115,RS,spring,27,13.5,505.60385,0.25280192
RS_0115,RS,spring,28,14.0,222.48306,0.111241534
RS_0115,RS,spring,29,14.5,161.61383,0.08080692
RS_0115,RS,spring,30,15.0,103.8882,0.0519441
RS_0115,RS,spring,31,15.5,127.716415,0.06385821
RS_0115,RS,spring,32,16.0,133.96648,0.06698324
RS_0115,RS,spring,33,16.5,140.16054,0.070080265
RS_0115,RS,spring,34,17.0,201.1714,0.1005857
RS_0115,RS,spring,35,17.5,163.73587,0.08186793
RS_0115,RS,spring,36,18.0,242.05043,0.12102521
RS_0115,RS,spring,37,18.5,263.16776,0.13158388
RS_0115,RS,spring,38,19.0,380.8671,0.19043355
RS_0115,RS,spring,39,19.5,386.6885,0.19334425
RS_0115,RS,spring,40,20.0,304.48727,0.15224364
RS_0115,RS,spring,41,20.5,339.46466,0.16973233
RS_0115,RS,spring,42,21.0,424.54877,0.21227439
RS_0115,RS,spring,43,21.5,528.5472,0.26427358
RS_0115,RS,spring,44,22.0,1337.7402,0.6688701
RS_0115,RS,spring,45,22.5,2271.8013,1.1359006
RS_0115,RS,spring,46,23.0,2282.7246,1.1413623
RS_0115,RS,spring,47,23.5,1382.6339,0.69131696
RS_0116,RS,summer,0,0.0,1052.7382,0.5263691
RS_0116,RS,summer,1,0.5,672.1352,0.3360676
RS_0116,RS,summer,2,1.0,456.4321,0.22821605
RS_0116,RS,summer,3,1.5,424.95743,0.21247871
RS_0116,RS,summer,4,2.0,368.06863,0.18403432
RS_0116,RS,summer,5,2.5,353.6074,0.1768037
RS_0116,RS,summer,6,3.0,323.7042,0.16185209
RS_0116,RS,summer,7,3.5,268.2908,0.1341454
RS_0116,RS,summer,8,4.0,226.36758,0.11318379
RS_0116,RS,summer,9,4.5,197.12677,0.09856339
RS_0116,RS,summer,10,5.0,282.5423,0.14127114
RS_0116,RS,summer,11,5.5,348.05246,0.17402624
RS_0116,RS,summer,12,6.0,127.66487,0.06383243
RS_0116,RS,summer,13,6.5,151.49358,0.07574679
RS_0116,RS,summer,14,7.0,90.65164,0.04532582
RS_0116,RS,summer,15,7.5,62.762894,0.031381447
RS_0116,RS,summer,16,8.0,21.448845,0.0107244225
RS_0116,RS,summer,17,8.5,21.296505,0.010648252
RS_0116,RS,summer,18,9.0,18.242193,0.009121097
RS_0116,RS,summer,19,9.5,31.258293,0.015629146
RS_0116,RS,summer,20,10.0,49.250515,0.024625257
RS_0116,RS,summer,21,10.5,40.321495,0.020160748
RS_0116,RS,summer,22,11.0,22.699425,0.0113497125
RS_0116,RS,summer,23,11.5,11.904569,0.005952284
RS_0116,RS,summer,24,12.0,31.468864,0.015734432
RS_0116,RS,summer,25,12.5,24.26972,0.01213486
RS_0116,RS,summer,26,13.0,5.679294,0.002839647
RS_0116,RS,summer,27,13.5,0.2819741,0.00014098706
RS_0116,RS,summer,28,14.0,0.76530266,0.00038265134
RS_0116,RS,summer,29,14.5,0.77492833,0.00038746416
RS_0116,RS,summer,30,15.0,1.720542,0.000860271
RS_0116,RS,summer,31,15.5,6.756551,0.0033782753
RS_0116,RS,summer,32,16.0,8.495749,0.004247875
RS_0116,RS,summer,33,16.5,12.498098,0.006249049
RS_0116,RS,summer,34,17.0,12.593143,0.006296572
RS_0116,RS,summer,35,17.5,10.298422,0.005149211
RS_0116,RS,summer,36,18.0,22.269047,0.011134523
RS_0116,RS,summer,37,18.5,28.912169,0.014456084
RS_0116,RS,summer,38,19.0,6.071936,0.0030359682
RS_0116,RS,summer,39,19.5,8.445199,0.0042225993
RS_0116,RS,summer,40,20.0,11.996798,0.0059983986
RS_0116,RS,summer,41,20.5,42.502518,0.02125126
RS_0116,RS,summer,42,21.0,42.968426,0.021484213
RS_0116,RS,summer,43,21.5,48.327152,0.024163576
RS_0116,RS,summer,44,22.0,282.65723,0.14132862
RS_0116,RS,summer,45,22.5,553.5747,0.27678734
RS_0116,RS,summer,46,23.0,854.23895,0.42711946
RS_0116,RS,summer,47,23.5,1091.2036,0.5456018
RS_0117,RS,winter,0,0.0,76.392975,0.03819649
RS_0117,RS,winter,1,0.5,86.35562,0.04317781
RS_0117,RS,winter,2,1.0,82.17018,0.04108509
RS_0117,RS,winter,3,1.5,83.32063,0.041660316
RS_0117,RS,winter,4,2.0,75.667366,0.037833683
RS_0117,RS,winter,5,2.5,85.516464,0.042758234
RS_0117,RS,winter,6,3.0,107.65286,0.053826433
RS_0117,RS,winter,7,3.5,82.619255,0.04130963
RS_0117,RS,winter,8,4.0,93.38857,0.046694286
RS_0117,RS,winter,9,4.5,90.43016,0.04521508
RS_0117,RS,winter,10,5.0,94.2974,0.0471487
RS_0117,RS,winter,11,5.5,93.3151,0.04665755
RS_0117,RS,winter,12,6.0,114.02573,0.057012863
RS_0117,RS,winter,13,6.5,106.468056,0.05323403
RS_0117,RS,winter,14,7.0,115.65987,0.05782993
RS_0117,RS,winter,15,7.5,92.72985,0.046364926
RS_0117,RS,winter,16,8.0,101.1864,0.0505932
RS_0117,RS,winter,17,8.5,113.2992,0.0566496
RS_0117,RS,winter,18,9.0,152.48813,0.07624406
RS_0117,RS,winter,19,9.5,132.67946,0.06633973
RS_0117,RS,winter,20,10.0,219.88467,0.10994234
RS_0117,RS,winter,21,10.5,283.00412,0.14150205
RS_0117,RS,winter,22,11.0,297.4478,0.1487239
RS_0117,RS,winter,23,11.5,186.8304,0.0934152
RS_0117,RS,winter,24,12.0,172.03244,0.08601622
RS_0117,RS,winter,25,12.5,153.4091,0.076704554
RS_0117,RS,winter,26,13.0,134.10234,0.06705117
RS_0117,RS,winter,27,13.5,95.89907,0.047949534
RS_0117,RS,winter,28,14.0,116.38163,0.058190815
RS_0117,RS,winter,29,14.5,145.23929,0.07261965
RS_0117,RS,winter,30,15.0,158.7626,0.0793813
RS_0117,RS,winter,31,15.5,159.20743,0.07960372
RS_0117,RS,winter,32,16.0,184.10645,0.09205322
RS_0117,RS,winter,33,16.5,171.31816,0.08565908
RS_0117,RS,winter,34,17.0,203.57083,0.101785414
RS_0117,RS,winter,35,17.5,174.0685,0.08703425
RS_0117,RS,winter,36,18.0,177.77434,0.08888717
RS_0117,RS,winter,37,18.5,160.99754,0.08049877
RS_0117,RS,winter,38,19.0,162.66478,0.08133239
RS_0117,RS,winter,39,19.5,152.1703,0.07608515
RS_0117,RS,winter,40,20.0,145.0345,0.07251725
RS_0117,RS,winter,41,20.5,143.84872,0.07192436
RS_0117,RS,winter,42,21.0,145.25317,0.07262658
RS_0117,RS,winter,43,21.5,150.00789,0.075003944
RS_0117,RS,winter,44,22.0,139.53238,0.069766186
RS_0117,RS,winter,45,22.5,111.892784,0.05594639
RS_0117,RS,winter,46,23.0,103.97225,0.051986124
RS_0117,RS,winter,47,23.5,99.54973,0.049774863
RS_0118,RS,summer,0,0.0,1136.531,0.5682655
RS_0118,RS,summer,1,0.5,902.36664,0.45118332
RS_0118,RS,summer,2,1.0,974.32104,0.48716053
RS_0118,RS,summer,3,1.5,1285.0839,0.64254194
RS_0118,RS,summer,4,2.0,1486.1332,0.7430666
RS_0118,RS,summer,5,2.5,1382.0323,0.6910162
RS_0118,RS,summer,6,3.0,1485.9161,0.74295807
RS_0118,RS,summer,7,3.5,1321.2504,0.66062516
RS_0118,RS,summer,8,4.0,1286.4374,0.6432187
RS_0118,RS,summer,9,4.5,1196.8705,0.5984352
RS_0118,RS,summer,10,5.0,1314.4509,0.6572255
RS_0118,RS,summer,11,5.5,1292.0508,0.6460254
RS_0118,RS,summer,12,6.0,1354.7855,0.6773928
RS_0118,RS,summer,13,6.5,1362.4557,0.68122786
RS_0118,RS,summer,14,7.0,1383.7521,0.69187605
RS_0118,RS,summer,15,7.5,1389.4231,0.69471157
RS_0118,RS,summer,16,8.0,1451.85,0.72592497
RS_0118,RS,summer,17,8.5,1389.6923,0.69484615
RS_0118,RS,summer,18,9.0,1508.57,0.754285
RS_0118,RS,summer,19,9.5,1546.25,0.773125
RS_0118,RS,summer,20,10.0,1588.4166,0.7942083
RS_0118,RS,summer,21,10.5,1671.3094,0.83565474
RS_0118,RS,summer,22,11.0,1551.1241,0.77556205
RS_0118,RS,summer,23,11.5,1586.0281,0.79301405
RS_0118,RS,summer,24,12.0,1534.6471,0.76732355
RS_0118,RS,summer,25,12.5,1570.8795,0.7854397
RS_0118,RS,summer,26,13.0,1583.3099,0.79165494
RS_0118,RS,summer,27,13.5,1892.1721,0.94608605
RS_0118,RS,summer,28,14.0,1903.7179,0.95185894
RS_0118,RS,summer,29,14.5,1967.1736,0.9835868
RS_0118,RS,summer,30,15.0,1869.8287,0.93491435
RS_0118,RS,summer,31,15.5,1823.2592,0.91162956
RS_0118,RS,summer,32,16.0,1742.0376,0.8710188
RS_0118,RS,summer,33,16.5,1647.025,0.8235125
RS_0118,RS,summer,34,17.0,1715.2615,0.8576307
RS_0118,RS,summer,35,17.5,1725.6534,0.8628267
RS_0118,RS,summer,36,18.0,1714.8016,0.85740083
RS_0118,RS,summer,37,18.5,1763.5,0.88175
RS_0118,RS,summer,38,19.0,1858.5273,0.92926365
RS_0118,RS,summer,39,19.5,1924.2377,0.96211886
RS_0118,RS,summer,40,20.0,1816.5985,0.90829927
RS_0118,RS,summer,41,20.5,1937.9058,0.9689529
RS_0118,RS,summer,42,21.0,1796.9363,0.89846814
RS_0118,RS,summer,43,21.5,1659.679,0.82983947
RS_0118,RS,summer,44,22.0,1633.8687,0.81693435
RS_0118,RS,summer,45,22.5,1706.1705,0.8530853
RS_0118,RS,summer,46,23.0,1540.8824,0.77044123
RS_0118,RS,summer,47,23.5,1321.9567,0.6609783
RS_0119,RS,spring,0,0.0,238.98262,0.11949131
RS_0119,RS,spring,1,0.5,284.90762,0.1424538
RS_0119,RS,spring,2,1.0,524.5001,0.26225007
RS_0119,RS,spring,3,1.5,680.3158,0.3401579
RS_0119,RS,spring,4,2.0,1423.9851,0.71199256
RS_0119,RS,spring,5,2.5,1292.0952,0.6460476
RS_0119,RS,spring,6,3.0,1156.9425,0.57847124
RS_0119,RS,spring,7,3.5,840.5141,0.42025706
RS_0119,RS,spring,8,4.0,736.746,0.36837298
RS_0119,RS,spring,9,4.5,765.108,0.382554
RS_0119,RS,spring,10,5.0,751.4833,0.37574163
RS_0119,RS,spring,11,5.5,712.11865,0.3560593
RS_0119,RS,spring,12,6.0,508.31955,0.25415978
RS_0119,RS,spring,13,6.5,378.3289,0.18916444
RS_0119,RS,spring,14,7.0,712.6547,0.35632735
RS_0119,RS,spring,15,7.5,25.32257,0.012661286
RS_0119,RS,spring,16,8.0,0.3689728,0.0001844864
RS_0119,RS,spring,17,8.5,1.0162697,0.00050813484
RS_0119,RS,spring,18,9.0,0.0,0.0
RS_0119,RS,spring,19,9.5,0.0,0.0
RS_0119,RS,spring,20,10.0,0.0,0.0
RS_0119,RS,spring,21,10.5,0.0,0.0
RS_0119,RS,spring,22,11.0,0.0,0.0
RS_0119,RS,spring,23,11.5,0.0,0.0
RS_0119,RS,spring,24,12.0,0.0,0.0
RS_0119,RS,spring,25,12.5,0.0,0.0
RS_0119,RS,spring,26,13.0,0.0,0.0
RS_0119,RS,spring,27,13.5,0.0,0.0
RS_0119,RS,spring,28,14.0,1.7581108,0.00087905535
RS_0119,RS,spring,29,14.5,1.6501913,0.00082509563
RS_0119,RS,spring,30,15.0,0.0,0.0
RS_0119,RS,spring,31,15.5,0.053475246,2.6737624e-05
RS_0119,RS,spring,32,16.0,0.46415114,0.00023207557
RS_0119,RS,spring,33,16.5,1.1286967,0.00056434836
RS_0119,RS,spring,34,17.0,3.1314569,0.0015657285
RS_0119,RS,spring,35,17.5,8.748791,0.0043743956
RS_0119,RS,spring,36,18.0,125.43862,0.06271931
RS_0119,RS,spring,37,18.5,556.6757,0.27833787
RS_0119,RS,spring,38,19.0,259.60364,0.12980182
RS_0119,RS,spring,39,19.5,318.2908,0.1591454
RS_0119,RS,spring,40,20.0,420.79178,0.21039589
RS_0119,RS,spring,41,20.5,669.62695,0.33481348
RS_0119,RS,spring,42,21.0,539.00543,0.26950273
RS_0119,RS,spring,43,21.5,803.49414,0.40174708
RS_0119,RS,spring,44,22.0,529.00037,0.26450017
RS_0119,RS,spring,45,22.5,517.9273,0.25896364
RS_0119,RS,spring,46,23.0,421.28503,0.21064252
RS_0119,RS,spring,47,23.5,337.75992,0.16887996
RS_0120,RS,winter,0,0.0,1.3715394,0.00068576966
RS_0120,RS,winter,1,0.5,0.80472434,0.00040236217
RS_0120,RS,winter,2,1.0,0.0,0.0
RS_0120,RS,winter,3,1.5,0.0,0.0
RS_0120,RS,winter,4,2.0,0.0,0.0
RS_0120,RS,winter,5,2.5,0.061616257,3.080813e-05
RS_0120,RS,winter,6,3.0,0.0,0.0
RS_0120,RS,winter,7,3.5,0.0,0.0
RS_0120,RS,winter,8,4.0,0.0,0.0
RS_0120,RS,winter,9,4.5,0.0,0.0
RS_0120,RS,winter,10,5.0,0.0,0.0
RS_0120,RS,winter,11,5.5,0.0,0.0
RS_0120,RS,winter,12,6.0,0.0,0.0
RS_0120,RS,winter,13,6.5,0.0,0.0
RS_0120,RS,winter,14,7.0,0.0,0.0
RS_0120,RS,winter,15,7.5,0.26788357,0.00013394178
RS_0120,RS,winter,16,8.0,0.55559754,0.00027779877
RS_0120,RS,winter,17,8.5,0.14157633,7.078817e-05
RS_0120,RS,winter,18,9.0,0.0,0.0
RS_0120,RS,winter,19,9.5,0.0,0.0
RS_0120,RS,winter,20,10.0,0.0,0.0
RS_0120,RS,winter,21,10.5,0.2762962,0.0001381481
RS_0120,RS,winter,22,11.0,0.0,0.0
RS_0120,RS,winter,23,11.5,0.0,0.0
RS_0120,RS,winter,24,12.0,0.0,0.0
RS_0120,RS,winter,25,12.5,0.0,0.0
RS_0120,RS,winter,26,13.0,0.0,0.0
RS_0120,RS,winter,27,13.5,0.005619521,2.8097604e-06
RS_0120,RS,winter,28,14.0,0.115587,5.7793502e-05
RS_0120,RS,winter,29,14.5,0.0,0.0
RS_0120,RS,winter,30,15.0,0.0,0.0
RS_0120,RS,winter,31,15.5,0.0,0.0
RS_0120,RS,winter,32,16.0,0.0,0.0
RS_0120,RS,winter,33,16.5,0.0,0.0
RS_0120,RS,winter,34,17.0,0.0,0.0
RS_0120,RS,winter,35,17.5,0.0,0.0
RS_0120,RS,winter,36,18.0,0.0,0.0
RS_0120,RS,winter,37,18.5,0.0,0.0
RS_0120,RS,winter,38,19.0,0.0,0.0
RS_0120,RS,winter,39,19.5,0.07550174,3.775087e-05
RS_0120,RS,winter,40,20.0,0.0,0.0
RS_0120,RS,winter,41,20.5,0.0,0.0
RS_0120,RS,winter,42,21.0,0.0,0.0
RS_0120,RS,winter,43,21.5,0.0,0.0
RS_0120,RS,winter,44,22.0,0.0,0.0
RS_0120,RS,winter,45,22.5,0.0,0.0
RS_0120,RS,winter,46,23.0,0.0,0.0
RS_0120,RS,winter,47,23.5,0.52403796,0.000262019
RS_0121,RS,winter,0,0.0,57.103718,0.02855186
RS_0121,RS,winter,1,0.5,72.87411,0.036437053
RS_0121,RS,winter,2,1.0,54.76526,0.027382629
RS_0121,RS,winter,3,1.5,45.903378,0.022951689
RS_0121,RS,winter,4,2.0,55.12759,0.027563795
RS_0121,RS,winter,5,2.5,39.63215,0.019816075
RS_0121,RS,winter,6,3.0,34.921482,0.017460741
RS_0121,RS,winter,7,3.5,22.715004,0.011357502
RS_0121,RS,winter,8,4.0,37.52182,0.01876091
RS_0121,RS,winter,9,4.5,36.95468,0.018477341
RS_0121,RS,winter,10,5.0,47.56069,0.023780346
RS_0121,RS,winter,11,5.5,42.791653,0.021395827
RS_0121,RS,winter,12,6.0,93.97636,0.046988178
RS_0121,RS,winter,13,6.5,102.08052,0.051040262
RS_0121,RS,winter,14,7.0,234.4863,0.11724315
RS_0121,RS,winter,15,7.5,494.9373,0.24746865
RS_0121,RS,winter,16,8.0,709.2009,0.35460046
RS_0121,RS,winter,17,8.5,1112.6005,0.5563002
RS_0121,RS,winter,18,9.0,1025.0265,0.5125132
RS_0121,RS,winter,19,9.5,1006.15283,0.50307643
RS_0121,RS,winter,20,10.0,1082.2938,0.54114693
RS_0121,RS,winter,21,10.5,1551.5342,0.7757671
RS_0121,RS,winter,22,11.0,1322.341,0.6611705
RS_0121,RS,winter,23,11.5,1238.3208,0.6191604
RS_0121,RS,winter,24,12.0,1352.0072,0.6760036
RS_0121,RS,winter,25,12.5,1183.7524,0.5918762
RS_0121,RS,winter,26,13.0,934.06696,0.46703348
RS_0121,RS,winter,27,13.5,1225.1603,0.6125801
RS_0121,RS,winter,28,14.0,1268.7362,0.6343681
RS_0121,RS,winter,29,14.5,1374.0691,0.68703455
RS_0121,RS,winter,30,15.0,1197.5385,0.59876925
RS_0121,RS,winter,31,15.5,1624.6956,0.81234777
RS_0121,RS,winter,32,16.0,1333.3835,0.6666918
RS_0121,RS,winter,33,16.5,1140.7686,0.57038426
RS_0121,RS,winter,34,17.0,1729.3236,0.8646618
RS_0121,RS,winter,35,17.5,1239.8091,0.6199045
RS_0121,RS,winter,36,18.0,1301.3691,0.6506846
RS_0121,RS,winter,37,18.5,1338.456,0.669228
RS_0121,RS,winter,38,19.0,1206.6652,0.6033326
RS_0121,RS,winter,39,19.5,1105.6702,0.5528351
RS_0121,RS,winter,40,20.0,1220.9083,0.61045414
RS_0121,RS,winter,41,20.5,1239.0289,0.61951447
RS_0121,RS,winter,42,21.0,901.35065,0.4506753
RS_0121,RS,winter,43,21.5,605.2881,0.30264404
RS_0121,RS,winter,44,22.0,609.34644,0.30467322
RS_0121,RS,winter,45,22.5,559.31995,0.27966
RS_0121,RS,winter,46,23.0,358.09872,0.17904936
RS_0121,RS,winter,47,23.5,273.66586,0.13683294
RS_0122,RS,autumn,0,0.0,562.31635,0.28115818
RS_0122,RS,autumn,1,0.5,608.27606,0.30413803
RS_0122,RS,autumn,2,1.0,709.7427,0.35487133
RS_0122,RS,autumn,3,1.5,787.92365,0.39396182
RS_0122,RS,autumn,4,2.0,872.6104,0.4363052
RS_0122,RS,autumn,5,2.5,825.7167,0.41285834
RS_0122,RS,autumn,6,3.0,950.38354,0.47519177
RS_0122,RS,autumn,7,3.5,1033.7834,0.5168917
RS_0122,RS,autumn,8,4.0,1100.1154,0.55005765
RS_0122,RS,autumn,9,4.5,1108.2245,0.55411226
RS_0122,RS,autumn,10,5.0,1026.9637,0.51348186
RS_0122,RS,autumn,11,5.5,851.93634,0.42596817
RS_0122,RS,autumn,12,6.0,739.95557,0.36997777
RS_0122,RS,autumn,13,6.5,705.34674,0.35267338
RS_0122,RS,autumn,14,7.0,603.81665,0.3019083
RS_0122,RS,autumn,15,7.5,556.97925,0.27848962
RS_0122,RS,autumn,16,8.0,409.72653,0.20486327
RS_0122,RS,autumn,17,8.5,396.88013,0.19844006
RS_0122,RS,autumn,18,9.0,363.01163,0.18150581
RS_0122,RS,autumn,19,9.5,357.50763,0.17875381
RS_0122,RS,autumn,20,10.0,374.38864,0.18719432
RS_0122,RS,autumn,21,10.5,333.03952,0.16651976
RS_0122,RS,autumn,22,11.0,398.46936,0.19923468
RS_0122,RS,autumn,23,11.5,393.9427,0.19697134
RS_0122,RS,autumn,24,12.0,386.3729,0.19318645
RS_0122,RS,autumn,25,12.5,424.47287,0.21223643
RS_0122,RS,autumn,26,13.0,420.1005,0.21005024
RS_0122,RS,autumn,27,13.5,402.1632,0.2010816
RS_0122,RS,autumn,28,14.0,482.13998,0.24106999
RS_0122,RS,autumn,29,14.5,433.27832,0.21663916
RS_0122,RS,autumn,30,15.0,419.75928,0.20987964
RS_0122,RS,autumn,31,15.5,441.069,0.2205345
RS_0122,RS,autumn,32,16.0,406.30682,0.20315342
RS_0122,RS,autumn,33,16.5,365.0167,0.18250835
RS_0122,RS,autumn,34,17.0,379.5946,0.1897973
RS_0122,RS,autumn,35,17.5,390.8909,0.19544545
RS_0122,RS,autumn,36,18.0,408.04626,0.20402314
RS_0122,RS,autumn,37,18.5,401.83597,0.20091799
RS_0122,RS,autumn,38,19.0,459.42157,0.22971079
RS_0122,RS,autumn,39,19.5,454.46216,0.22723109
RS_0122,RS,autumn,40,20.0,408.8372,0.2044186
RS_0122,RS,autumn,41,20.5,412.8966,0.2064483
RS_0122,RS,autumn,42,21.0,451.055,0.2255275
RS_0122,RS,autumn,43,21.5,444.12253,0.22206126
RS_0122,RS,autumn,44,22.0,410.93967,0.20546983
RS_0122,RS,autumn,45,22.5,437.5008,0.2187504
RS_0122,RS,autumn,46,23.0,446.87775,0.22343887
RS_0122,RS,autumn,47,23.5,483.1875,0.24159375
RS_0123,RS,autumn,0,0.0,344.7904,0.1723952
RS_0123,RS,autumn,1,0.5,319.53696,0.15976848
RS_0123,RS,autumn,2,1.0,328.8597,0.16442986
RS_0123,RS,autumn,3,1.5,397.63516,0.19881758
RS_0123,RS,autumn,4,2.0,396.93665,0.19846833
RS_0123,RS,autumn,5,2.5,311.59946,0.15579973
RS_0123,RS,autumn,6,3.0,333.6083,0.16680415
RS_0123,RS,autumn,7,3.5,302.07498,0.15103748
RS_0123,RS,autumn,8,4.0,331.04156,0.16552079
RS_0123,RS,autumn,9,4.5,311.14902,0.15557452
RS_0123,RS,autumn,10,5.0,308.8745,0.15443726
RS_0123,RS,autumn,11,5.5,319.0873,0.15954365
RS_0123,RS,autumn,12,6.0,298.28204,0.14914103
RS_0123,RS,autumn,13,6.5,283.74652,0.14187326
RS_0123,RS,autumn,14,7.0,278.30667,0.13915333
RS_0123,RS,autumn,15,7.5,300.90363,0.15045181
RS_0123,RS,autumn,16,8.0,309.343,0.15467149
RS_0123,RS,autumn,17,8.5,305.00278,0.15250139
RS_0123,RS,autumn,18,9.0,332.57108,0.16628554
RS_0123,RS,autumn,19,9.5,354.71176,0.17735589
RS_0123,RS,autumn,20,10.0,413.21902,0.20660952
RS_0123,RS,autumn,21,10.5,367.92084,0.18396042
RS_0123,RS,autumn,22,11.0,430.19925,0.21509962
RS_0123,RS,autumn,23,11.5,403.2798,0.20163989
RS_0123,RS,autumn,24,12.0,378.1813,0.18909065
RS_0123,RS,autumn,25,12.5,337.32132,0.16866066
RS_0123,RS,autumn,26,13.0,323.76196,0.16188098
RS_0123,RS,autumn,27,13.5,313.4414,0.1567207
RS_0123,RS,autumn,28,14.0,282.71323,0.14135662
RS_0123,RS,autumn,29,14.5,292.98813,0.14649406
RS_0123,RS,autumn,30,15.0,289.49753,0.14474876
RS_0123,RS,autumn,31,15.5,287.81815,0.14390907
RS_0123,RS,autumn,32,16.0,293.4379,0.14671895
RS_0123,RS,autumn,33,16.5,256.5453,0.12827264
RS_0123,RS,autumn,34,17.0,276.69266,0.13834633
RS_0123,RS,autumn,35,17.5,308.20544,0.15410273
RS_0123,RS,autumn,36,18.0,339.48154,0.16974077
RS_0123,RS,autumn,37,18.5,307.43515,0.15371758
RS_0123,RS,autumn,38,19.0,387.7648,0.1938824
RS_0123,RS,autumn,39,19.5,339.8597,0.16992986
RS_0123,RS,autumn,40,20.0,345.17728,0.17258863
RS_0123,RS,autumn,41,20.5,345.08765,0.17254382
RS_0123,RS,autumn,42,21.0,335.31076,0.16765538
RS_0123,RS,autumn,43,21.5,372.92227,0.18646114
RS_0123,RS,autumn,44,22.0,397.8424,0.1989212
RS_0123,RS,autumn,45,22.5,455.66583,0.22783291
RS_0123,RS,autumn,46,23.0,399.08337,0.19954169
RS_0123,RS,autumn,47,23.5,344.85867,0.17242934
RS_0124,RS,winter,0,0.0,1000.64795,0.50032395
RS_0124,RS,winter,1,0.5,484.17874,0.24208938
RS_0124,RS,winter,2,1.0,269.8134,0.1349067
RS_0124,RS,winter,3,1.5,125.13705,0.06256852
RS_0124,RS,winter,4,2.0,98.50011,0.049250055
RS_0124,RS,winter,5,2.5,88.33535,0.044167675
RS_0124,RS,winter,6,3.0,79.70838,0.03985419
RS_0124,RS,winter,7,3.5,99.18744,0.04959372
RS_0124,RS,winter,8,4.0,83.303024,0.041651513
RS_0124,RS,winter,9,4.5,99.33062,0.04966531
RS_0124,RS,winter,10,5.0,90.30982,0.04515491
RS_0124,RS,winter,11,5.5,84.56697,0.042283487
RS_0124,RS,winter,12,6.0,62.774628,0.031387314
RS_0124,RS,winter,13,6.5,145.90997,0.07295499
RS_0124,RS,winter,14,7.0,128.81172,0.06440586
RS_0124,RS,winter,15,7.5,145.69536,0.07284768
RS_0124,RS,winter,16,8.0,129.87283,0.064936414
RS_0124,RS,winter,17,8.5,110.983,0.0554915
RS_0124,RS,winter,18,9.0,76.349,0.0381745
RS_0124,RS,winter,19,9.5,92.16937,0.046084687
RS_0124,RS,winter,20,10.0,82.87623,0.041438114
RS_0124,RS,winter,21,10.5,66.596924,0.033298463
RS_0124,RS,winter,22,11.0,49.673443,0.02483672
RS_0124,RS,winter,23,11.5,18.350302,0.009175151
RS_0124,RS,winter,24,12.0,52.229675,0.026114838
RS_0124,RS,winter,25,12.5,56.57471,0.028287355
RS_0124,RS,winter,26,13.0,11.699396,0.005849698
RS_0124,RS,winter,27,13.5,3.379777,0.0016898884
RS_0124,RS,winter,28,14.0,6.187108,0.003093554
RS_0124,RS,winter,29,14.5,1.0669029,0.00053345144
RS_0124,RS,winter,30,15.0,2.4426215,0.0012213107
RS_0124,RS,winter,31,15.5,34.698597,0.017349299
RS_0124,RS,winter,32,16.0,52.272892,0.026136447
RS_0124,RS,winter,33,16.5,34.812965,0.017406482
RS_0124,RS,winter,34,17.0,56.165653,0.028082827
RS_0124,RS,winter,35,17.5,103.35803,0.051679015
RS_0124,RS,winter,36,18.0,153.54353,0.076771766
RS_0124,RS,winter,37,18.5,185.6799,0.09283995
RS_0124,RS,winter,38,19.0,164.47339,0.08223669
RS_0124,RS,winter,39,19.5,182.07922,0.09103961
RS_0124,RS,winter,40,20.0,98.98613,0.049493063
RS_0124,RS,winter,41,20.5,89.14342,0.04457171
RS_0124,RS,winter,42,21.0,79.5423,0.039771147
RS_0124,RS,winter,43,21.5,124.57209,0.062286045
RS_0124,RS,winter,44,22.0,517.75586,0.25887793
RS_0124,RS,winter,45,22.5,812.855,0.4064275
RS_0124,RS,winter,46,23.0,1576.6772,0.7883386
RS_0124,RS,winter,47,23.5,1721.4332,0.86071664
RS_0125,RS,autumn,0,0.0,238.12135,0.11906068
RS_0125,RS,autumn,1,0.5,201.59477,0.100797385
RS_0125,RS,autumn,2,1.0,191.88792,0.095943965
RS_0125,RS,autumn,3,1.5,234.08128,0.11704064
RS_0125,RS,autumn,4,2.0,234.42848,0.11721424
RS_0125,RS,autumn,5,2.5,203.37134,0.101685666
RS_0125,RS,autumn,6,3.0,218.64091,0.109320454
RS_0125,RS,autumn,7,3.5,203.15892,0.10157946
RS_0125,RS,autumn,8,4.0,225.79706,0.11289853
RS_0125,RS,autumn,9,4.5,185.54314,0.09277157
RS_0125,RS,autumn,10,5.0,200.1949,0.10009745
RS_0125,RS,autumn,11,5.5,168.23036,0.08411518
RS_0125,RS,autumn,12,6.0,187.48096,0.09374048
RS_0125,RS,autumn,13,6.5,160.3015,0.080150746
RS_0125,RS,autumn,14,7.0,181.88274,0.09094137
RS_0125,RS,autumn,15,7.5,138.1952,0.0690976
RS_0125,RS,autumn,16,8.0,164.55879,0.0822794
RS_0125,RS,autumn,17,8.5,139.91708,0.069958545
RS_0125,RS,autumn,18,9.0,206.58359,0.103291795
RS_0125,RS,autumn,19,9.5,201.09363,0.100546815
RS_0125,RS,autumn,20,10.0,361.03616,0.18051808
RS_0125,RS,autumn,21,10.5,459.8567,0.22992834
RS_0125,RS,autumn,22,11.0,667.5739,0.33378696
RS_0125,RS,autumn,23,11.5,930.7431,0.46537155
RS_0125,RS,autumn,24,12.0,971.4883,0.48574415
RS_0125,RS,autumn,25,12.5,883.26025,0.44163013
RS_0125,RS,autumn,26,13.0,780.5336,0.3902668
RS_0125,RS,autumn,27,13.5,577.58154,0.28879076
RS_0125,RS,autumn,28,14.0,517.17365,0.25858682
RS_0125,RS,autumn,29,14.5,417.86194,0.20893097
RS_0125,RS,autumn,30,15.0,331.71912,0.16585957
RS_0125,RS,autumn,31,15.5,313.81467,0.15690733
RS_0125,RS,autumn,32,16.0,310.4495,0.15522474
RS_0125,RS,autumn,33,16.5,292.15564,0.14607783
RS_0125,RS,autumn,34,17.0,349.6294,0.1748147
RS_0125,RS,autumn,35,17.5,295.01276,0.14750637
RS_0125,RS,autumn,36,18.0,376.93002,0.18846501
RS_0125,RS,autumn,37,18.5,412.9244,0.2064622
RS_0125,RS,autumn,38,19.0,556.56537,0.27828267
RS_0125,RS,autumn,39,19.5,575.1926,0.28759632
RS_0125,RS,autumn,40,20.0,594.44324,0.29722163
RS_0125,RS,autumn,41,20.5,506.64026,0.25332013
RS_0125,RS,autumn,42,21.0,466.11923,0.23305961
RS_0125,RS,autumn,43,21.5,450.9843,0.22549215
RS_0125,RS,autumn,44,22.0,356.0311,0.17801555
RS_0125,RS,autumn,45,22.5,273.56372,0.13678186
RS_0125,RS,autumn,46,23.0,276.8496,0.1384248
RS_0125,RS,autumn,47,23.5,235.19524,0.11759762
RS_0126,RS,summer,0,0.0,55.492382,0.027746191
RS_0126,RS,summer,1,0.5,71.9902,0.0359951
RS_0126,RS,summer,2,1.0,265.12543,0.13256271
RS_0126,RS,summer,3,1.5,925.9416,0.4629708
RS_0126,RS,summer,4,2.0,1597.1678,0.7985839
RS_0126,RS,summer,5,2.5,761.4585,0.38072926
RS_0126,RS,summer,6,3.0,572.3658,0.28618288
RS_0126,RS,summer,7,3.5,332.88474,0.16644236
RS_0126,RS,summer,8,4.0,195.50377,0.097751886
RS_0126,RS,summer,9,4.5,138.17741,0.069088705
RS_0126,RS,summer,10,5.0,136.60582,0.06830291
RS_0126,RS,summer,11,5.5,141.23164,0.07061582
RS_0126,RS,summer,12,6.0,117.692764,0.05884638
RS_0126,RS,summer,13,6.5,153.69563,0.076847814
RS_0126,RS,summer,14,7.0,113.06884,0.05653442
RS_0126,RS,summer,15,7.5,121.14801,0.060574006
RS_0126,RS,summer,16,8.0,65.21691,0.032608457
RS_0126,RS,summer,17,8.5,44.10315,0.022051575
RS_0126,RS,summer,18,9.0,38.317127,0.019158565
RS_0126,RS,summer,19,9.5,38.90627,0.019453134
RS_0126,RS,summer,20,10.0,27.009083,0.0135045415
RS_0126,RS,summer,21,10.5,32.598263,0.016299132
RS_0126,RS,summer,22,11.0,25.908714,0.012954357
RS_0126,RS,summer,23,11.5,33.450306,0.016725153
RS_0126,RS,summer,24,12.0,28.98986,0.01449493
RS_0126,RS,summer,25,12.5,34.332943,0.017166471
RS_0126,RS,summer,26,13.0,32.018482,0.016009241
RS_0126,RS,summer,27,13.5,58.587494,0.029293748
RS_0126,RS,summer,28,14.0,39.50209,0.019751046
RS_0126,RS,summer,29,14.5,37.4573,0.01872865
RS_0126,RS,summer,30,15.0,49.961662,0.024980832
RS_0126,RS,summer,31,15.5,40.143574,0.020071788
RS_0126,RS,summer,32,16.0,47.84371,0.023921857
RS_0126,RS,summer,33,16.5,50.72437,0.025362184
RS_0126,RS,summer,34,17.0,43.838013,0.021919006
RS_0126,RS,summer,35,17.5,63.17504,0.03158752
RS_0126,RS,summer,36,18.0,53.433666,0.026716834
RS_0126,RS,summer,37,18.5,56.23428,0.028117139
RS_0126,RS,summer,38,19.0,66.93816,0.03346908
RS_0126,RS,summer,39,19.5,82.75669,0.041378345
RS_0126,RS,summer,40,20.0,54.82813,0.027414065
RS_0126,RS,summer,41,20.5,51.05557,0.025527785
RS_0126,RS,summer,42,21.0,65.27507,0.032637537
RS_0126,RS,summer,43,21.5,52.534584,0.026267292
RS_0126,RS,summer,44,22.0,46.017155,0.023008578
RS_0126,RS,summer,45,22.5,48.15828,0.02407914
RS_0126,RS,summer,46,23.0,41.463943,0.020731973
RS_0126,RS,summer,47,23.5,52.311596,0.026155798
RS_0127,RS,autumn,0,0.0,1066.4208,0.5332104
RS_0127,RS,autumn,1,0.5,1130.9604,0.56548023
RS_0127,RS,autumn,2,1.0,2151.3928,1.0756965
RS_0127,RS,autumn,3,1.5,1424.8796,0.71243984
RS_0127,RS,autumn,4,2.0,395.54633,0.19777316
RS_0127,RS,autumn,5,2.5,167.84677,0.083923385
RS_0127,RS,autumn,6,3.0,151.75368,0.07587684
RS_0127,RS,autumn,7,3.5,128.86638,0.06443319
RS_0127,RS,autumn,8,4.0,101.6087,0.05080435
RS_0127,RS,autumn,9,4.5,82.02829,0.041014146
RS_0127,RS,autumn,10,5.0,68.062546,0.034031272
RS_0127,RS,autumn,11,5.5,69.86976,0.03493488
RS_0127,RS,autumn,12,6.0,44.14385,0.022071924
RS_0127,RS,autumn,13,6.5,45.319817,0.022659909
RS_0127,RS,autumn,14,7.0,38.320286,0.019160142
RS_0127,RS,autumn,15,7.5,32.29251,0.016146256
RS_0127,RS,autumn,16,8.0,15.329792,0.007664896
RS_0127,RS,autumn,17,8.5,16.524899,0.008262449
RS_0127,RS,autumn,18,9.0,10.036807,0.0050184038
RS_0127,RS,autumn,19,9.5,13.778577,0.0068892883
RS_0127,RS,autumn,20,10.0,7.735508,0.003867754
RS_0127,RS,autumn,21,10.5,15.854004,0.007927002
RS_0127,RS,autumn,22,11.0,7.356905,0.0036784525
RS_0127,RS,autumn,23,11.5,6.94113,0.0034705652
RS_0127,RS,autumn,24,12.0,6.1383047,0.0030691524
RS_0127,RS,autumn,25,12.5,12.564877,0.006282438
RS_0127,RS,autumn,26,13.0,7.0714693,0.0035357347
RS_0127,RS,autumn,27,13.5,16.973846,0.008486923
RS_0127,RS,autumn,28,14.0,13.411327,0.0067056636
RS_0127,RS,autumn,29,14.5,10.103214,0.0050516073
RS_0127,RS,autumn,30,15.0,19.386818,0.009693409
RS_0127,RS,autumn,31,15.5,14.603588,0.007301794
RS_0127,RS,autumn,32,16.0,12.846764,0.0064233816
RS_0127,RS,autumn,33,16.5,16.491154,0.008245577
RS_0127,RS,autumn,34,17.0,15.093395,0.0075466977
RS_0127,RS,autumn,35,17.5,14.499637,0.007249818
RS_0127,RS,autumn,36,18.0,11.767918,0.0058839587
RS_0127,RS,autumn,37,18.5,16.062202,0.008031101
RS_0127,RS,autumn,38,19.0,21.548855,0.010774427
RS_0127,RS,autumn,39,19.5,23.908699,0.0119543495
RS_0127,RS,autumn,40,20.0,13.591177,0.0067955884
RS_0127,RS,autumn,41,20.5,19.23701,0.009618505
RS_0127,RS,autumn,42,21.0,20.70598,0.010352991
RS_0127,RS,autumn,43,21.5,21.67938,0.01083969
RS_0127,RS,autumn,44,22.0,20.661432,0.010330716
RS_0127,RS,autumn,45,22.5,22.72516,0.011362581
RS_0127,RS,autumn,46,23.0,25.938847,0.012969423
RS_0127,RS,autumn,47,23.5,66.13945,0.033069726
RS_0128,RS,spring,0,0.0,134.21558,0.06710779
RS_0128,RS,spring,1,0.5,195.44746,0.09772373
RS_0128,RS,spring,2,1.0,741.62085,0.37081042
RS_0128,RS,spring,3,1.5,2054.6667,1.0273334
RS_0128,RS,spring,4,2.0,815.5492,0.4077746
RS_0128,RS,spring,5,2.5,287.4643,0.14373215
RS_0128,RS,spring,6,3.0,241.6507,0.12082535
RS_0128,RS,spring,7,3.5,209.10704,0.10455352
RS_0128,RS,spring,8,4.0,198.24736,0.09912368
RS_0128,RS,spring,9,4.5,159.30333,0.07965166
RS_0128,RS,spring,10,5.0,181.96646,0.09098323
RS_0128,RS,spring,11,5.5,173.98463,0.086992316
RS_0128,RS,spring,12,6.0,170.86691,0.08543345
RS_0128,RS,spring,13,6.5,193.16238,0.09658119
RS_0128,RS,spring,14,7.0,162.52498,0.08126249
RS_0128,RS,spring,15,7.5,170.68646,0.085343234
RS_0128,RS,spring,16,8.0,150.77974,0.07538987
RS_0128,RS,spring,17,8.5,153.04794,0.076523975
RS_0128,RS,spring,18,9.0,147.10704,0.07355352
RS_0128,RS,spring,19,9.5,162.81844,0.081409216
RS_0128,RS,spring,20,10.0,166.10475,0.083052374
RS_0128,RS,spring,21,10.5,156.76065,0.078380324
RS_0128,RS,spring,22,11.0,177.8567,0.08892835
RS_0128,RS,spring,23,11.5,184.25789,0.09212895
RS_0128,RS,spring,24,12.0,295.01514,0.14750756
RS_0128,RS,spring,25,12.5,353.8591,0.17692955
RS_0128,RS,spring,26,13.0,237.96178,0.11898089
RS_0128,RS,spring,27,13.5,204.28201,0.10214101
RS_0128,RS,spring,28,14.0,160.41307,0.080206536
RS_0128,RS,spring,29,14.5,142.27783,0.07113892
RS_0128,RS,spring,30,15.0,153.91791,0.076958954
RS_0128,RS,spring,31,15.5,140.57118,0.07028559
RS_0128,RS,spring,32,16.0,142.15974,0.07107987
RS_0128,RS,spring,33,16.5,123.80472,0.06190236
RS_0128,RS,spring,34,17.0,131.16086,0.06558043
RS_0128,RS,spring,35,17.5,142.56396,0.071281984
RS_0128,RS,spring,36,18.0,166.14906,0.08307453
RS_0128,RS,spring,37,18.5,169.32878,0.08466439
RS_0128,RS,spring,38,19.0,194.03314,0.09701657
RS_0128,RS,spring,39,19.5,185.11852,0.092559256
RS_0128,RS,spring,40,20.0,184.91895,0.09245947
RS_0128,RS,spring,41,20.5,176.32771,0.08816386
RS_0128,RS,spring,42,21.0,202.90625,0.101453125
RS_0128,RS,spring,43,21.5,180.65388,0.09032694
RS_0128,RS,spring,44,22.0,174.67897,0.08733948
RS_0128,RS,spring,45,22.5,194.92424,0.09746212
RS_0128,RS,spring,46,23.0,159.2321,0.07961605
RS_0128,RS,spring,47,23.5,134.27388,0.06713694
RS_0129,RS,summer,0,0.0,49.069454,0.024534727
RS_0129,RS,summer,1,0.5,50.612247,0.025306124
RS_0129,RS,summer,2,1.0,59.96626,0.02998313
RS_0129,RS,summer,3,1.5,87.53652,0.04376826
RS_0129,RS,summer,4,2.0,118.67606,0.059338033
RS_0129,RS,summer,5,2.5,106.75413,0.053377062
RS_0129,RS,summer,6,3.0,97.60911,0.048804555
RS_0129,RS,summer,7,3.5,78.138885,0.039069444
RS_0129,RS,summer,8,4.0,80.55511,0.04027755
RS_0129,RS,summer,9,4.5,62.887123,0.031443562
RS_0129,RS,summer,10,5.0,72.54787,0.036273934
RS_0129,RS,summer,11,5.5,65.136604,0.032568302
RS_0129,RS,summer,12,6.0,51.781025,0.025890512
RS_0129,RS,summer,13,6.5,44.529537,0.02226477
RS_0129,RS,summer,14,7.0,45.522366,0.022761183
RS_0129,RS,summer,15,7.5,40.531338,0.020265669
RS_0129,RS,summer,16,8.0,51.081303,0.025540652
RS_0129,RS,summer,17,8.5,80.99014,0.04049507
RS_0129,RS,summer,18,9.0,116.45313,0.058226567
RS_0129,RS,summer,19,9.5,113.108116,0.056554057
RS_0129,RS,summer,20,10.0,212.24648,0.10612324
RS_0129,RS,summer,21,10.5,333.39395,0.16669698
RS_0129,RS,summer,22,11.0,333.36667,0.16668333
RS_0129,RS,summer,23,11.5,417.85315,0.20892657
RS_0129,RS,summer,24,12.0,410.45477,0.20522739
RS_0129,RS,summer,25,12.5,218.01466,0.10900733
RS_0129,RS,summer,26,13.0,171.48578,0.08574289
RS_0129,RS,summer,27,13.5,159.3577,0.07967885
RS_0129,RS,summer,28,14.0,166.29355,0.08314677
RS_0129,RS,summer,29,14.5,239.37051,0.119685255
RS_0129,RS,summer,30,15.0,370.56937,0.18528469
RS_0129,RS,summer,31,15.5,403.3303,0.20166515
RS_0129,RS,summer,32,16.0,384.48752,0.19224375
RS_0129,RS,summer,33,16.5,306.2863,0.15314314
RS_0129,RS,summer,34,17.0,286.73386,0.14336693
RS_0129,RS,summer,35,17.5,142.18411,0.071092054
RS_0129,RS,summer,36,18.0,108.42184,0.05421092
RS_0129,RS,summer,37,18.5,73.95811,0.036979053
RS_0129,RS,summer,38,19.0,66.21742,0.03310871
RS_0129,RS,summer,39,19.5,99.843445,0.04992172
RS_0129,RS,summer,40,20.0,82.156265,0.04107813
RS_0129,RS,summer,41,20.5,67.04797,0.033523988
RS_0129,RS,summer,42,21.0,80.995575,0.040497787
RS_0129,RS,summer,43,21.5,88.05061,0.044025306
RS_0129,RS,summer,44,22.0,50.83816,0.02541908
RS_0129,RS,summer,45,22.5,31.493992,0.015746996
RS_0129,RS,summer,46,23.0,33.143936,0.016571969
RS_0129,RS,summer,47,23.5,39.262318,0.019631159
RS_0130,RS,winter,0,0.0,69.00667,0.034503333
RS_0130,RS,winter,1,0.5,81.15897,0.040579487
RS_0130,RS,winter,2,1.0,92.31766,0.046158828
RS_0130,RS,winter,3,1.5,67.895226,0.033947613
RS_0130,RS,winter,4,2.0,69.5809,0.034790453
RS_0130,RS,winter,5,2.5,93.08898,0.046544492
RS_0130,RS,winter,6,3.0,87.38058,0.04369029
RS_0130,RS,winter,7,3.5,73.01575,0.036507875
RS_0130,RS,winter,8,4.0,66.32989,0.033164944
RS_0130,RS,winter,9,4.5,77.060585,0.038530294
RS_0130,RS,winter,10,5.0,67.61053,0.033805262
RS_0130,RS,winter,11,5.5,59.073147,0.029536573
RS_0130,RS,winter,12,6.0,56.16364,0.02808182
RS_0130,RS,winter,13,6.5,62.116325,0.031058162
RS_0130,RS,winter,14,7.0,63.71826,0.03185913
RS_0130,RS,winter,15,7.5,51.074375,0.025537187
RS_0130,RS,winter,16,8.0,57.60133,0.028800664
RS_0130,RS,winter,17,8.5,93.622635,0.046811316
RS_0130,RS,winter,18,9.0,92.5947,0.046297353
RS_0130,RS,winter,19,9.5,79.654175,0.039827086
RS_0130,RS,winter,20,10.0,61.51017,0.030755086
RS_0130,RS,winter,21,10.5,36.40864,0.01820432
RS_0130,RS,winter,22,11.0,27.823376,0.013911688
RS_0130,RS,winter,23,11.5,17.856253,0.008928127
RS_0130,RS,winter,24,12.0,21.299765,0.010649882
RS_0130,RS,winter,25,12.5,23.839989,0.011919994
RS_0130,RS,winter,26,13.0,35.620045,0.017810022
RS_0130,RS,winter,27,13.5,13.870781,0.0069353906
RS_0130,RS,winter,28,14.0,41.156536,0.020578269
RS_0130,RS,winter,29,14.5,36.397263,0.018198632
RS_0130,RS,winter,30,15.0,39.96574,0.01998287
RS_0130,RS,winter,31,15.5,36.70489,0.018352445
RS_0130,RS,winter,32,16.0,31.37233,0.015686166
RS_0130,RS,winter,33,16.5,46.513638,0.02325682
RS_0130,RS,winter,34,17.0,45.527546,0.022763774
RS_0130,RS,winter,35,17.5,42.582027,0.021291014
RS_0130,RS,winter,36,18.0,51.323,0.0256615
RS_0130,RS,winter,37,18.5,44.462914,0.022231456
RS_0130,RS,winter,38,19.0,26.822685,0.013411342
RS_0130,RS,winter,39,19.5,24.63897,0.012319485
RS_0130,RS,winter,40,20.0,19.663546,0.009831773
RS_0130,RS,winter,41,20.5,38.52234,0.01926117
RS_0130,RS,winter,42,21.0,40.69022,0.02034511
RS_0130,RS,winter,43,21.5,43.5702,0.0217851
RS_0130,RS,winter,44,22.0,62.05797,0.031028984
RS_0130,RS,winter,45,22.5,51.83379,0.025916895
RS_0130,RS,winter,46,23.0,62.82434,0.03141217
RS_0130,RS,winter,47,23.5,65.91448,0.03295724
RS_0131,RS,spring,0,0.0,63.932884,0.03196644
RS_0131,RS,spring,1,0.5,58.737392,0.029368697
RS_0131,RS,spring,2,1.0,48.764977,0.024382489
RS_0131,RS,spring,3,1.5,64.777725,0.032388862
RS_0131,RS,spring,4,2.0,70.358765,0.035179384
RS_0131,RS,spring,5,2.5,57.99635,0.028998174
RS_0131,RS,spring,6,3.0,99.30895,0.049654476
RS_0131,RS,spring,7,3.5,58.085228,0.029042615
RS_0131,RS,spring,8,4.0,73.31161,0.036655802
RS_0131,RS,spring,9,4.5,65.95971,0.032979853
RS_0131,RS,spring,10,5.0,58.497948,0.029248973
RS_0131,RS,spring,11,5.5,72.119225,0.03605961
RS_0131,RS,spring,12,6.0,57.26491,0.028632456
RS_0131,RS,spring,13,6.5,74.376495,0.037188247
RS_0131,RS,spring,14,7.0,62.057816,0.031028908
RS_0131,RS,spring,15,7.5,79.88433,0.039942164
RS_0131,RS,spring,16,8.0,51.32193,0.025660966
RS_0131,RS,spring,17,8.5,58.70237,0.029351184
RS_0131,RS,spring,18,9.0,58.38774,0.02919387
RS_0131,RS,spring,19,9.5,73.58641,0.036793206
RS_0131,RS,spring,20,10.0,70.97532,0.03548766
RS_0131,RS,spring,21,10.5,68.80723,0.034403615
RS_0131,RS,spring,22,11.0,99.59462,0.04979731
RS_0131,RS,spring,23,11.5,73.49396,0.03674698
RS_0131,RS,spring,24,12.0,78.664215,0.039332107
RS_0131,RS,spring,25,12.5,51.97434,0.025987169
RS_0131,RS,spring,26,13.0,53.34656,0.026673282
RS_0131,RS,spring,27,13.5,67.11021,0.0335551
RS_0131,RS,spring,28,14.0,60.889645,0.030444823
RS_0131,RS,spring,29,14.5,67.22404,0.03361202
RS_0131,RS,spring,30,15.0,53.081276,0.026540639
RS_0131,RS,spring,31,15.5,68.20601,0.034103006
RS_0131,RS,spring,32,16.0,65.46033,0.032730162
RS_0131,RS,spring,33,16.5,76.51393,0.038256966
RS_0131,RS,spring,34,17.0,63.99626,0.03199813
RS_0131,RS,spring,35,17.5,69.97172,0.03498586
RS_0131,RS,spring,36,18.0,97.644615,0.048822306
RS_0131,RS,spring,37,18.5,75.38599,0.037692994
RS_0131,RS,spring,38,19.0,159.96512,0.07998256
RS_0131,RS,spring,39,19.5,179.78148,0.08989074
RS_0131,RS,spring,40,20.0,267.20255,0.13360128
RS_0131,RS,spring,41,20.5,227.12712,0.11356356
RS_0131,RS,spring,42,21.0,181.69586,0.09084793
RS_0131,RS,spring,43,21.5,222.1289,0.11106446
RS_0131,RS,spring,44,22.0,145.39803,0.07269901
RS_0131,RS,spring,45,22.5,112.774734,0.05638737
RS_0131,RS,spring,46,23.0,84.114784,0.04205739
RS_0131,RS,spring,47,23.5,83.75381,0.041876905
RS_0132,RS,autumn,0,0.0,169.69157,0.08484579
RS_0132,RS,autumn,1,0.5,144.57036,0.07228518
RS_0132,RS,autumn,2,1.0,155.41104,0.07770552
RS_0132,RS,autumn,3,1.5,152.83609,0.07641804
RS_0132,RS,autumn,4,2.0,174.06216,0.08703108
RS_0132,RS,autumn,5,2.5,157.36685,0.07868343
RS_0132,RS,autumn,6,3.0,144.03242,0.07201621
RS_0132,RS,autumn,7,3.5,134.04309,0.06702155
RS_0132,RS,autumn,8,4.0,150.95564,0.07547782
RS_0132,RS,autumn,9,4.5,139.84761,0.0699238
RS_0132,RS,autumn,10,5.0,132.79106,0.06639553
RS_0132,RS,autumn,11,5.5,140.1297,0.07006485
RS_0132,RS,autumn,12,6.0,190.01514,0.09500757
RS_0132,RS,autumn,13,6.5,203.40575,0.10170288
RS_0132,RS,autumn,14,7.0,191.85986,0.09592993
RS_0132,RS,autumn,15,7.5,143.81729,0.071908645
RS_0132,RS,autumn,16,8.0,155.6711,0.077835545
RS_0132,RS,autumn,17,8.5,123.334694,0.061667345
RS_0132,RS,autumn,18,9.0,126.09689,0.063048445
RS_0132,RS,autumn,19,9.5,116.46276,0.05823138
RS_0132,RS,autumn,20,10.0,100.893005,0.050446503
RS_0132,RS,autumn,21,10.5,72.50068,0.036250338
RS_0132,RS,autumn,22,11.0,82.59442,0.041297212
RS_0132,RS,autumn,23,11.5,131.62772,0.065813854
RS_0132,RS,autumn,24,12.0,198.90991,0.099454954
RS_0132,RS,autumn,25,12.5,408.3489,0.20417446
RS_0132,RS,autumn,26,13.0,604.59753,0.30229875
RS_0132,RS,autumn,27,13.5,310.9453,0.15547265
RS_0132,RS,autumn,28,14.0,196.56958,0.09828479
RS_0132,RS,autumn,29,14.5,146.39287,0.07319643
RS_0132,RS,autumn,30,15.0,131.9632,0.0659816
RS_0132,RS,autumn,31,15.5,115.42963,0.057714812
RS_0132,RS,autumn,32,16.0,147.79431,0.07389715
RS_0132,RS,autumn,33,16.5,165.38011,0.08269005
RS_0132,RS,autumn,34,17.0,237.2167,0.118608356
RS_0132,RS,autumn,35,17.5,261.86298,0.13093148
RS_0132,RS,autumn,36,18.0,575.88513,0.28794256
RS_0132,RS,autumn,37,18.5,1009.37274,0.50468636
RS_0132,RS,autumn,38,19.0,1528.2007,0.7641003
RS_0132,RS,autumn,39,19.5,1337.7537,0.6688768
RS_0132,RS,autumn,40,20.0,1045.2191,0.52260953
RS_0132,RS,autumn,41,20.5,810.1318,0.4050659
RS_0132,RS,autumn,42,21.0,658.85345,0.32942674
RS_0132,RS,autumn,43,21.5,461.53427,0.23076713
RS_0132,RS,autumn,44,22.0,391.58517,0.19579259
RS_0132,RS,autumn,45,22.5,388.86694,0.19443347
RS_0132,RS,autumn,46,23.0,316.318,0.158159
RS_0132,RS,autumn,47,23.5,235.06395,0.11753198
RS_0133,RS,summer,0,0.0,158.18536,0.07909268
RS_0133,RS,summer,1,0.5,337.93408,0.16896704
RS_0133,RS,summer,2,1.0,665.59106,0.33279553
RS_0133,RS,summer,3,1.5,1084.5463,0.5422731
RS_0133,RS,summer,4,2.0,3347.147,1.6735735
RS_0133,RS,summer,5,2.5,5305.9707,2.6529853
RS_0133,RS,summer,6,3.0,3209.517,1.6047585
RS_0133,RS,summer,7,3.5,2797.402,1.3987011
RS_0133,RS,summer,8,4.0,1510.4838,0.7552419
RS_0133,RS,summer,9,4.5,1340.0748,0.6700374
RS_0133,RS,summer,10,5.0,1538.7223,0.76936114
RS_0133,RS,summer,11,5.5,1096.6188,0.5483094
RS_0133,RS,summer,12,6.0,644.4599,0.32222995
RS_0133,RS,summer,13,6.5,575.50507,0.28775254
RS_0133,RS,summer,14,7.0,415.67346,0.20783673
RS_0133,RS,summer,15,7.5,593.12445,0.29656222
RS_0133,RS,summer,16,8.0,353.50766,0.17675383
RS_0133,RS,summer,17,8.5,265.8977,0.13294885
RS_0133,RS,summer,18,9.0,316.39563,0.15819782
RS_0133,RS,summer,19,9.5,218.42464,0.10921232
RS_0133,RS,summer,20,10.0,574.8067,0.28740335
RS_0133,RS,summer,21,10.5,266.22815,0.13311407
RS_0133,RS,summer,22,11.0,36.516117,0.01825806
RS_0133,RS,summer,23,11.5,13.373404,0.006686702
RS_0133,RS,summer,24,12.0,240.0661,0.12003305
RS_0133,RS,summer,25,12.5,2936.1323,1.4680662
RS_0133,RS,summer,26,13.0,4441.754,2.220877
RS_0133,RS,summer,27,13.5,3596.361,1.7981806
RS_0133,RS,summer,28,14.0,4315.6357,2.1578178
RS_0133,RS,summer,29,14.5,806.1593,0.40307966
RS_0133,RS,summer,30,15.0,427.50412,0.21375206
RS_0133,RS,summer,31,15.5,88.03295,0.044016477
RS_0133,RS,summer,32,16.0,6.8140097,0.0034070048
RS_0133,RS,summer,33,16.5,22.29352,0.01114676
RS_0133,RS,summer,34,17.0,14.76336,0.00738168
RS_0133,RS,summer,35,17.5,12.529964,0.0062649823
RS_0133,RS,summer,36,18.0,20.992622,0.010496311
RS_0133,RS,summer,37,18.5,86.930084,0.04346504
RS_0133,RS,summer,38,19.0,71.85963,0.035929814
RS_0133,RS,summer,39,19.5,363.87183,0.1819359
RS_0133,RS,summer,40,20.0,334.12662,0.16706331
RS_0133,RS,summer,41,20.5,281.53613,0.14076807
RS_0133,RS,summer,42,21.0,302.25552,0.15112776
RS_0133,RS,summer,43,21.5,426.5683,0.21328415
RS_0133,RS,summer,44,22.0,357.55188,0.17877594
RS_0133,RS,summer,45,22.5,175.95132,0.087975666
RS_0133,RS,summer,46,23.0,143.61588,0.071807936
RS_0133,RS,summer,47,23.5,143.8827,0.07194135
RS_0134,RS,spring,0,0.0,149.75557,0.07487778
RS_0134,RS,spring,1,0.5,136.20398,0.06810199
RS_0134,RS,spring,2,1.0,138.40889,0.06920444
RS_0134,RS,spring,3,1.5,162.28897,0.08114448
RS_0134,RS,spring,4,2.0,146.0008,0.073000394
RS_0134,RS,spring,5,2.5,168.01778,0.08400889
RS_0134,RS,spring,6,3.0,143.19281,0.07159641
RS_0134,RS,spring,7,3.5,132.03302,0.06601651
RS_0134,RS,spring,8,4.0,156.6616,0.0783308
RS_0134,RS,spring,9,4.5,141.10501,0.070552506
RS_0134,RS,spring,10,5.0,132.12097,0.06606048
RS_0134,RS,spring,11,5.5,137.80508,0.068902545
RS_0134,RS,spring,12,6.0,237.98193,0.118990965
RS_0134,RS,spring,13,6.5,671.9847,0.33599234
RS_0134,RS,spring,14,7.0,1749.1926,0.8745963
RS_0134,RS,spring,15,7.5,1878.7358,0.9393679
RS_0134,RS,spring,16,8.0,1521.7001,0.76085
RS_0134,RS,spring,17,8.5,743.4908,0.37174538
RS_0134,RS,spring,18,9.0,410.6942,0.2053471
RS_0134,RS,spring,19,9.5,203.42436,0.10171218
RS_0134,RS,spring,20,10.0,162.56982,0.08128491
RS_0134,RS,spring,21,10.5,179.6406,0.089820296
RS_0134,RS,spring,22,11.0,151.09795,0.07554898
RS_0134,RS,spring,23,11.5,168.08525,0.08404262
RS_0134,RS,spring,24,12.0,172.77968,0.08638984
RS_0134,RS,spring,25,12.5,173.95259,0.0869763
RS_0134,RS,spring,26,13.0,176.80406,0.08840203
RS_0134,RS,spring,27,13.5,159.48215,0.079741076
RS_0134,RS,spring,28,14.0,157.44186,0.078720935
RS_0134,RS,spring,29,14.5,239.98071,0.119990356
RS_0134,RS,spring,30,15.0,288.8562,0.1444281
RS_0134,RS,spring,31,15.5,296.78195,0.14839098
RS_0134,RS,spring,32,16.0,341.76782,0.17088391
RS_0134,RS,spring,33,16.5,297.90213,0.14895107
RS_0134,RS,spring,34,17.0,325.93927,0.16296963
RS_0134,RS,spring,35,17.5,281.0315,0.14051574
RS_0134,RS,spring,36,18.0,255.07852,0.12753926
RS_0134,RS,spring,37,18.5,410.54935,0.20527467
RS_0134,RS,spring,38,19.0,461.41873,0.23070936
RS_0134,RS,spring,39,19.5,507.79306,0.25389653
RS_0134,RS,spring,40,20.0,541.8557,0.27092785
RS_0134,RS,spring,41,20.5,489.52048,0.24476025
RS_0134,RS,spring,42,21.0,420.33386,0.21016693
RS_0134,RS,spring,43,21.5,304.52457,0.15226229
RS_0134,RS,spring,44,22.0,277.14932,0.13857466
RS_0134,RS,spring,45,22.5,213.99721,0.10699861
RS_0134,RS,spring,46,23.0,211.81183,0.10590591
RS_0134,RS,spring,47,23.5,180.10175,0.090050876
RS_0135,RS,winter,0,0.0,242.1339,0.12106695
RS_0135,RS,winter,1,0.5,153.54007,0.07677004
RS_0135,RS,winter,2,1.0,118.6566,0.0593283
RS_0135,RS,winter,3,1.5,603.8377,0.30191886
RS_0135,RS,winter,4,2.0,2078.0088,1.0390044
RS_0135,RS,winter,5,2.5,3296.0654,1.6480327
RS_0135,RS,winter,6,3.0,4877.9175,2.4389586
RS_0135,RS,winter,7,3.5,4151.884,2.0759418
RS_0135,RS,winter,8,4.0,3290.7527,1.6453763
RS_0135,RS,winter,9,4.5,2040.9601,1.02048
RS_0135,RS,winter,10,5.0,1246.25,0.623125
RS_0135,RS,winter,11,5.5,785.82733,0.39291367
RS_0135,RS,winter,12,6.0,702.07983,0.35103992
RS_0135,RS,winter,13,6.5,696.00995,0.34800497
RS_0135,RS,winter,14,7.0,328.9168,0.16445841
RS_0135,RS,winter,15,7.5,384.432,0.19221601
RS_0135,RS,winter,16,8.0,270.93164,0.13546582
RS_0135,RS,winter,17,8.5,243.94339,0.1219717
RS_0135,RS,winter,18,9.0,241.8961,0.120948054
RS_0135,RS,winter,19,9.5,230.79684,0.11539842
RS_0135,RS,winter,20,10.0,340.42953,0.17021477
RS_0135,RS,winter,21,10.5,242.60202,0.12130101
RS_0135,RS,winter,22,11.0,219.58743,0.109793715
RS_0135,RS,winter,23,11.5,142.08092,0.07104046
RS_0135,RS,winter,24,12.0,224.55399,0.11227699
RS_0135,RS,winter,25,12.5,416.38498,0.20819248
RS_0135,RS,winter,26,13.0,749.63336,0.3748167
RS_0135,RS,winter,27,13.5,642.00635,0.32100317
RS_0135,RS,winter,28,14.0,1145.4226,0.5727113
RS_0135,RS,winter,29,14.5,1507.3481,0.7536741
RS_0135,RS,winter,30,15.0,1254.4515,0.62722576
RS_0135,RS,winter,31,15.5,762.16846,0.38108423
RS_0135,RS,winter,32,16.0,618.3422,0.3091711
RS_0135,RS,winter,33,16.5,515.3078,0.2576539
RS_0135,RS,winter,34,17.0,511.29968,0.25564983
RS_0135,RS,winter,35,17.5,497.12292,0.24856146
RS_0135,RS,winter,36,18.0,672.5012,0.3362506
RS_0135,RS,winter,37,18.5,681.9603,0.34098017
RS_0135,RS,winter,38,19.0,715.02716,0.35751358
RS_0135,RS,winter,39,19.5,743.85156,0.37192577
RS_0135,RS,winter,40,20.0,916.21857,0.4581093
RS_0135,RS,winter,41,20.5,758.85614,0.37942806
RS_0135,RS,winter,42,21.0,701.3018,0.3506509
RS_0135,RS,winter,43,21.5,626.92065,0.31346032
RS_0135,RS,winter,44,22.0,537.51587,0.26875794
RS_0135,RS,winter,45,22.5,408.247,0.20412351
RS_0135,RS,winter,46,23.0,317.51663,0.15875831
RS_0135,RS,winter,47,23.5,396.04053,0.19802026
RS_0136,RS,summer,0,0.0,250.429,0.1252145
RS_0136,RS,summer,1,0.5,362.11588,0.18105794
RS_0136,RS,summer,2,1.0,929.90643,0.4649532
RS_0136,RS,summer,3,1.5,1322.4811,0.6612405
RS_0136,RS,summer,4,2.0,2009.3868,1.0046934
RS_0136,RS,summer,5,2.5,1927.4515,0.96372575
RS_0136,RS,summer,6,3.0,1660.3213,0.8301606
RS_0136,RS,summer,7,3.5,1205.7234,0.6028617
RS_0136,RS,summer,8,4.0,824.7589,0.41237944
RS_0136,RS,summer,9,4.5,644.17554,0.32208776
RS_0136,RS,summer,10,5.0,480.8332,0.2404166
RS_0136,RS,summer,11,5.5,389.9573,0.19497865
RS_0136,RS,summer,12,6.0,298.50977,0.14925489
RS_0136,RS,summer,13,6.5,295.25745,0.14762872
RS_0136,RS,summer,14,7.0,241.91835,0.12095918
RS_0136,RS,summer,15,7.5,228.03922,0.11401961
RS_0136,RS,summer,16,8.0,175.36613,0.08768307
RS_0136,RS,summer,17,8.5,181.1125,0.09055625
RS_0136,RS,summer,18,9.0,145.55399,0.072776996
RS_0136,RS,summer,19,9.5,138.48264,0.069241315
RS_0136,RS,summer,20,10.0,180.9626,0.0904813
RS_0136,RS,summer,21,10.5,176.98119,0.08849059
RS_0136,RS,summer,22,11.0,222.19531,0.111097656
RS_0136,RS,summer,23,11.5,191.56894,0.09578447
RS_0136,RS,summer,24,12.0,281.23883,0.14061941
RS_0136,RS,summer,25,12.5,372.79553,0.18639776
RS_0136,RS,summer,26,13.0,457.6714,0.22883569
RS_0136,RS,summer,27,13.5,535.0778,0.2675389
RS_0136,RS,summer,28,14.0,931.59827,0.46579912
RS_0136,RS,summer,29,14.5,492.87335,0.24643667
RS_0136,RS,summer,30,15.0,365.99606,0.18299803
RS_0136,RS,summer,31,15.5,338.1111,0.16905555
RS_0136,RS,summer,32,16.0,250.75615,0.12537807
RS_0136,RS,summer,33,16.5,252.27728,0.12613864
RS_0136,RS,summer,34,17.0,246.39691,0.12319846
RS_0136,RS,summer,35,17.5,261.8364,0.1309182
RS_0136,RS,summer,36,18.0,257.9222,0.1289611
RS_0136,RS,summer,37,18.5,308.37225,0.15418613
RS_0136,RS,summer,38,19.0,395.21063,0.19760531
RS_0136,RS,summer,39,19.5,456.24588,0.22812293
RS_0136,RS,summer,40,20.0,418.21542,0.20910771
RS_0136,RS,summer,41,20.5,376.58255,0.18829128
RS_0136,RS,summer,42,21.0,487.48627,0.24374314
RS_0136,RS,summer,43,21.5,509.62952,0.25481474
RS_0136,RS,summer,44,22.0,422.32898,0.21116449
RS_0136,RS,summer,45,22.5,369.02316,0.18451159
RS_0136,RS,summer,46,23.0,349.8592,0.17492959
RS_0136,RS,summer,47,23.5,321.68347,0.16084173
RS_0137,RS,summer,0,0.0,249.07288,0.12453644
RS_0137,RS,summer,1,0.5,238.58884,0.11929442
RS_0137,RS,summer,2,1.0,247.40001,0.12370001
RS_0137,RS,summer,3,1.5,246.69543,0.123347715
RS_0137,RS,summer,4,2.0,270.1108,0.13505541
RS_0137,RS,summer,5,2.5,354.95132,0.17747566
RS_0137,RS,summer,6,3.0,458.1734,0.2290867
RS_0137,RS,summer,7,3.5,401.66446,0.20083223
RS_0137,RS,summer,8,4.0,378.64862,0.1893243
RS_0137,RS,summer,9,4.5,289.09653,0.14454827
RS_0137,RS,summer,10,5.0,292.85486,0.14642742
RS_0137,RS,summer,11,5.5,299.33597,0.14966798
RS_0137,RS,summer,12,6.0,312.64865,0.15632433
RS_0137,RS,summer,13,6.5,295.07767,0.14753884
RS_0137,RS,summer,14,7.0,301.82233,0.15091117
RS_0137,RS,summer,15,7.5,341.526,0.170763
RS_0137,RS,summer,16,8.0,355.64774,0.17782387
RS_0137,RS,summer,17,8.5,290.23944,0.14511973
RS_0137,RS,summer,18,9.0,322.2203,0.16111015
RS_0137,RS,summer,19,9.5,303.2539,0.15162696
RS_0137,RS,summer,20,10.0,338.36847,0.16918424
RS_0137,RS,summer,21,10.5,269.40305,0.13470152
RS_0137,RS,summer,22,11.0,300.7433,0.15037164
RS_0137,RS,summer,23,11.5,309.63492,0.15481746
RS_0137,RS,summer,24,12.0,281.08072,0.14054036
RS_0137,RS,summer,25,12.5,320.0021,0.16000105
RS_0137,RS,summer,26,13.0,412.43304,0.20621653
RS_0137,RS,summer,27,13.5,426.31924,0.21315962
RS_0137,RS,summer,28,14.0,543.3939,0.27169695
RS_0137,RS,summer,29,14.5,428.2786,0.2141393
RS_0137,RS,summer,30,15.0,308.8782,0.1544391
RS_0137,RS,summer,31,15.5,300.1258,0.1500629
RS_0137,RS,summer,32,16.0,261.66788,0.13083394
RS_0137,RS,summer,33,16.5,225.2723,0.11263615
RS_0137,RS,summer,34,17.0,267.93817,0.13396908
RS_0137,RS,summer,35,17.5,296.30737,0.14815369
RS_0137,RS,summer,36,18.0,323.27933,0.16163966
RS_0137,RS,summer,37,18.5,322.1103,0.16105515
RS_0137,RS,summer,38,19.0,537.2607,0.26863033
RS_0137,RS,summer,39,19.5,709.2643,0.35463214
RS_0137,RS,summer,40,20.0,734.07166,0.36703584
RS_0137,RS,summer,41,20.5,740.54016,0.37027007
RS_0137,RS,summer,42,21.0,880.6621,0.44033104
RS_0137,RS,summer,43,21.5,894.5078,0.4472539
RS_0137,RS,summer,44,22.0,625.173,0.3125865
RS_0137,RS,summer,45,22.5,504.33453,0.25216725
RS_0137,RS,summer,46,23.0,410.88348,0.20544174
RS_0137,RS,summer,47,23.5,340.48816,0.17024408
RS_0138,RS,spring,0,0.0,1788.4202,0.8942101
RS_0138,RS,spring,1,0.5,1844.1083,0.9220541
RS_0138,RS,spring,2,1.0,2056.3572,1.0281786
RS_0138,RS,spring,3,1.5,2216.8706,1.1084353
RS_0138,RS,spring,4,2.0,2115.212,1.057606
RS_0138,RS,spring,5,2.5,1951.2827,0.97564137
RS_0138,RS,spring,6,3.0,1892.322,0.94616103
RS_0138,RS,spring,7,3.5,1802.0583,0.90102917
RS_0138,RS,spring,8,4.0,1685.6588,0.8428294
RS_0138,RS,spring,9,4.5,1716.6582,0.8583291
RS_0138,RS,spring,10,5.0,1614.459,0.8072295
RS_0138,RS,spring,11,5.5,1634.923,0.8174615
RS_0138,RS,spring,12,6.0,1720.1705,0.86008525
RS_0138,RS,spring,13,6.5,1716.3838,0.8581919
RS_0138,RS,spring,14,7.0,1594.3499,0.79717493
RS_0138,RS,spring,15,7.5,1534.7167,0.76735836
RS_0138,RS,spring,16,8.0,1420.2711,0.7101356
RS_0138,RS,spring,17,8.5,1338.7588,0.6693794
RS_0138,RS,spring,18,9.0,1394.5981,0.69729906
RS_0138,RS,spring,19,9.5,1202.2861,0.60114306
RS_0138,RS,spring,20,10.0,1166.9111,0.58345556
RS_0138,RS,spring,21,10.5,911.89624,0.4559481
RS_0138,RS,spring,22,11.0,992.2481,0.49612406
RS_0138,RS,spring,23,11.5,989.9036,0.4949518
RS_0138,RS,spring,24,12.0,1083.9615,0.5419808
RS_0138,RS,spring,25,12.5,1173.5784,0.5867892
RS_0138,RS,spring,26,13.0,1206.4204,0.6032102
RS_0138,RS,spring,27,13.5,1144.2775,0.5721387
RS_0138,RS,spring,28,14.0,1132.0167,0.5660084
RS_0138,RS,spring,29,14.5,1080.4967,0.54024833
RS_0138,RS,spring,30,15.0,955.27747,0.47763872
RS_0138,RS,spring,31,15.5,750.6649,0.37533244
RS_0138,RS,spring,32,16.0,700.85223,0.3504261
RS_0138,RS,spring,33,16.5,653.5976,0.3267988
RS_0138,RS,spring,34,17.0,688.36005,0.34418002
RS_0138,RS,spring,35,17.5,672.4309,0.33621547
RS_0138,RS,spring,36,18.0,861.27637,0.4306382
RS_0138,RS,spring,37,18.5,906.9395,0.45346975
RS_0138,RS,spring,38,19.0,957.86456,0.4789323
RS_0138,RS,spring,39,19.5,1049.0605,0.5245303
RS_0138,RS,spring,40,20.0,1163.0615,0.58153075
RS_0138,RS,spring,41,20.5,1231.5934,0.6157967
RS_0138,RS,spring,42,21.0,1311.5219,0.65576094
RS_0138,RS,spring,43,21.5,1385.5784,0.6927892
RS_0138,RS,spring,44,22.0,1485.683,0.7428415
RS_0138,RS,spring,45,22.5,1503.3058,0.7516529
RS_0138,RS,spring,46,23.0,1682.2731,0.8411365
RS_0138,RS,spring,47,23.5,1921.1272,0.9605636
RS_0139,RS,autumn,0,0.0,3049.1423,1.5245712
RS_0139,RS,autumn,1,0.5,2266.3477,1.1331738
RS_0139,RS,autumn,2,1.0,1176.8757,0.58843786
RS_0139,RS,autumn,3,1.5,461.73767,0.23086883
RS_0139,RS,autumn,4,2.0,309.80902,0.15490451
RS_0139,RS,autumn,5,2.5,267.705,0.1338525
RS_0139,RS,autumn,6,3.0,204.39137,0.10219569
RS_0139,RS,autumn,7,3.5,218.69905,0.10934953
RS_0139,RS,autumn,8,4.0,244.64307,0.12232153
RS_0139,RS,autumn,9,4.5,237.7686,0.1188843
RS_0139,RS,autumn,10,5.0,275.95264,0.13797632
RS_0139,RS,autumn,11,5.5,297.15735,0.14857867
RS_0139,RS,autumn,12,6.0,328.09445,0.16404723
RS_0139,RS,autumn,13,6.5,400.22278,0.20011139
RS_0139,RS,autumn,14,7.0,396.4694,0.19823469
RS_0139,RS,autumn,15,7.5,373.17178,0.18658589
RS_0139,RS,autumn,16,8.0,425.05637,0.21252818
RS_0139,RS,autumn,17,8.5,492.95013,0.24647507
RS_0139,RS,autumn,18,9.0,547.16,0.27357998
RS_0139,RS,autumn,19,9.5,591.77686,0.29588842
RS_0139,RS,autumn,20,10.0,577.5178,0.2887589
RS_0139,RS,autumn,21,10.5,570.4655,0.28523275
RS_0139,RS,autumn,22,11.0,647.86426,0.32393214
RS_0139,RS,autumn,23,11.5,877.88086,0.43894044
RS_0139,RS,autumn,24,12.0,825.3513,0.41267565
RS_0139,RS,autumn,25,12.5,730.103,0.3650515
RS_0139,RS,autumn,26,13.0,719.79596,0.35989797
RS_0139,RS,autumn,27,13.5,579.85767,0.28992882
RS_0139,RS,autumn,28,14.0,426.47086,0.21323542
RS_0139,RS,autumn,29,14.5,438.02448,0.21901223
RS_0139,RS,autumn,30,15.0,405.89548,0.20294774
RS_0139,RS,autumn,31,15.5,333.54944,0.16677472
RS_0139,RS,autumn,32,16.0,363.67892,0.18183947
RS_0139,RS,autumn,33,16.5,321.20255,0.16060127
RS_0139,RS,autumn,34,17.0,374.75592,0.18737796
RS_0139,RS,autumn,35,17.5,450.90866,0.22545433
RS_0139,RS,autumn,36,18.0,452.67715,0.22633858
RS_0139,RS,autumn,37,18.5,465.82553,0.23291276
RS_0139,RS,autumn,38,19.0,444.0005,0.22200024
RS_0139,RS,autumn,39,19.5,541.7573,0.27087867
RS_0139,RS,autumn,40,20.0,541.9882,0.2709941
RS_0139,RS,autumn,41,20.5,494.9432,0.2474716
RS_0139,RS,autumn,42,21.0,543.0309,0.27151543
RS_0139,RS,autumn,43,21.5,401.61914,0.20080957
RS_0139,RS,autumn,44,22.0,294.03522,0.14701761
RS_0139,RS,autumn,45,22.5,329.42218,0.16471109
RS_0139,RS,autumn,46,23.0,811.26776,0.40563387
RS_0139,RS,autumn,47,23.5,2334.0527,1.1670264
RS_0140,RS,winter,0,0.0,2531.598,1.2657989
RS_0140,RS,winter,1,0.5,1505.8982,0.7529491
RS_0140,RS,winter,2,1.0,732.5041,0.36625203
RS_0140,RS,winter,3,1.5,352.83954,0.17641976
RS_0140,RS,winter,4,2.0,216.92781,0.108463906
RS_0140,RS,winter,5,2.5,225.15115,0.112575576
RS_0140,RS,winter,6,3.0,165.01169,0.082505845
RS_0140,RS,winter,7,3.5,201.82771,0.10091386
RS_0140,RS,winter,8,4.0,206.71518,0.10335759
RS_0140,RS,winter,9,4.5,238.77753,0.11938877
RS_0140,RS,winter,10,5.0,229.29764,0.11464882
RS_0140,RS,winter,11,5.5,255.35803,0.12767902
RS_0140,RS,winter,12,6.0,242.75832,0.12137916
RS_0140,RS,winter,13,6.5,292.24777,0.14612389
RS_0140,RS,winter,14,7.0,282.7357,0.14136784
RS_0140,RS,winter,15,7.5,256.63483,0.12831742
RS_0140,RS,winter,16,8.0,278.77454,0.13938726
RS_0140,RS,winter,17,8.5,331.6184,0.1658092
RS_0140,RS,winter,18,9.0,279.7433,0.13987164
RS_0140,RS,winter,19,9.5,302.60754,0.15130377
RS_0140,RS,winter,20,10.0,229.35342,0.114676714
RS_0140,RS,winter,21,10.5,305.9802,0.1529901
RS_0140,RS,winter,22,11.0,289.2324,0.1446162
RS_0140,RS,winter,23,11.5,251.78525,0.12589262
RS_0140,RS,winter,24,12.0,325.43594,0.16271797
RS_0140,RS,winter,25,12.5,334.41055,0.16720527
RS_0140,RS,winter,26,13.0,217.35115,0.10867558
RS_0140,RS,winter,27,13.5,226.01042,0.11300521
RS_0140,RS,winter,28,14.0,284.5866,0.1422933
RS_0140,RS,winter,29,14.5,208.59412,0.10429706
RS_0140,RS,winter,30,15.0,194.10849,0.09705424
RS_0140,RS,winter,31,15.5,257.83185,0.12891592
RS_0140,RS,winter,32,16.0,325.98712,0.16299357
RS_0140,RS,winter,33,16.5,382.56155,0.19128078
RS_0140,RS,winter,34,17.0,434.23383,0.2171169
RS_0140,RS,winter,35,17.5,327.0541,0.16352706
RS_0140,RS,winter,36,18.0,332.3254,0.1661627
RS_0140,RS,winter,37,18.5,421.57672,0.21078835
RS_0140,RS,winter,38,19.0,458.5633,0.22928165
RS_0140,RS,winter,39,19.5,429.3343,0.21466714
RS_0140,RS,winter,40,20.0,411.54922,0.2057746
RS_0140,RS,winter,41,20.5,328.62732,0.16431366
RS_0140,RS,winter,42,21.0,303.64035,0.15182017
RS_0140,RS,winter,43,21.5,256.41504,0.12820752
RS_0140,RS,winter,44,22.0,329.68747,0.16484374
RS_0140,RS,winter,45,22.5,761.8138,0.38090688
RS_0140,RS,winter,46,23.0,2029.7664,1.0148832
RS_0140,RS,winter,47,23.5,3337.2854,1.6686428
RS_0141,RS,spring,0,0.0,1083.2406,0.5416203
RS_0141,RS,spring,1,0.5,690.52576,0.34526289
RS_0141,RS,spring,2,1.0,600.8167,0.30040836
RS_0141,RS,spring,3,1.5,576.6856,0.2883428
RS_0141,RS,spring,4,2.0,488.8146,0.2444073
RS_0141,RS,spring,5,2.5,421.08533,0.21054266
RS_0141,RS,spring,6,3.0,354.3254,0.1771627
RS_0141,RS,spring,7,3.5,357.75113,0.17887557
RS_0141,RS,spring,8,4.0,406.872,0.203436
RS_0141,RS,spring,9,4.5,422.27286,0.21113643
RS_0141,RS,spring,10,5.0,426.5944,0.21329719
RS_0141,RS,spring,11,5.5,482.35474,0.24117737
RS_0141,RS,spring,12,6.0,486.02823,0.24301411
RS_0141,RS,spring,13,6.5,584.11896,0.29205948
RS_0141,RS,spring,14,7.0,548.80054,0.27440026
RS_0141,RS,spring,15,7.5,609.35895,0.30467948
RS_0141,RS,spring,16,8.0,589.679,0.2948395
RS_0141,RS,spring,17,8.5,585.0882,0.2925441
RS_0141,RS,spring,18,9.0,538.204,0.26910198
RS_0141,RS,spring,19,9.5,530.70874,0.26535437
RS_0141,RS,spring,20,10.0,488.97018,0.2444851
RS_0141,RS,spring,21,10.5,403.56113,0.20178056
RS_0141,RS,spring,22,11.0,514.38617,0.2571931
RS_0141,RS,spring,23,11.5,651.1765,0.32558826
RS_0141,RS,spring,24,12.0,833.9559,0.41697794
RS_0141,RS,spring,25,12.5,817.93677,0.4089684
RS_0141,RS,spring,26,13.0,771.7446,0.3858723
RS_0141,RS,spring,27,13.5,565.2367,0.28261834
RS_0141,RS,spring,28,14.0,433.35538,0.2166777
RS_0141,RS,spring,29,14.5,381.23145,0.19061573
RS_0141,RS,spring,30,15.0,304.86404,0.15243202
RS_0141,RS,spring,31,15.5,294.21237,0.14710619
RS_0141,RS,spring,32,16.0,301.25882,0.15062942
RS_0141,RS,spring,33,16.5,269.1627,0.13458134
RS_0141,RS,spring,34,17.0,313.48624,0.15674312
RS_0141,RS,spring,35,17.5,345.55847,0.17277923
RS_0141,RS,spring,36,18.0,392.03732,0.19601867
RS_0141,RS,spring,37,18.5,418.9463,0.20947315
RS_0141,RS,spring,38,19.0,494.23474,0.24711737
RS_0141,RS,spring,39,19.5,474.9087,0.23745434
RS_0141,RS,spring,40,20.0,482.3658,0.24118291
RS_0141,RS,spring,41,20.5,458.1038,0.22905189
RS_0141,RS,spring,42,21.0,478.99292,0.23949645
RS_0141,RS,spring,43,21.5,410.02768,0.20501384
RS_0141,RS,spring,44,22.0,474.53802,0.23726901
RS_0141,RS,spring,45,22.5,820.22125,0.41011062
RS_0141,RS,spring,46,23.0,1157.2263,0.57861316
RS_0141,RS,spring,47,23.5,1467.9387,0.73396933
RS_0142,RS,autumn,0,0.0,3056.9128,1.5284564
RS_0142,RS,autumn,1,0.5,1749.1459,0.87457293
RS_0142,RS,autumn,2,1.0,773.94495,0.3869725
RS_0142,RS,autumn,3,1.5,211.43071,0.10571536
RS_0142,RS,autumn,4,2.0,122.815,0.061407503
RS_0142,RS,autumn,5,2.5,133.49684,0.06674842
RS_0142,RS,autumn,6,3.0,107.0083,0.05350415
RS_0142,RS,autumn,7,3.5,133.1314,0.0665657
RS_0142,RS,autumn,8,4.0,128.0404,0.0640202
RS_0142,RS,autumn,9,4.5,128.79005,0.064395025
RS_0142,RS,autumn,10,5.0,132.47252,0.06623626
RS_0142,RS,autumn,11,5.5,149.71971,0.07485986
RS_0142,RS,autumn,12,6.0,162.26553,0.08113277
RS_0142,RS,autumn,13,6.5,188.49684,0.09424842
RS_0142,RS,autumn,14,7.0,191.41794,0.095708966
RS_0142,RS,autumn,15,7.5,158.30132,0.079150654
RS_0142,RS,autumn,16,8.0,161.62886,0.08081443
RS_0142,RS,autumn,17,8.5,179.89496,0.08994748
RS_0142,RS,autumn,18,9.0,183.46877,0.09173438
RS_0142,RS,autumn,19,9.5,176.57225,0.088286124
RS_0142,RS,autumn,20,10.0,200.4686,0.1002343
RS_0142,RS,autumn,21,10.5,173.9365,0.08696824
RS_0142,RS,autumn,22,11.0,179.04706,0.08952353
RS_0142,RS,autumn,23,11.5,280.38446,0.14019223
RS_0142,RS,autumn,24,12.0,327.00827,0.16350414
RS_0142,RS,autumn,25,12.5,323.7663,0.16188315
RS_0142,RS,autumn,26,13.0,312.5045,0.15625225
RS_0142,RS,autumn,27,13.5,251.92644,0.12596323
RS_0142,RS,autumn,28,14.0,221.78711,0.110893555
RS_0142,RS,autumn,29,14.5,216.8931,0.108446546
RS_0142,RS,autumn,30,15.0,179.98969,0.08999484
RS_0142,RS,autumn,31,15.5,149.71468,0.07485734
RS_0142,RS,autumn,32,16.0,189.97525,0.09498762
RS_0142,RS,autumn,33,16.5,188.8445,0.09442225
RS_0142,RS,autumn,34,17.0,186.59482,0.09329741
RS_0142,RS,autumn,35,17.5,231.73747,0.11586874
RS_0142,RS,autumn,36,18.0,299.82025,0.14991012
RS_0142,RS,autumn,37,18.5,326.74313,0.16337156
RS_0142,RS,autumn,38,19.0,311.2818,0.1556409
RS_0142,RS,autumn,39,19.5,349.6548,0.1748274
RS_0142,RS,autumn,40,20.0,341.74557,0.1708728
RS_0142,RS,autumn,41,20.5,314.93817,0.15746908
RS_0142,RS,autumn,42,21.0,290.08615,0.14504308
RS_0142,RS,autumn,43,21.5,224.5342,0.1122671
RS_0142,RS,autumn,44,22.0,166.33089,0.083165444
RS_0142,RS,autumn,45,22.5,194.8048,0.097402394
RS_0142,RS,autumn,46,23.0,625.12854,0.31256428
RS_0142,RS,autumn,47,23.5,2898.943,1.4494716
RS_0143,RS,spring,0,0.0,53.966,0.026983
RS_0143,RS,spring,1,0.5,60.765675,0.030382838
RS_0143,RS,spring,2,1.0,50.636997,0.025318498
RS_0143,RS,spring,3,1.5,52.46378,0.02623189
RS_0143,RS,spring,4,2.0,57.969658,0.02898483
RS_0143,RS,spring,5,2.5,43.505352,0.021752676
RS_0143,RS,spring,6,3.0,52.83405,0.026417024
RS_0143,RS,spring,7,3.5,47.5261,0.02376305
RS_0143,RS,spring,8,4.0,56.131508,0.028065754
RS_0143,RS,spring,9,4.5,57.44634,0.02872317
RS_0143,RS,spring,10,5.0,48.920826,0.024460413
RS_0143,RS,spring,11,5.5,51.38414,0.02569207
RS_0143,RS,spring,12,6.0,44.3238,0.0221619
RS_0143,RS,spring,13,6.5,37.861504,0.018930752
RS_0143,RS,spring,14,7.0,33.9006,0.0169503
RS_0143,RS,spring,15,7.5,30.074663,0.015037332
RS_0143,RS,spring,16,8.0,35.891846,0.017945923
RS_0143,RS,spring,17,8.5,29.428997,0.014714498
RS_0143,RS,spring,18,9.0,31.349976,0.015674988
RS_0143,RS,spring,19,9.5,26.142544,0.013071272
RS_0143,RS,spring,20,10.0,37.568424,0.018784212
RS_0143,RS,spring,21,10.5,33.0657,0.01653285
RS_0143,RS,spring,22,11.0,48.88836,0.02444418
RS_0143,RS,spring,23,11.5,40.149105,0.020074552
RS_0143,RS,spring,24,12.0,52.087624,0.026043812
RS_0143,RS,spring,25,12.5,37.88206,0.01894103
RS_0143,RS,spring,26,13.0,28.21279,0.014106395
RS_0143,RS,spring,27,13.5,29.957611,0.014978806
RS_0143,RS,spring,28,14.0,34.900993,0.017450497
RS_0143,RS,spring,29,14.5,32.759163,0.016379582
RS_0143,RS,spring,30,15.0,29.817999,0.014908999
RS_0143,RS,spring,31,15.5,33.00033,0.016500166
RS_0143,RS,spring,32,16.0,37.150146,0.018575074
RS_0143,RS,spring,33,16.5,39.381218,0.019690609
RS_0143,RS,spring,34,17.0,38.792053,0.019396026
RS_0143,RS,spring,35,17.5,33.199043,0.016599521
RS_0143,RS,spring,36,18.0,71.60302,0.03580151
RS_0143,RS,spring,37,18.5,58.323467,0.029161735
RS_0143,RS,spring,38,19.0,73.643196,0.036821596
RS_0143,RS,spring,39,19.5,51.839935,0.025919968
RS_0143,RS,spring,40,20.0,47.756123,0.023878062
RS_0143,RS,spring,41,20.5,46.67627,0.023338135
RS_0143,RS,spring,42,21.0,34.97657,0.017488286
RS_0143,RS,spring,43,21.5,39.72761,0.019863807
RS_0143,RS,spring,44,22.0,36.988937,0.018494468
RS_0143,RS,spring,45,22.5,36.257637,0.018128818
RS_0143,RS,spring,46,23.0,38.231773,0.019115888
RS_0143,RS,spring,47,23.5,37.730583,0.018865291
RS_0144,RS,spring,0,0.0,22.138344,0.011069172
RS_0144,RS,spring,1,0.5,12.6721735,0.006336087
RS_0144,RS,spring,2,1.0,11.890544,0.005945272
RS_0144,RS,spring,3,1.5,10.644947,0.0053224736
RS_0144,RS,spring,4,2.0,16.2575,0.00812875
RS_0144,RS,spring,5,2.5,14.791474,0.0073957373
RS_0144,RS,spring,6,3.0,18.79631,0.009398155
RS_0144,RS,spring,7,3.5,15.008474,0.0075042374
RS_0144,RS,spring,8,4.0,13.8939295,0.0069469647
RS_0144,RS,spring,9,4.5,14.654003,0.0073270015
RS_0144,RS,spring,10,5.0,12.481124,0.006240562
RS_0144,RS,spring,11,5.5,9.858053,0.0049290266
RS_0144,RS,spring,12,6.0,13.121624,0.006560812
RS_0144,RS,spring,13,6.5,16.804445,0.008402223
RS_0144,RS,spring,14,7.0,20.118969,0.010059484
RS_0144,RS,spring,15,7.5,15.411209,0.0077056047
RS_0144,RS,spring,16,8.0,16.586704,0.008293352
RS_0144,RS,spring,17,8.5,24.08857,0.0120442845
RS_0144,RS,spring,18,9.0,23.368828,0.011684414
RS_0144,RS,spring,19,9.5,34.025814,0.017012907
RS_0144,RS,spring,20,10.0,177.54279,0.088771395
RS_0144,RS,spring,21,10.5,196.7564,0.0983782
RS_0144,RS,spring,22,11.0,210.31505,0.105157524
RS_0144,RS,spring,23,11.5,162.59572,0.08129786
RS_0144,RS,spring,24,12.0,110.91483,0.055457417
RS_0144,RS,spring,25,12.5,97.05709,0.048528545
RS_0144,RS,spring,26,13.0,45.517616,0.022758808
RS_0144,RS,spring,27,13.5,27.790499,0.013895249
RS_0144,RS,spring,28,14.0,17.17962,0.008589811
RS_0144,RS,spring,29,14.5,18.982075,0.009491038
RS_0144,RS,spring,30,15.0,21.806763,0.010903382
RS_0144,RS,spring,31,15.5,14.540158,0.007270079
RS_0144,RS,spring,32,16.0,17.72873,0.008864365
RS_0144,RS,spring,33,16.5,17.711105,0.008855552
RS_0144,RS,spring,34,17.0,17.936396,0.008968198
RS_0144,RS,spring,35,17.5,16.517021,0.00825851
RS_0144,RS,spring,36,18.0,32.280495,0.016140247
RS_0144,RS,spring,37,18.5,22.00945,0.0110047255
RS_0144,RS,spring,38,19.0,29.434729,0.014717365
RS_0144,RS,spring,39,19.5,32.129887,0.016064944
RS_0144,RS,spring,40,20.0,44.555813,0.022277907
RS_0144,RS,spring,41,20.5,43.79198,0.02189599
RS_0144,RS,spring,42,21.0,149.10855,0.07455427
RS_0144,RS,spring,43,21.5,250.78365,0.12539183
RS_0144,RS,spring,44,22.0,815.50446,0.40775222
RS_0144,RS,spring,45,22.5,430.48535,0.21524267
RS_0144,RS,spring,46,23.0,214.01402,0.10700701
RS_0144,RS,spring,47,23.5,120.11292,0.060056463
RS_0145,RS,summer,0,0.0,287.6327,0.14381635
RS_0145,RS,summer,1,0.5,250.38405,0.12519203
RS_0145,RS,summer,2,1.0,239.44342,0.11972171
RS_0145,RS,summer,3,1.5,321.7252,0.1608626
RS_0145,RS,summer,4,2.0,338.64594,0.16932297
RS_0145,RS,summer,5,2.5,327.75644,0.16387822
RS_0145,RS,summer,6,3.0,377.4882,0.1887441
RS_0145,RS,summer,7,3.5,348.06995,0.17403497
RS_0145,RS,summer,8,4.0,407.4179,0.20370895
RS_0145,RS,summer,9,4.5,333.91208,0.16695604
RS_0145,RS,summer,10,5.0,379.14008,0.18957004
RS_0145,RS,summer,11,5.5,343.8232,0.17191161
RS_0145,RS,summer,12,6.0,455.28165,0.22764082
RS_0145,RS,summer,13,6.5,413.56677,0.20678338
RS_0145,RS,summer,14,7.0,374.83926,0.18741964
RS_0145,RS,summer,15,7.5,327.98178,0.16399089
RS_0145,RS,summer,16,8.0,407.12357,0.20356178
RS_0145,RS,summer,17,8.5,393.21024,0.19660512
RS_0145,RS,summer,18,9.0,522.9081,0.26145405
RS_0145,RS,summer,19,9.5,591.1655,0.29558277
RS_0145,RS,summer,20,10.0,752.5903,0.37629515
RS_0145,RS,summer,21,10.5,778.7335,0.38936675
RS_0145,RS,summer,22,11.0,898.119,0.44905952
RS_0145,RS,summer,23,11.5,1016.85785,0.50842893
RS_0145,RS,summer,24,12.0,1021.2603,0.51063013
RS_0145,RS,summer,25,12.5,822.06805,0.41103402
RS_0145,RS,summer,26,13.0,823.4649,0.41173247
RS_0145,RS,summer,27,13.5,771.0857,0.38554284
RS_0145,RS,summer,28,14.0,626.61115,0.3133056
RS_0145,RS,summer,29,14.5,470.8943,0.23544714
RS_0145,RS,summer,30,15.0,457.33252,0.22866626
RS_0145,RS,summer,31,15.5,398.98038,0.19949019
RS_0145,RS,summer,32,16.0,378.42422,0.18921211
RS_0145,RS,summer,33,16.5,354.80386,0.17740193
RS_0145,RS,summer,34,17.0,399.7165,0.19985825
RS_0145,RS,summer,35,17.5,374.4221,0.18721105
RS_0145,RS,summer,36,18.0,431.87906,0.21593954
RS_0145,RS,summer,37,18.5,491.66248,0.24583124
RS_0145,RS,summer,38,19.0,501.8791,0.25093955
RS_0145,RS,summer,39,19.5,460.15082,0.2300754
RS_0145,RS,summer,40,20.0,456.51282,0.2282564
RS_0145,RS,summer,41,20.5,369.88663,0.18494332
RS_0145,RS,summer,42,21.0,404.586,0.202293
RS_0145,RS,summer,43,21.5,382.9341,0.19146706
RS_0145,RS,summer,44,22.0,332.84827,0.16642414
RS_0145,RS,summer,45,22.5,298.7974,0.1493987
RS_0145,RS,summer,46,23.0,330.88788,0.16544394
RS_0145,RS,summer,47,23.5,276.14975,0.13807487
RS_0146,RS,autumn,0,0.0,98.804886,0.04940244
RS_0146,RS,autumn,1,0.5,83.36761,0.041683804
RS_0146,RS,autumn,2,1.0,74.3282,0.0371641
RS_0146,RS,autumn,3,1.5,81.39095,0.040695477
RS_0146,RS,autumn,4,2.0,65.845245,0.03292262
RS_0146,RS,autumn,5,2.5,78.06888,0.039034437
RS_0146,RS,autumn,6,3.0,87.87516,0.04393758
RS_0146,RS,autumn,7,3.5,91.10847,0.04555423
RS_0146,RS,autumn,8,4.0,99.4879,0.04974395
RS_0146,RS,autumn,9,4.5,84.60554,0.04230277
RS_0146,RS,autumn,10,5.0,86.056595,0.0430283
RS_0146,RS,autumn,11,5.5,98.58056,0.04929028
RS_0146,RS,autumn,12,6.0,106.77699,0.053388495
RS_0146,RS,autumn,13,6.5,100.945786,0.050472893
RS_0146,RS,autumn,14,7.0,110.11472,0.05505736
RS_0146,RS,autumn,15,7.5,135.63577,0.06781789
RS_0146,RS,autumn,16,8.0,133.00777,0.06650388
RS_0146,RS,autumn,17,8.5,107.56497,0.053782485
RS_0146,RS,autumn,18,9.0,127.70555,0.06385277
RS_0146,RS,autumn,19,9.5,130.27672,0.06513836
RS_0146,RS,autumn,20,10.0,146.78226,0.07339113
RS_0146,RS,autumn,21,10.5,165.22928,0.08261464
RS_0146,RS,autumn,22,11.0,174.54674,0.08727337
RS_0146,RS,autumn,23,11.5,165.16422,0.08258211
RS_0146,RS,autumn,24,12.0,170.49149,0.08524574
RS_0146,RS,autumn,25,12.5,107.00418,0.05350209
RS_0146,RS,autumn,26,13.0,129.83908,0.06491954
RS_0146,RS,autumn,27,13.5,126.16187,0.06308094
RS_0146,RS,autumn,28,14.0,100.584366,0.050292183
RS_0146,RS,autumn,29,14.5,102.83313,0.051416565
RS_0146,RS,autumn,30,15.0,105.62451,0.052812256
RS_0146,RS,autumn,31,15.5,123.36713,0.06168356
RS_0146,RS,autumn,32,16.0,136.96585,0.06848293
RS_0146,RS,autumn,33,16.5,145.39565,0.072697826
RS_0146,RS,autumn,34,17.0,158.2007,0.07910035
RS_0146,RS,autumn,35,17.5,166.4839,0.083241954
RS_0146,RS,autumn,36,18.0,178.801,0.0894005
RS_0146,RS,autumn,37,18.5,210.07367,0.10503683
RS_0146,RS,autumn,38,19.0,256.79974,0.12839988
RS_0146,RS,autumn,39,19.5,235.1323,0.117566146
RS_0146,RS,autumn,40,20.0,234.31479,0.11715739
RS_0146,RS,autumn,41,20.5,198.59702,0.09929851
RS_0146,RS,autumn,42,21.0,183.33679,0.0916684
RS_0146,RS,autumn,43,21.5,245.57416,0.12278708
RS_0146,RS,autumn,44,22.0,332.0493,0.16602464
RS_0146,RS,autumn,45,22.5,426.75266,0.21337633
RS_0146,RS,autumn,46,23.0,307.7228,0.1538614
RS_0146,RS,autumn,47,23.5,196.98114,0.09849057
RS_0147,RS,winter,0,0.0,33.08805,0.016544025
RS_0147,RS,winter,1,0.5,40.39625,0.020198125
RS_0147,RS,winter,2,1.0,57.21015,0.028605076
RS_0147,RS,winter,3,1.5,42.382183,0.021191092
RS_0147,RS,winter,4,2.0,31.915257,0.015957627
RS_0147,RS,winter,5,2.5,39.59785,0.019798925
RS_0147,RS,winter,6,3.0,39.83812,0.01991906
RS_0147,RS,winter,7,3.5,47.555714,0.023777857
RS_0147,RS,winter,8,4.0,25.745155,0.012872578
RS_0147,RS,winter,9,4.5,21.26733,0.010633665
RS_0147,RS,winter,10,5.0,25.461878,0.012730939
RS_0147,RS,winter,11,5.5,24.909725,0.012454863
RS_0147,RS,winter,12,6.0,25.08666,0.01254333
RS_0147,RS,winter,13,6.5,22.519436,0.011259718
RS_0147,RS,winter,14,7.0,31.879906,0.015939953
RS_0147,RS,winter,15,7.5,37.117725,0.018558864
RS_0147,RS,winter,16,8.0,33.820423,0.016910212
RS_0147,RS,winter,17,8.5,46.181652,0.023090826
RS_0147,RS,winter,18,9.0,145.75742,0.07287871
RS_0147,RS,winter,19,9.5,99.7947,0.04989735
RS_0147,RS,winter,20,10.0,41.68436,0.02084218
RS_0147,RS,winter,21,10.5,27.039116,0.013519558
RS_0147,RS,winter,22,11.0,28.376364,0.014188182
RS_0147,RS,winter,23,11.5,37.607414,0.018803706
RS_0147,RS,winter,24,12.0,25.701874,0.0128509365
RS_0147,RS,winter,25,12.5,32.15278,0.01607639
RS_0147,RS,winter,26,13.0,38.17011,0.019085055
RS_0147,RS,winter,27,13.5,24.581404,0.012290702
RS_0147,RS,winter,28,14.0,32.509506,0.016254753
RS_0147,RS,winter,29,14.5,37.227436,0.018613718
RS_0147,RS,winter,30,15.0,68.21535,0.034107674
RS_0147,RS,winter,31,15.5,70.524055,0.035262026
RS_0147,RS,winter,32,16.0,60.259327,0.030129664
RS_0147,RS,winter,33,16.5,44.69649,0.022348246
RS_0147,RS,winter,34,17.0,83.26139,0.041630697
RS_0147,RS,winter,35,17.5,51.30417,0.025652084
RS_0147,RS,winter,36,18.0,44.35411,0.022177055
RS_0147,RS,winter,37,18.5,46.77155,0.023385774
RS_0147,RS,winter,38,19.0,40.033295,0.020016648
RS_0147,RS,winter,39,19.5,59.59505,0.029797526
RS_0147,RS,winter,40,20.0,33.618484,0.016809242
RS_0147,RS,winter,41,20.5,38.57302,0.01928651
RS_0147,RS,winter,42,21.0,43.71781,0.021858906
RS_0147,RS,winter,43,21.5,47.38106,0.023690531
RS_0147,RS,winter,44,22.0,33.818794,0.016909396
RS_0147,RS,winter,45,22.5,38.01685,0.019008424
RS_0147,RS,winter,46,23.0,55.053688,0.027526844
RS_0147,RS,winter,47,23.5,48.090137,0.024045069
RS_0148,RS,autumn,0,0.0,986.3257,0.49316284
RS_0148,RS,autumn,1,0.5,997.6444,0.4988222
RS_0148,RS,autumn,2,1.0,1169.6409,0.58482045
RS_0148,RS,autumn,3,1.5,963.4934,0.4817467
RS_0148,RS,autumn,4,2.0,1060.0566,0.53002834
RS_0148,RS,autumn,5,2.5,970.881,0.4854405
RS_0148,RS,autumn,6,3.0,1034.0415,0.51702076
RS_0148,RS,autumn,7,3.5,1001.09607,0.500548
RS_0148,RS,autumn,8,4.0,1104.0387,0.55201936
RS_0148,RS,autumn,9,4.5,1120.3326,0.5601663
RS_0148,RS,autumn,10,5.0,1113.7751,0.55688757
RS_0148,RS,autumn,11,5.5,1270.4279,0.6352139
RS_0148,RS,autumn,12,6.0,1391.4102,0.69570506
RS_0148,RS,autumn,13,6.5,1398.8704,0.6994352
RS_0148,RS,autumn,14,7.0,1433.9607,0.71698034
RS_0148,RS,autumn,15,7.5,1552.1162,0.7760581
RS_0148,RS,autumn,16,8.0,1623.8633,0.81193167
RS_0148,RS,autumn,17,8.5,1633.7611,0.8168806
RS_0148,RS,autumn,18,9.0,1504.8271,0.7524136
RS_0148,RS,autumn,19,9.5,1722.0634,0.86103165
RS_0148,RS,autumn,20,10.0,1767.841,0.8839205
RS_0148,RS,autumn,21,10.5,1689.1094,0.84455466
RS_0148,RS,autumn,22,11.0,1769.9982,0.8849991
RS_0148,RS,autumn,23,11.5,1713.4407,0.8567203
RS_0148,RS,autumn,24,12.0,1670.8884,0.8354442
RS_0148,RS,autumn,25,12.5,1753.3695,0.8766847
RS_0148,RS,autumn,26,13.0,1583.2169,0.79160845
RS_0148,RS,autumn,27,13.5,1502.5026,0.7512513
RS_0148,RS,autumn,28,14.0,1546.7053,0.7733527
RS_0148,RS,autumn,29,14.5,1468.6036,0.7343018
RS_0148,RS,autumn,30,15.0,1394.6714,0.6973357
RS_0148,RS,autumn,31,15.5,1217.4191,0.6087095
RS_0148,RS,autumn,32,16.0,1167.3601,0.58368003
RS_0148,RS,autumn,33,16.5,1106.8677,0.55343384
RS_0148,RS,autumn,34,17.0,1114.5121,0.55725604
RS_0148,RS,autumn,35,17.5,1085.2863,0.54264313
RS_0148,RS,autumn,36,18.0,1283.7684,0.6418842
RS_0148,RS,autumn,37,18.5,1291.6118,0.6458059
RS_0148,RS,autumn,38,19.0,1104.2421,0.55212104
RS_0148,RS,autumn,39,19.5,1026.3351,0.51316756
RS_0148,RS,autumn,40,20.0,983.0741,0.49153703
RS_0148,RS,autumn,41,20.5,967.14325,0.48357162
RS_0148,RS,autumn,42,21.0,799.94476,0.39997238
RS_0148,RS,autumn,43,21.5,711.2806,0.3556403
RS_0148,RS,autumn,44,22.0,696.31146,0.34815574
RS_0148,RS,autumn,45,22.5,668.7041,0.33435205
RS_0148,RS,autumn,46,23.0,562.8874,0.2814437
RS_0148,RS,autumn,47,23.5,558.4413,0.27922064
RS_0149,RS,autumn,0,0.0,1831.4963,0.9157482
RS_0149,RS,autumn,1,0.5,1258.7817,0.6293909
RS_0149,RS,autumn,2,1.0,871.2148,0.4356074
RS_0149,RS,autumn,3,1.5,760.5606,0.38028032
RS_0149,RS,autumn,4,2.0,679.6475,0.33982375
RS_0149,RS,autumn,5,2.5,582.37,0.291185
RS_0149,RS,autumn,6,3.0,624.58954,0.31229478
RS_0149,RS,autumn,7,3.5,579.2954,0.2896477
RS_0149,RS,autumn,8,4.0,689.9133,0.34495667
RS_0149,RS,autumn,9,4.5,648.2635,0.32413176
RS_0149,RS,autumn,10,5.0,643.71027,0.32185513
RS_0149,RS,autumn,11,5.5,673.43256,0.33671626
RS_0149,RS,autumn,12,6.0,801.65564,0.40082783
RS_0149,RS,autumn,13,6.5,714.5145,0.35725728
RS_0149,RS,autumn,14,7.0,731.0865,0.36554325
RS_0149,RS,autumn,15,7.5,764.5967,0.38229835
RS_0149,RS,autumn,16,8.0,907.40027,0.45370013
RS_0149,RS,autumn,17,8.5,884.7005,0.44235024
RS_0149,RS,autumn,18,9.0,886.3517,0.44317585
RS_0149,RS,autumn,19,9.5,983.635,0.4918175
RS_0149,RS,autumn,20,10.0,1165.4574,0.5827287
RS_0149,RS,autumn,21,10.5,1323.5114,0.6617557
RS_0149,RS,autumn,22,11.0,1582.9276,0.7914638
RS_0149,RS,autumn,23,11.5,1441.2603,0.7206301
RS_0149,RS,autumn,24,12.0,1521.674,0.76083696
RS_0149,RS,autumn,25,12.5,1289.0256,0.64451283
RS_0149,RS,autumn,26,13.0,1404.1067,0.70205337
RS_0149,RS,autumn,27,13.5,1229.4541,0.6147271
RS_0149,RS,autumn,28,14.0,1266.5851,0.63329256
RS_0149,RS,autumn,29,14.5,1214.6666,0.6073333
RS_0149,RS,autumn,30,15.0,1263.8837,0.63194185
RS_0149,RS,autumn,31,15.5,1361.8727,0.68093634
RS_0149,RS,autumn,32,16.0,1453.6239,0.72681195
RS_0149,RS,autumn,33,16.5,1333.3956,0.6666978
RS_0149,RS,autumn,34,17.0,1413.0104,0.7065052
RS_0149,RS,autumn,35,17.5,1566.7198,0.78335994
RS_0149,RS,autumn,36,18.0,1906.5347,0.95326734
RS_0149,RS,autumn,37,18.5,1763.972,0.881986
RS_0149,RS,autumn,38,19.0,1832.1351,0.91606754
RS_0149,RS,autumn,39,19.5,1756.2906,0.87814534
RS_0149,RS,autumn,40,20.0,1707.8369,0.85391843
RS_0149,RS,autumn,41,20.5,1602.9585,0.8014792
RS_0149,RS,autumn,42,21.0,1631.4009,0.8157004
RS_0149,RS,autumn,43,21.5,1681.7867,0.8408934
RS_0149,RS,autumn,44,22.0,2073.8079,1.036904
RS_0149,RS,autumn,45,22.5,2090.288,1.0451441
RS_0149,RS,autumn,46,23.0,2226.0332,1.1130166
RS_0149,RS,autumn,47,23.5,2394.363,1.1971815
RS_0150,RS,winter,0,0.0,216.48941,0.1082447
RS_0150,RS,winter,1,0.5,201.3863,0.10069315
RS_0150,RS,winter,2,1.0,191.8674,0.0959337
RS_0150,RS,winter,3,1.5,248.44394,0.12422197
RS_0150,RS,winter,4,2.0,235.6929,0.11784645
RS_0150,RS,winter,5,2.5,452.25833,0.22612916
RS_0150,RS,winter,6,3.0,394.87845,0.19743922
RS_0150,RS,winter,7,3.5,441.97992,0.22098996
RS_0150,RS,winter,8,4.0,714.06085,0.35703042
RS_0150,RS,winter,9,4.5,833.56415,0.41678208
RS_0150,RS,winter,10,5.0,880.8774,0.4404387
RS_0150,RS,winter,11,5.5,886.08856,0.44304428
RS_0150,RS,winter,12,6.0,1200.078,0.600039
RS_0150,RS,winter,13,6.5,1822.0035,0.91100174
RS_0150,RS,winter,14,7.0,2877.2595,1.4386297
RS_0150,RS,winter,15,7.5,2763.1199,1.38156
RS_0150,RS,winter,16,8.0,4052.573,2.0262866
RS_0150,RS,winter,17,8.5,1441.3992,0.7206996
RS_0150,RS,winter,18,9.0,590.67694,0.29533848
RS_0150,RS,winter,19,9.5,111.410194,0.055705097
RS_0150,RS,winter,20,10.0,22.538004,0.011269002
RS_0150,RS,winter,21,10.5,13.178814,0.006589407
RS_0150,RS,winter,22,11.0,14.599548,0.0072997743
RS_0150,RS,winter,23,11.5,77.41429,0.038707145
RS_0150,RS,winter,24,12.0,491.75153,0.24587576
RS_0150,RS,winter,25,12.5,358.84796,0.17942399
RS_0150,RS,winter,26,13.0,87.23951,0.043619756
RS_0150,RS,winter,27,13.5,275.02145,0.13751073
RS_0150,RS,winter,28,14.0,149.4366,0.0747183
RS_0150,RS,winter,29,14.5,223.65428,0.11182714
RS_0150,RS,winter,30,15.0,160.22737,0.08011369
RS_0150,RS,winter,31,15.5,244.24771,0.12212385
RS_0150,RS,winter,32,16.0,249.28128,0.12464064
RS_0150,RS,winter,33,16.5,147.3642,0.0736821
RS_0150,RS,winter,34,17.0,175.24356,0.08762178
RS_0150,RS,winter,35,17.5,316.5832,0.1582916
RS_0150,RS,winter,36,18.0,314.09805,0.15704903
RS_0150,RS,winter,37,18.5,577.86194,0.28893098
RS_0150,RS,winter,38,19.0,610.32715,0.30516356
RS_0150,RS,winter,39,19.5,758.8902,0.3794451
RS_0150,RS,winter,40,20.0,986.57056,0.49328527
RS_0150,RS,winter,41,20.5,1382.8424,0.6914212
RS_0150,RS,winter,42,21.0,826.5284,0.4132642
RS_0150,RS,winter,43,21.5,454.1875,0.22709376
RS_0150,RS,winter,44,22.0,544.1051,0.27205256
RS_0150,RS,winter,45,22.5,536.1328,0.2680664
RS_0150,RS,winter,46,23.0,353.79987,0.17689994
RS_0150,RS,winter,47,23.5,390.13742,0.19506872
RS_0151,RS,summer,0,0.0,303.6687,0.15183435
RS_0151,RS,summer,1,0.5,251.27469,0.12563734
RS_0151,RS,summer,2,1.0,229.03215,0.11451607
RS_0151,RS,summer,3,1.5,251.65582,0.12582791
RS_0151,RS,summer,4,2.0,297.93475,0.14896737
RS_0151,RS,summer,5,2.5,220.17967,0.11008984
RS_0151,RS,summer,6,3.0,220.53296,0.11026648
RS_0151,RS,summer,7,3.5,213.7559,0.10687795
RS_0151,RS,summer,8,4.0,196.84978,0.09842489
RS_0151,RS,summer,9,4.5,162.56734,0.081283666
RS_0151,RS,summer,10,5.0,214.10344,0.10705172
RS_0151,RS,summer,11,5.5,184.54556,0.09227278
RS_0151,RS,summer,12,6.0,150.86423,0.075432114
RS_0151,RS,summer,13,6.5,121.24858,0.06062429
RS_0151,RS,summer,14,7.0,148.74945,0.07437473
RS_0151,RS,summer,15,7.5,126.31732,0.06315866
RS_0151,RS,summer,16,8.0,183.3142,0.091657095
RS_0151,RS,summer,17,8.5,182.71692,0.09135846
RS_0151,RS,summer,18,9.0,241.55515,0.12077757
RS_0151,RS,summer,19,9.5,267.78394,0.13389197
RS_0151,RS,summer,20,10.0,323.77094,0.16188547
RS_0151,RS,summer,21,10.5,313.6751,0.15683755
RS_0151,RS,summer,22,11.0,316.38654,0.15819326
RS_0151,RS,summer,23,11.5,387.50278,0.1937514
RS_0151,RS,summer,24,12.0,402.40015,0.20120007
RS_0151,RS,summer,25,12.5,501.1097,0.25055486
RS_0151,RS,summer,26,13.0,601.3619,0.30068094
RS_0151,RS,summer,27,13.5,601.38,0.30069
RS_0151,RS,summer,28,14.0,664.1673,0.33208364
RS_0151,RS,summer,29,14.5,1064.5605,0.53228027
RS_0151,RS,summer,30,15.0,1278.92,0.63946
RS_0151,RS,summer,31,15.5,1155.3451,0.57767254
RS_0151,RS,summer,32,16.0,898.60535,0.44930267
RS_0151,RS,summer,33,16.5,660.6348,0.3303174
RS_0151,RS,summer,34,17.0,607.97,0.303985
RS_0151,RS,summer,35,17.5,446.52466,0.22326232
RS_0151,RS,summer,36,18.0,438.39078,0.2191954
RS_0151,RS,summer,37,18.5,393.74915,0.19687457
RS_0151,RS,summer,38,19.0,453.19125,0.22659563
RS_0151,RS,summer,39,19.5,469.57394,0.23478697
RS_0151,RS,summer,40,20.0,574.5731,0.28728655
RS_0151,RS,summer,41,20.5,643.5655,0.32178274
RS_0151,RS,summer,42,21.0,617.62,0.30881
RS_0151,RS,summer,43,21.5,578.11536,0.28905767
RS_0151,RS,summer,44,22.0,470.96133,0.23548067
RS_0151,RS,summer,45,22.5,527.26447,0.26363224
RS_0151,RS,summer,46,23.0,491.34637,0.2456732
RS_0151,RS,summer,47,23.5,396.9063,0.19845316
RS_0152,RS,spring,0,0.0,108.58997,0.05429499
RS_0152,RS,spring,1,0.5,103.117516,0.05155876
RS_0152,RS,spring,2,1.0,102.27865,0.051139325
RS_0152,RS,spring,3,1.5,104.238434,0.052119218
RS_0152,RS,spring,4,2.0,106.31489,0.053157445
RS_0152,RS,spring,5,2.5,83.709526,0.04185476
RS_0152,RS,spring,6,3.0,89.83807,0.044919036
RS_0152,RS,spring,7,3.5,99.29618,0.04964809
RS_0152,RS,spring,8,4.0,104.46786,0.052233927
RS_0152,RS,spring,9,4.5,98.98971,0.049494855
RS_0152,RS,spring,10,5.0,99.21238,0.04960619
RS_0152,RS,spring,11,5.5,96.11263,0.048056316
RS_0152,RS,spring,12,6.0,88.41317,0.044206586
RS_0152,RS,spring,13,6.5,102.12069,0.051060345
RS_0152,RS,spring,14,7.0,160.16089,0.08008044
RS_0152,RS,spring,15,7.5,239.35756,0.11967878
RS_0152,RS,spring,16,8.0,336.46545,0.16823272
RS_0152,RS,spring,17,8.5,326.72656,0.16336328
RS_0152,RS,spring,18,9.0,293.48172,0.14674085
RS_0152,RS,spring,19,9.5,203.09935,0.10154968
RS_0152,RS,spring,20,10.0,170.87978,0.08543989
RS_0152,RS,spring,21,10.5,133.7258,0.066862896
RS_0152,RS,spring,22,11.0,147.37198,0.07368599
RS_0152,RS,spring,23,11.5,165.60939,0.082804695
RS_0152,RS,spring,24,12.0,174.03896,0.08701948
RS_0152,RS,spring,25,12.5,168.7455,0.08437275
RS_0152,RS,spring,26,13.0,175.80205,0.087901026
RS_0152,RS,spring,27,13.5,141.34848,0.07067424
RS_0152,RS,spring,28,14.0,124.58634,0.062293172
RS_0152,RS,spring,29,14.5,111.703186,0.055851594
RS_0152,RS,spring,30,15.0,103.629486,0.051814742
RS_0152,RS,spring,31,15.5,106.52321,0.053261604
RS_0152,RS,spring,32,16.0,139.46022,0.06973011
RS_0152,RS,spring,33,16.5,133.8818,0.0669409
RS_0152,RS,spring,34,17.0,153.81857,0.07690929
RS_0152,RS,spring,35,17.5,149.03728,0.074518636
RS_0152,RS,spring,36,18.0,180.53854,0.090269275
RS_0152,RS,spring,37,18.5,184.62592,0.092312954
RS_0152,RS,spring,38,19.0,237.47366,0.11873683
RS_0152,RS,spring,39,19.5,228.08737,0.11404368
RS_0152,RS,spring,40,20.0,236.74237,0.11837119
RS_0152,RS,spring,41,20.5,197.2121,0.09860605
RS_0152,RS,spring,42,21.0,224.97287,0.11248644
RS_0152,RS,spring,43,21.5,207.40121,0.10370061
RS_0152,RS,spring,44,22.0,167.17839,0.083589196
RS_0152,RS,spring,45,22.5,167.50517,0.08375259
RS_0152,RS,spring,46,23.0,179.67677,0.089838386
RS_0152,RS,spring,47,23.5,157.43303,0.07871652
RS_0153,RS,spring,0,0.0,470.1613,0.23508064
RS_0153,RS,spring,1,0.5,420.78796,0.21039398
RS_0153,RS,spring,2,1.0,332.19208,0.16609603
RS_0153,RS,spring,3,1.5,368.4627,0.18423136
RS_0153,RS,spring,4,2.0,375.5841,0.18779205
RS_0153,RS,spring,5,2.5,322.39868,0.16119935
RS_0153,RS,spring,6,3.0,342.12955,0.17106478
RS_0153,RS,spring,7,3.5,329.4337,0.16471684
RS_0153,RS,spring,8,4.0,343.2259,0.17161295
RS_0153,RS,spring,9,4.5,303.89542,0.1519477
RS_0153,RS,spring,10,5.0,329.3376,0.1646688
RS_0153,RS,spring,11,5.5,451.51825,0.22575912
RS_0153,RS,spring,12,6.0,483.32352,0.24166176
RS_0153,RS,spring,13,6.5,634.71844,0.3173592
RS_0153,RS,spring,14,7.0,667.0207,0.33351034
RS_0153,RS,spring,15,7.5,639.3099,0.31965494
RS_0153,RS,spring,16,8.0,504.23575,0.25211787
RS_0153,RS,spring,17,8.5,292.43494,0.14621747
RS_0153,RS,spring,18,9.0,211.98419,0.10599209
RS_0153,RS,spring,19,9.5,306.8285,0.15341425
RS_0153,RS,spring,20,10.0,98.05559,0.049027793
RS_0153,RS,spring,21,10.5,84.74529,0.042372648
RS_0153,RS,spring,22,11.0,105.94275,0.052971374
RS_0153,RS,spring,23,11.5,191.30008,0.09565004
RS_0153,RS,spring,24,12.0,249.6153,0.12480765
RS_0153,RS,spring,25,12.5,151.28656,0.07564328
RS_0153,RS,spring,26,13.0,218.05687,0.109028436
RS_0153,RS,spring,27,13.5,267.63672,0.13381836
RS_0153,RS,spring,28,14.0,93.80858,0.04690429
RS_0153,RS,spring,29,14.5,108.78893,0.054394465
RS_0153,RS,spring,30,15.0,219.01103,0.10950552
RS_0153,RS,spring,31,15.5,172.97444,0.08648722
RS_0153,RS,spring,32,16.0,46.71352,0.02335676
RS_0153,RS,spring,33,16.5,79.29898,0.03964949
RS_0153,RS,spring,34,17.0,55.963997,0.027981998
RS_0153,RS,spring,35,17.5,225.93996,0.11296998
RS_0153,RS,spring,36,18.0,277.157,0.1385785
RS_0153,RS,spring,37,18.5,395.79315,0.19789657
RS_0153,RS,spring,38,19.0,837.12946,0.41856474
RS_0153,RS,spring,39,19.5,940.0545,0.47002724
RS_0153,RS,spring,40,20.0,1210.7965,0.60539824
RS_0153,RS,spring,41,20.5,1334.8892,0.6674446
RS_0153,RS,spring,42,21.0,1589.1642,0.79458207
RS_0153,RS,spring,43,21.5,1691.2972,0.84564865
RS_0153,RS,spring,44,22.0,1589.9188,0.7949594
RS_0153,RS,spring,45,22.5,1406.0833,0.7030416
RS_0153,RS,spring,46,23.0,1240.8011,0.62040055
RS_0153,RS,spring,47,23.5,844.6138,0.4223069
RS_0154,RS,autumn,0,0.0,314.5809,0.15729044
RS_0154,RS,autumn,1,0.5,275.5107,0.13775535
RS_0154,RS,autumn,2,1.0,298.56818,0.1492841
RS_0154,RS,autumn,3,1.5,303.63412,0.15181707
RS_0154,RS,autumn,4,2.0,329.10043,0.16455022
RS_0154,RS,autumn,5,2.5,295.7629,0.14788145
RS_0154,RS,autumn,6,3.0,402.27377,0.20113689
RS_0154,RS,autumn,7,3.5,334.50333,0.16725166
RS_0154,RS,autumn,8,4.0,399.50024,0.19975013
RS_0154,RS,autumn,9,4.5,325.6876,0.1628438
RS_0154,RS,autumn,10,5.0,361.01562,0.18050781
RS_0154,RS,autumn,11,5.5,323.53317,0.16176659
RS_0154,RS,autumn,12,6.0,374.0959,0.18704794
RS_0154,RS,autumn,13,6.5,319.1111,0.15955555
RS_0154,RS,autumn,14,7.0,379.452,0.189726
RS_0154,RS,autumn,15,7.5,522.75525,0.26137763
RS_0154,RS,autumn,16,8.0,884.5527,0.44227633
RS_0154,RS,autumn,17,8.5,1192.5618,0.5962809
RS_0154,RS,autumn,18,9.0,1501.732,0.75086606
RS_0154,RS,autumn,19,9.5,1715.2312,0.8576156
RS_0154,RS,autumn,20,10.0,1704.0977,0.8520488
RS_0154,RS,autumn,21,10.5,1927.3127,0.96365637
RS_0154,RS,autumn,22,11.0,1797.414,0.898707
RS_0154,RS,autumn,23,11.5,1696.6663,0.8483331
RS_0154,RS,autumn,24,12.0,1549.9951,0.77499753
RS_0154,RS,autumn,25,12.5,1376.5255,0.68826276
RS_0154,RS,autumn,26,13.0,1389.7255,0.6948627
RS_0154,RS,autumn,27,13.5,1368.7656,0.6843828
RS_0154,RS,autumn,28,14.0,1427.4663,0.71373314
RS_0154,RS,autumn,29,14.5,1466.295,0.7331475
RS_0154,RS,autumn,30,15.0,1392.154,0.69607705
RS_0154,RS,autumn,31,15.5,1258.365,0.6291825
RS_0154,RS,autumn,32,16.0,1273.1346,0.6365673
RS_0154,RS,autumn,33,16.5,1121.4421,0.56072104
RS_0154,RS,autumn,34,17.0,1147.5544,0.5737772
RS_0154,RS,autumn,35,17.5,1156.2216,0.57811075
RS_0154,RS,autumn,36,18.0,1331.3877,0.6656938
RS_0154,RS,autumn,37,18.5,1306.1168,0.6530584
RS_0154,RS,autumn,38,19.0,1416.1423,0.7080712
RS_0154,RS,autumn,39,19.5,1188.736,0.594368
RS_0154,RS,autumn,40,20.0,1057.7212,0.52886057
RS_0154,RS,autumn,41,20.5,941.1613,0.47058067
RS_0154,RS,autumn,42,21.0,889.70233,0.44485116
RS_0154,RS,autumn,43,21.5,785.91364,0.39295682
RS_0154,RS,autumn,44,22.0,708.6295,0.35431474
RS_0154,RS,autumn,45,22.5,599.23553,0.29961777
RS_0154,RS,autumn,46,23.0,473.83493,0.23691747
RS_0154,RS,autumn,47,23.5,400.0864,0.2000432
RS_0155,RS,autumn,0,0.0,102.50603,0.051253013
RS_0155,RS,autumn,1,0.5,69.00903,0.034504518
RS_0155,RS,autumn,2,1.0,89.21462,0.04460731
RS_0155,RS,autumn,3,1.5,138.14139,0.0690707
RS_0155,RS,autumn,4,2.0,92.80707,0.046403535
RS_0155,RS,autumn,5,2.5,61.534824,0.030767413
RS_0155,RS,autumn,6,3.0,36.18894,0.018094469
RS_0155,RS,autumn,7,3.5,36.5261,0.01826305
RS_0155,RS,autumn,8,4.0,52.305645,0.026152823
RS_0155,RS,autumn,9,4.5,49.450726,0.024725363
RS_0155,RS,autumn,10,5.0,46.953903,0.02347695
RS_0155,RS,autumn,11,5.5,51.027515,0.025513757
RS_0155,RS,autumn,12,6.0,37.976295,0.018988147
RS_0155,RS,autumn,13,6.5,23.025545,0.011512772
RS_0155,RS,autumn,14,7.0,11.040271,0.0055201356
RS_0155,RS,autumn,15,7.5,3.4315505,0.0017157752
RS_0155,RS,autumn,16,8.0,4.297532,0.002148766
RS_0155,RS,autumn,17,8.5,10.542648,0.005271324
RS_0155,RS,autumn,18,9.0,5.566227,0.0027831134
RS_0155,RS,autumn,19,9.5,11.5767765,0.005788388
RS_0155,RS,autumn,20,10.0,19.03292,0.009516461
RS_0155,RS,autumn,21,10.5,22.111258,0.011055629
RS_0155,RS,autumn,22,11.0,62.75228,0.031376142
RS_0155,RS,autumn,23,11.5,73.17845,0.036589228
RS_0155,RS,autumn,24,12.0,113.30678,0.056653388
RS_0155,RS,autumn,25,12.5,79.28524,0.03964262
RS_0155,RS,autumn,26,13.0,45.64953,0.022824764
RS_0155,RS,autumn,27,13.5,25.588884,0.0127944425
RS_0155,RS,autumn,28,14.0,67.78552,0.033892762
RS_0155,RS,autumn,29,14.5,109.04266,0.054521333
RS_0155,RS,autumn,30,15.0,205.5972,0.102798596
RS_0155,RS,autumn,31,15.5,315.2636,0.1576318
RS_0155,RS,autumn,32,16.0,340.97815,0.17048907
RS_0155,RS,autumn,33,16.5,235.14119,0.117570594
RS_0155,RS,autumn,34,17.0,353.91156,0.17695577
RS_0155,RS,autumn,35,17.5,249.04031,0.12452016
RS_0155,RS,autumn,36,18.0,482.4647,0.24123235
RS_0155,RS,autumn,37,18.5,311.03354,0.15551677
RS_0155,RS,autumn,38,19.0,184.66486,0.09233243
RS_0155,RS,autumn,39,19.5,153.6626,0.076831296
RS_0155,RS,autumn,40,20.0,132.61708,0.06630854
RS_0155,RS,autumn,41,20.5,117.08996,0.05854498
RS_0155,RS,autumn,42,21.0,103.04788,0.051523943
RS_0155,RS,autumn,43,21.5,87.35968,0.04367984
RS_0155,RS,autumn,44,22.0,70.154594,0.035077296
RS_0155,RS,autumn,45,22.5,57.143986,0.028571993
RS_0155,RS,autumn,46,23.0,52.613636,0.026306817
RS_0155,RS,autumn,47,23.5,72.55309,0.036276545
RS_0156,RS,winter,0,0.0,230.70259,0.1153513
RS_0156,RS,winter,1,0.5,182.71666,0.09135833
RS_0156,RS,winter,2,1.0,138.85767,0.06942883
RS_0156,RS,winter,3,1.5,110.59068,0.05529534
RS_0156,RS,winter,4,2.0,96.774895,0.048387446
RS_0156,RS,winter,5,2.5,66.55336,0.03327668
RS_0156,RS,winter,6,3.0,84.97985,0.042489924
RS_0156,RS,winter,7,3.5,73.37141,0.0366857
RS_0156,RS,winter,8,4.0,79.55708,0.03977854
RS_0156,RS,winter,9,4.5,84.08642,0.04204321
RS_0156,RS,winter,10,5.0,82.02164,0.04101082
RS_0156,RS,winter,11,5.5,78.67333,0.039336666
RS_0156,RS,winter,12,6.0,126.834274,0.06341714
RS_0156,RS,winter,13,6.5,136.58055,0.06829028
RS_0156,RS,winter,14,7.0,152.51192,0.07625596
RS_0156,RS,winter,15,7.5,163.25043,0.081625216
RS_0156,RS,winter,16,8.0,238.07516,0.11903758
RS_0156,RS,winter,17,8.5,293.29486,0.14664742
RS_0156,RS,winter,18,9.0,240.45058,0.12022529
RS_0156,RS,winter,19,9.5,224.35962,0.11217981
RS_0156,RS,winter,20,10.0,180.72302,0.09036151
RS_0156,RS,winter,21,10.5,211.71068,0.10585534
RS_0156,RS,winter,22,11.0,234.0647,0.11703235
RS_0156,RS,winter,23,11.5,227.31006,0.11365503
RS_0156,RS,winter,24,12.0,337.02542,0.16851272
RS_0156,RS,winter,25,12.5,381.24402,0.190622
RS_0156,RS,winter,26,13.0,303.66187,0.15183093
RS_0156,RS,winter,27,13.5,186.53024,0.09326512
RS_0156,RS,winter,28,14.0,182.54057,0.09127028
RS_0156,RS,winter,29,14.5,172.23627,0.08611813
RS_0156,RS,winter,30,15.0,156.55046,0.07827523
RS_0156,RS,winter,31,15.5,131.37782,0.06568891
RS_0156,RS,winter,32,16.0,151.12653,0.07556326
RS_0156,RS,winter,33,16.5,217.01678,0.10850839
RS_0156,RS,winter,34,17.0,239.49858,0.11974929
RS_0156,RS,winter,35,17.5,223.96762,0.11198381
RS_0156,RS,winter,36,18.0,355.33173,0.17766586
RS_0156,RS,winter,37,18.5,332.90112,0.16645056
RS_0156,RS,winter,38,19.0,348.94556,0.17447278
RS_0156,RS,winter,39,19.5,245.59155,0.122795776
RS_0156,RS,winter,40,20.0,310.6875,0.15534376
RS_0156,RS,winter,41,20.5,259.23297,0.12961648
RS_0156,RS,winter,42,21.0,260.2622,0.13013111
RS_0156,RS,winter,43,21.5,223.26074,0.11163037
RS_0156,RS,winter,44,22.0,194.60443,0.09730221
RS_0156,RS,winter,45,22.5,205.38373,0.10269187
RS_0156,RS,winter,46,23.0,200.26514,0.10013257
RS_0156,RS,winter,47,23.5,214.04099,0.10702049
RS_0157,RS,spring,0,0.0,901.89166,0.45094582
RS_0157,RS,spring,1,0.5,955.5401,0.47777006
RS_0157,RS,spring,2,1.0,953.81165,0.47690582
RS_0157,RS,spring,3,1.5,1423.1917,0.71159583
RS_0157,RS,spring,4,2.0,1873.2574,0.9366287
RS_0157,RS,spring,5,2.5,1741.5739,0.8707869
RS_0157,RS,spring,6,3.0,2001.5051,1.0007526
RS_0157,RS,spring,7,3.5,2219.967,1.1099836
RS_0157,RS,spring,8,4.0,2080.6384,1.0403192
RS_0157,RS,spring,9,4.5,2075.5378,1.037769
RS_0157,RS,spring,10,5.0,1925.9175,0.96295875
RS_0157,RS,spring,11,5.5,1786.3394,0.8931697
RS_0157,RS,spring,12,6.0,1892.0692,0.9460346
RS_0157,RS,spring,13,6.5,2027.994,1.013997
RS_0157,RS,spring,14,7.0,1521.9535,0.76097673
RS_0157,RS,spring,15,7.5,1362.6437,0.68132186
RS_0157,RS,spring,16,8.0,948.0035,0.47400174
RS_0157,RS,spring,17,8.5,897.58716,0.4487936
RS_0157,RS,spring,18,9.0,749.1356,0.3745678
RS_0157,RS,spring,19,9.5,601.615,0.3008075
RS_0157,RS,spring,20,10.0,815.98346,0.40799174
RS_0157,RS,spring,21,10.5,662.8292,0.3314146
RS_0157,RS,spring,22,11.0,732.6118,0.36630592
RS_0157,RS,spring,23,11.5,749.3968,0.3746984
RS_0157,RS,spring,24,12.0,986.6996,0.4933498
RS_0157,RS,spring,25,12.5,1177.0796,0.5885398
RS_0157,RS,spring,26,13.0,1266.9719,0.633486
RS_0157,RS,spring,27,13.5,1078.1805,0.5390903
RS_0157,RS,spring,28,14.0,987.69147,0.49384573
RS_0157,RS,spring,29,14.5,918.775,0.4593875
RS_0157,RS,spring,30,15.0,870.58154,0.43529078
RS_0157,RS,spring,31,15.5,784.32275,0.39216137
RS_0157,RS,spring,32,16.0,788.18964,0.39409482
RS_0157,RS,spring,33,16.5,785.71704,0.39285854
RS_0157,RS,spring,34,17.0,878.9808,0.43949038
RS_0157,RS,spring,35,17.5,1091.2802,0.54564005
RS_0157,RS,spring,36,18.0,1475.3519,0.73767596
RS_0157,RS,spring,37,18.5,1436.4631,0.71823156
RS_0157,RS,spring,38,19.0,1544.6351,0.7723176
RS_0157,RS,spring,39,19.5,1656.0507,0.82802534
RS_0157,RS,spring,40,20.0,1609.442,0.804721
RS_0157,RS,spring,41,20.5,1530.6337,0.76531684
RS_0157,RS,spring,42,21.0,1399.2562,0.6996281
RS_0157,RS,spring,43,21.5,1476.3026,0.7381513
RS_0157,RS,spring,44,22.0,1478.5564,0.7392782
RS_0157,RS,spring,45,22.5,1469.3844,0.7346922
RS_0157,RS,spring,46,23.0,1159.4077,0.57970387
RS_0157,RS,spring,47,23.5,932.97565,0.46648782
RS_0158,RS,spring,0,0.0,126.810814,0.06340541
RS_0158,RS,spring,1,0.5,147.08995,0.07354497
RS_0158,RS,spring,2,1.0,143.02013,0.07151006
RS_0158,RS,spring,3,1.5,191.4418,0.0957209
RS_0158,RS,spring,4,2.0,212.28757,0.10614378
RS_0158,RS,spring,5,2.5,192.78085,0.096390426
RS_0158,RS,spring,6,3.0,200.77501,0.100387506
RS_0158,RS,spring,7,3.5,154.25526,0.077127635
RS_0158,RS,spring,8,4.0,153.42752,0.07671376
RS_0158,RS,spring,9,4.5,127.00629,0.063503146
RS_0158,RS,spring,10,5.0,104.674355,0.052337177
RS_0158,RS,spring,11,5.5,101.21793,0.050608966
RS_0158,RS,spring,12,6.0,93.83177,0.046915885
RS_0158,RS,spring,13,6.5,61.427807,0.030713903
RS_0158,RS,spring,14,7.0,41.90095,0.020950476
RS_0158,RS,spring,15,7.5,63.39093,0.031695466
RS_0158,RS,spring,16,8.0,101.02792,0.05051396
RS_0158,RS,spring,17,8.5,245.32303,0.122661516
RS_0158,RS,spring,18,9.0,684.3869,0.34219345
RS_0158,RS,spring,19,9.5,689.23303,0.3446165
RS_0158,RS,spring,20,10.0,439.1738,0.2195869
RS_0158,RS,spring,21,10.5,153.8987,0.07694935
RS_0158,RS,spring,22,11.0,117.99306,0.05899653
RS_0158,RS,spring,23,11.5,108.7546,0.0543773
RS_0158,RS,spring,24,12.0,71.23157,0.035615783
RS_0158,RS,spring,25,12.5,95.27808,0.047639042
RS_0158,RS,spring,26,13.0,67.02928,0.03351464
RS_0158,RS,spring,27,13.5,92.57404,0.046287023
RS_0158,RS,spring,28,14.0,96.65268,0.04832634
RS_0158,RS,spring,29,14.5,144.39352,0.07219676
RS_0158,RS,spring,30,15.0,185.35457,0.09267729
RS_0158,RS,spring,31,15.5,194.3346,0.0971673
RS_0158,RS,spring,32,16.0,170.28162,0.08514081
RS_0158,RS,spring,33,16.5,146.89752,0.07344876
RS_0158,RS,spring,34,17.0,181.6604,0.0908302
RS_0158,RS,spring,35,17.5,146.0963,0.07304815
RS_0158,RS,spring,36,18.0,170.56665,0.085283324
RS_0158,RS,spring,37,18.5,137.11765,0.06855882
RS_0158,RS,spring,38,19.0,222.7541,0.11137705
RS_0158,RS,spring,39,19.5,288.92642,0.14446321
RS_0158,RS,spring,40,20.0,383.44302,0.19172151
RS_0158,RS,spring,41,20.5,379.85587,0.18992794
RS_0158,RS,spring,42,21.0,684.7576,0.34237882
RS_0158,RS,spring,43,21.5,809.67554,0.40483776
RS_0158,RS,spring,44,22.0,426.22165,0.21311082
RS_0158,RS,spring,45,22.5,302.5951,0.15129754
RS_0158,RS,spring,46,23.0,224.38852,0.11219426
RS_0158,RS,spring,47,23.5,172.25262,0.08612631
RS_0159,RS,spring,0,0.0,973.4541,0.48672706
RS_0159,RS,spring,1,0.5,831.09894,0.41554946
RS_0159,RS,spring,2,1.0,790.37756,0.39518878
RS_0159,RS,spring,3,1.5,806.8135,0.40340674
RS_0159,RS,spring,4,2.0,746.027,0.3730135
RS_0159,RS,spring,5,2.5,605.95514,0.30297756
RS_0159,RS,spring,6,3.0,502.33035,0.25116518
RS_0159,RS,spring,7,3.5,465.26868,0.23263434
RS_0159,RS,spring,8,4.0,495.75833,0.24787916
RS_0159,RS,spring,9,4.5,534.8959,0.26744795
RS_0159,RS,spring,10,5.0,521.8751,0.26093757
RS_0159,RS,spring,11,5.5,565.5275,0.28276375
RS_0159,RS,spring,12,6.0,474.0999,0.23704995
RS_0159,RS,spring,13,6.5,489.75043,0.24487521
RS_0159,RS,spring,14,7.0,476.80255,0.23840128
RS_0159,RS,spring,15,7.5,511.87646,0.25593823
RS_0159,RS,spring,16,8.0,518.4093,0.25920466
RS_0159,RS,spring,17,8.5,523.859,0.2619295
RS_0159,RS,spring,18,9.0,531.6398,0.26581988
RS_0159,RS,spring,19,9.5,499.47473,0.24973737
RS_0159,RS,spring,20,10.0,497.3743,0.24868715
RS_0159,RS,spring,21,10.5,405.45703,0.20272851
RS_0159,RS,spring,22,11.0,451.7287,0.22586435
RS_0159,RS,spring,23,11.5,491.5725,0.24578625
RS_0159,RS,spring,24,12.0,557.0263,0.27851316
RS_0159,RS,spring,25,12.5,606.30634,0.30315316
RS_0159,RS,spring,26,13.0,589.6551,0.29482755
RS_0159,RS,spring,27,13.5,506.8061,0.25340304
RS_0159,RS,spring,28,14.0,435.72086,0.21786043
RS_0159,RS,spring,29,14.5,378.3258,0.18916291
RS_0159,RS,spring,30,15.0,377.4958,0.1887479
RS_0159,RS,spring,31,15.5,378.8929,0.18944646
RS_0159,RS,spring,32,16.0,373.6415,0.18682076
RS_0159,RS,spring,33,16.5,352.14914,0.17607456
RS_0159,RS,spring,34,17.0,386.00732,0.19300367
RS_0159,RS,spring,35,17.5,408.73575,0.20436788
RS_0159,RS,spring,36,18.0,461.80344,0.23090172
RS_0159,RS,spring,37,18.5,467.85156,0.23392577
RS_0159,RS,spring,38,19.0,582.86115,0.29143056
RS_0159,RS,spring,39,19.5,575.4083,0.28770417
RS_0159,RS,spring,40,20.0,525.8045,0.26290226
RS_0159,RS,spring,41,20.5,521.7966,0.2608983
RS_0159,RS,spring,42,21.0,574.31213,0.28715608
RS_0159,RS,spring,43,21.5,619.314,0.309657
RS_0159,RS,spring,44,22.0,841.34955,0.42067477
RS_0159,RS,spring,45,22.5,1382.1161,0.69105804
RS_0159,RS,spring,46,23.0,1434.9073,0.71745366
RS_0159,RS,spring,47,23.5,1193.5554,0.59677774
RS_0160,RS,spring,0,0.0,185.55417,0.09277708
RS_0160,RS,spring,1,0.5,165.29683,0.08264841
RS_0160,RS,spring,2,1.0,154.71806,0.07735903
RS_0160,RS,spring,3,1.5,218.96803,0.10948402
RS_0160,RS,spring,4,2.0,229.06725,0.114533626
RS_0160,RS,spring,5,2.5,165.91968,0.08295984
RS_0160,RS,spring,6,3.0,205.14944,0.10257472
RS_0160,RS,spring,7,3.5,200.32033,0.10016017
RS_0160,RS,spring,8,4.0,195.23859,0.097619295
RS_0160,RS,spring,9,4.5,183.0422,0.0915211
RS_0160,RS,spring,10,5.0,168.8796,0.0844398
RS_0160,RS,spring,11,5.5,175.61026,0.08780513
RS_0160,RS,spring,12,6.0,179.26173,0.089630865
RS_0160,RS,spring,13,6.5,183.14519,0.09157259
RS_0160,RS,spring,14,7.0,155.03009,0.07751504
RS_0160,RS,spring,15,7.5,152.50621,0.07625311
RS_0160,RS,spring,16,8.0,98.68332,0.04934166
RS_0160,RS,spring,17,8.5,90.97,0.045485
RS_0160,RS,spring,18,9.0,87.18756,0.04359378
RS_0160,RS,spring,19,9.5,102.903015,0.051451508
RS_0160,RS,spring,20,10.0,103.44456,0.051722277
RS_0160,RS,spring,21,10.5,89.65231,0.044826157
RS_0160,RS,spring,22,11.0,101.98206,0.050991032
RS_0160,RS,spring,23,11.5,92.19332,0.04609666
RS_0160,RS,spring,24,12.0,91.14686,0.04557343
RS_0160,RS,spring,25,12.5,86.15009,0.043075047
RS_0160,RS,spring,26,13.0,88.955345,0.04447767
RS_0160,RS,spring,27,13.5,78.827156,0.03941358
RS_0160,RS,spring,28,14.0,91.34141,0.045670703
RS_0160,RS,spring,29,14.5,75.78561,0.037892804
RS_0160,RS,spring,30,15.0,89.55959,0.044779796
RS_0160,RS,spring,31,15.5,96.61455,0.048307274
RS_0160,RS,spring,32,16.0,116.05108,0.05802554
RS_0160,RS,spring,33,16.5,117.260025,0.058630012
RS_0160,RS,spring,34,17.0,126.22392,0.06311196
RS_0160,RS,spring,35,17.5,139.31248,0.069656245
RS_0160,RS,spring,36,18.0,175.61734,0.08780867
RS_0160,RS,spring,37,18.5,161.80547,0.08090273
RS_0160,RS,spring,38,19.0,215.62787,0.10781393
RS_0160,RS,spring,39,19.5,216.55455,0.108277276
RS_0160,RS,spring,40,20.0,242.98984,0.12149492
RS_0160,RS,spring,41,20.5,211.93323,0.10596661
RS_0160,RS,spring,42,21.0,206.96591,0.103482954
RS_0160,RS,spring,43,21.5,230.6763,0.11533815
RS_0160,RS,spring,44,22.0,203.96608,0.10198304
RS_0160,RS,spring,45,22.5,234.41411,0.11720706
RS_0160,RS,spring,46,23.0,210.02617,0.10501309
RS_0160,RS,spring,47,23.5,196.36958,0.098184794
RS_0161,RS,winter,0,0.0,1167.4052,0.58370256
RS_0161,RS,winter,1,0.5,1031.3671,0.51568353
RS_0161,RS,winter,2,1.0,1074.2455,0.5371227
RS_0161,RS,winter,3,1.5,838.2124,0.41910622
RS_0161,RS,winter,4,2.0,929.48395,0.46474198
RS_0161,RS,winter,5,2.5,823.9411,0.41197056
RS_0161,RS,winter,6,3.0,783.30035,0.39165017
RS_0161,RS,winter,7,3.5,677.7237,0.33886185
RS_0161,RS,winter,8,4.0,797.73724,0.39886862
RS_0161,RS,winter,9,4.5,768.88354,0.38444176
RS_0161,RS,winter,10,5.0,700.4959,0.35024795
RS_0161,RS,winter,11,5.5,652.5048,0.3262524
RS_0161,RS,winter,12,6.0,754.5437,0.37727186
RS_0161,RS,winter,13,6.5,782.3996,0.3911998
RS_0161,RS,winter,14,7.0,705.5556,0.3527778
RS_0161,RS,winter,15,7.5,749.43726,0.37471864
RS_0161,RS,winter,16,8.0,872.1348,0.4360674
RS_0161,RS,winter,17,8.5,933.3743,0.46668717
RS_0161,RS,winter,18,9.0,990.11487,0.49505743
RS_0161,RS,winter,19,9.5,974.8872,0.4874436
RS_0161,RS,winter,20,10.0,1209.5762,0.60478806
RS_0161,RS,winter,21,10.5,1323.8253,0.6619127
RS_0161,RS,winter,22,11.0,1491.6604,0.7458302
RS_0161,RS,winter,23,11.5,1545.9137,0.77295685
RS_0161,RS,winter,24,12.0,1520.139,0.7600695
RS_0161,RS,winter,25,12.5,1523.1079,0.76155394
RS_0161,RS,winter,26,13.0,1290.8983,0.64544916
RS_0161,RS,winter,27,13.5,1254.6599,0.62732995
RS_0161,RS,winter,28,14.0,1291.3937,0.6456968
RS_0161,RS,winter,29,14.5,1275.7352,0.6378676
RS_0161,RS,winter,30,15.0,1199.549,0.5997745
RS_0161,RS,winter,31,15.5,1098.2598,0.5491299
RS_0161,RS,winter,32,16.0,1025.7665,0.51288325
RS_0161,RS,winter,33,16.5,1015.6394,0.5078197
RS_0161,RS,winter,34,17.0,990.5053,0.49525267
RS_0161,RS,winter,35,17.5,873.61993,0.43680996
RS_0161,RS,winter,36,18.0,961.2379,0.48061895
RS_0161,RS,winter,37,18.5,990.20746,0.49510372
RS_0161,RS,winter,38,19.0,828.16364,0.4140818
RS_0161,RS,winter,39,19.5,818.9339,0.40946695
RS_0161,RS,winter,40,20.0,848.8837,0.42444187
RS_0161,RS,winter,41,20.5,788.1607,0.39408034
RS_0161,RS,winter,42,21.0,707.0602,0.35353008
RS_0161,RS,winter,43,21.5,627.29596,0.313648
RS_0161,RS,winter,44,22.0,674.92316,0.3374616
RS_0161,RS,winter,45,22.5,680.7682,0.3403841
RS_0161,RS,winter,46,23.0,663.05084,0.33152542
RS_0161,RS,winter,47,23.5,752.2289,0.37611443
RS_0162,RS,summer,0,0.0,354.9763,0.17748815
RS_0162,RS,summer,1,0.5,285.77914,0.14288957
RS_0162,RS,summer,2,1.0,289.10883,0.1445544
RS_0162,RS,summer,3,1.5,211.51045,0.105755225
RS_0162,RS,summer,4,2.0,206.09933,0.103049666
RS_0162,RS,summer,5,2.5,240.23146,0.12011573
RS_0162,RS,summer,6,3.0,231.7751,0.11588755
RS_0162,RS,summer,7,3.5,253.51228,0.12675615
RS_0162,RS,summer,8,4.0,243.32887,0.121664435
RS_0162,RS,summer,9,4.5,273.21936,0.13660967
RS_0162,RS,summer,10,5.0,248.41301,0.124206506
RS_0162,RS,summer,11,5.5,287.6334,0.1438167
RS_0162,RS,summer,12,6.0,313.32883,0.15666442
RS_0162,RS,summer,13,6.5,328.69162,0.16434582
RS_0162,RS,summer,14,7.0,418.3,0.20914999
RS_0162,RS,summer,15,7.5,376.309,0.18815449
RS_0162,RS,summer,16,8.0,351.5806,0.1757903
RS_0162,RS,summer,17,8.5,340.49304,0.17024653
RS_0162,RS,summer,18,9.0,378.4642,0.1892321
RS_0162,RS,summer,19,9.5,310.7077,0.15535384
RS_0162,RS,summer,20,10.0,434.70703,0.21735352
RS_0162,RS,summer,21,10.5,251.92464,0.12596232
RS_0162,RS,summer,22,11.0,182.5655,0.091282755
RS_0162,RS,summer,23,11.5,138.88875,0.06944437
RS_0162,RS,summer,24,12.0,213.587,0.1067935
RS_0162,RS,summer,25,12.5,109.64047,0.054820236
RS_0162,RS,summer,26,13.0,83.40483,0.041702416
RS_0162,RS,summer,27,13.5,26.305592,0.013152796
RS_0162,RS,summer,28,14.0,42.024952,0.021012476
RS_0162,RS,summer,29,14.5,39.351997,0.019675998
RS_0162,RS,summer,30,15.0,53.845043,0.026922522
RS_0162,RS,summer,31,15.5,225.81532,0.11290766
RS_0162,RS,summer,32,16.0,124.966644,0.062483322
RS_0162,RS,summer,33,16.5,102.53964,0.05126982
RS_0162,RS,summer,34,17.0,100.64096,0.05032048
RS_0162,RS,summer,35,17.5,114.00555,0.05700277
RS_0162,RS,summer,36,18.0,138.32376,0.06916188
RS_0162,RS,summer,37,18.5,194.15892,0.09707946
RS_0162,RS,summer,38,19.0,172.18697,0.086093485
RS_0162,RS,summer,39,19.5,172.2756,0.0861378
RS_0162,RS,summer,40,20.0,224.54625,0.11227313
RS_0162,RS,summer,41,20.5,257.74606,0.12887304
RS_0162,RS,summer,42,21.0,197.28535,0.09864268
RS_0162,RS,summer,43,21.5,214.58739,0.107293695
RS_0162,RS,summer,44,22.0,312.60663,0.15630332
RS_0162,RS,summer,45,22.5,460.4161,0.23020805
RS_0162,RS,summer,46,23.0,437.78796,0.21889398
RS_0162,RS,summer,47,23.5,379.62692,0.18981346
RS_0163,RS,spring,0,0.0,124.83805,0.062419027
RS_0163,RS,spring,1,0.5,116.132484,0.05806624
RS_0163,RS,spring,2,1.0,91.602356,0.045801178
RS_0163,RS,spring,3,1.5,127.585205,0.0637926
RS_0163,RS,spring,4,2.0,230.29106,0.115145534
RS_0163,RS,spring,5,2.5,309.19724,0.15459862
RS_0163,RS,spring,6,3.0,314.91544,0.15745772
RS_0163,RS,spring,7,3.5,234.8134,0.1174067
RS_0163,RS,spring,8,4.0,225.1284,0.1125642
RS_0163,RS,spring,9,4.5,190.26114,0.09513057
RS_0163,RS,spring,10,5.0,175.84084,0.08792042
RS_0163,RS,spring,11,5.5,160.34274,0.08017137
RS_0163,RS,spring,12,6.0,200.00427,0.10000214
RS_0163,RS,spring,13,6.5,217.85745,0.108928725
RS_0163,RS,spring,14,7.0,202.91461,0.101457305
RS_0163,RS,spring,15,7.5,167.73135,0.08386568
RS_0163,RS,spring,16,8.0,176.1178,0.0880589
RS_0163,RS,spring,17,8.5,217.80067,0.10890034
RS_0163,RS,spring,18,9.0,292.23392,0.14611696
RS_0163,RS,spring,19,9.5,323.61536,0.16180767
RS_0163,RS,spring,20,10.0,474.4734,0.2372367
RS_0163,RS,spring,21,10.5,460.94864,0.23047432
RS_0163,RS,spring,22,11.0,737.1721,0.36858606
RS_0163,RS,spring,23,11.5,1142.222,0.571111
RS_0163,RS,spring,24,12.0,1927.9795,0.96398973
RS_0163,RS,spring,25,12.5,2148.472,1.0742359
RS_0163,RS,spring,26,13.0,2308.3127,1.1541563
RS_0163,RS,spring,27,13.5,995.7771,0.49788854
RS_0163,RS,spring,28,14.0,675.5958,0.3377979
RS_0163,RS,spring,29,14.5,309.4158,0.1547079
RS_0163,RS,spring,30,15.0,219.92554,0.10996277
RS_0163,RS,spring,31,15.5,164.13005,0.08206502
RS_0163,RS,spring,32,16.0,163.39734,0.08169867
RS_0163,RS,spring,33,16.5,176.28426,0.08814213
RS_0163,RS,spring,34,17.0,215.29417,0.10764708
RS_0163,RS,spring,35,17.5,220.12442,0.11006221
RS_0163,RS,spring,36,18.0,329.40533,0.16470267
RS_0163,RS,spring,37,18.5,442.09338,0.22104669
RS_0163,RS,spring,38,19.0,604.0024,0.30200118
RS_0163,RS,spring,39,19.5,670.1625,0.33508125
RS_0163,RS,spring,40,20.0,569.8919,0.28494596
RS_0163,RS,spring,41,20.5,415.68182,0.2078409
RS_0163,RS,spring,42,21.0,354.12436,0.17706218
RS_0163,RS,spring,43,21.5,247.12325,0.12356162
RS_0163,RS,spring,44,22.0,206.74976,0.103374876
RS_0163,RS,spring,45,22.5,143.72562,0.07186281
RS_0163,RS,spring,46,23.0,131.41306,0.06570653
RS_0163,RS,spring,47,23.5,100.96353,0.050481766
RS_0164,RS,winter,0,0.0,688.4084,0.3442042
RS_0164,RS,winter,1,0.5,436.8389,0.21841945
RS_0164,RS,winter,2,1.0,378.19885,0.18909943
RS_0164,RS,winter,3,1.5,384.91345,0.19245672
RS_0164,RS,winter,4,2.0,405.26132,0.20263065
RS_0164,RS,winter,5,2.5,392.56583,0.19628291
RS_0164,RS,winter,6,3.0,384.62943,0.19231471
RS_0164,RS,winter,7,3.5,391.94214,0.19597107
RS_0164,RS,winter,8,4.0,379.96683,0.18998341
RS_0164,RS,winter,9,4.5,356.13342,0.17806672
RS_0164,RS,winter,10,5.0,398.46213,0.19923106
RS_0164,RS,winter,11,5.5,353.4664,0.1767332
RS_0164,RS,winter,12,6.0,426.69186,0.21334593
RS_0164,RS,winter,13,6.5,466.55533,0.23327766
RS_0164,RS,winter,14,7.0,570.4655,0.28523275
RS_0164,RS,winter,15,7.5,832.18445,0.41609222
RS_0164,RS,winter,16,8.0,1338.6847,0.66934234
RS_0164,RS,winter,17,8.5,1761.223,0.88061154
RS_0164,RS,winter,18,9.0,2084.6775,1.0423387
RS_0164,RS,winter,19,9.5,1799.1367,0.8995684
RS_0164,RS,winter,20,10.0,1861.8181,0.93090904
RS_0164,RS,winter,21,10.5,1885.8599,0.9429299
RS_0164,RS,winter,22,11.0,872.90704,0.43645352
RS_0164,RS,winter,23,11.5,682.88617,0.3414431
RS_0164,RS,winter,24,12.0,687.8297,0.34391487
RS_0164,RS,winter,25,12.5,428.55484,0.21427742
RS_0164,RS,winter,26,13.0,157.9506,0.078975305
RS_0164,RS,winter,27,13.5,82.75621,0.041378107
RS_0164,RS,winter,28,14.0,57.150726,0.028575363
RS_0164,RS,winter,29,14.5,57.339417,0.028669707
RS_0164,RS,winter,30,15.0,68.33258,0.03416629
RS_0164,RS,winter,31,15.5,174.88641,0.08744321
RS_0164,RS,winter,32,16.0,150.1759,0.07508795
RS_0164,RS,winter,33,16.5,193.27046,0.09663523
RS_0164,RS,winter,34,17.0,247.27745,0.12363873
RS_0164,RS,winter,35,17.5,282.09445,0.14104722
RS_0164,RS,winter,36,18.0,453.8193,0.22690965
RS_0164,RS,winter,37,18.5,531.4732,0.2657366
RS_0164,RS,winter,38,19.0,728.72485,0.36436242
RS_0164,RS,winter,39,19.5,834.50946,0.41725472
RS_0164,RS,winter,40,20.0,861.2262,0.4306131
RS_0164,RS,winter,41,20.5,750.6663,0.37533316
RS_0164,RS,winter,42,21.0,795.9515,0.39797574
RS_0164,RS,winter,43,21.5,704.0032,0.35200158
RS_0164,RS,winter,44,22.0,641.8307,0.32091534
RS_0164,RS,winter,45,22.5,770.057,0.3850285
RS_0164,RS,winter,46,23.0,758.40045,0.37920022
RS_0164,RS,winter,47,23.5,842.452,0.42122602
RS_0165,RS,autumn,0,0.0,88.131714,0.044065855
RS_0165,RS,autumn,1,0.5,88.84997,0.044424985
RS_0165,RS,autumn,2,1.0,136.79472,0.06839736
RS_0165,RS,autumn,3,1.5,120.304344,0.060152173
RS_0165,RS,autumn,4,2.0,123.41084,0.06170542
RS_0165,RS,autumn,5,2.5,62.05364,0.03102682
RS_0165,RS,autumn,6,3.0,93.72697,0.046863485
RS_0165,RS,autumn,7,3.5,89.94764,0.04497382
RS_0165,RS,autumn,8,4.0,46.70754,0.023353769
RS_0165,RS,autumn,9,4.5,108.020294,0.054010145
RS_0165,RS,autumn,10,5.0,56.890026,0.028445013
RS_0165,RS,autumn,11,5.5,65.31557,0.032657783
RS_0165,RS,autumn,12,6.0,43.194798,0.021597398
RS_0165,RS,autumn,13,6.5,48.933384,0.024466692
RS_0165,RS,autumn,14,7.0,23.429089,0.011714544
RS_0165,RS,autumn,15,7.5,49.5087,0.024754351
RS_0165,RS,autumn,16,8.0,16.83104,0.008415519
RS_0165,RS,autumn,17,8.5,25.654106,0.012827053
RS_0165,RS,autumn,18,9.0,29.199648,0.014599824
RS_0165,RS,autumn,19,9.5,26.338291,0.013169145
RS_0165,RS,autumn,20,10.0,25.803629,0.012901815
RS_0165,RS,autumn,21,10.5,21.464924,0.010732462
RS_0165,RS,autumn,22,11.0,26.834627,0.013417314
RS_0165,RS,autumn,23,11.5,48.65132,0.024325661
RS_0165,RS,autumn,24,12.0,5.8268585,0.0029134292
RS_0165,RS,autumn,25,12.5,111.924545,0.055962272
RS_0165,RS,autumn,26,13.0,25.698355,0.012849177
RS_0165,RS,autumn,27,13.5,118.49502,0.05924751
RS_0165,RS,autumn,28,14.0,34.899574,0.017449787
RS_0165,RS,autumn,29,14.5,43.836514,0.021918256
RS_0165,RS,autumn,30,15.0,32.860146,0.016430072
RS_0165,RS,autumn,31,15.5,31.32394,0.01566197
RS_0165,RS,autumn,32,16.0,26.673996,0.013336998
RS_0165,RS,autumn,33,16.5,29.478384,0.014739192
RS_0165,RS,autumn,34,17.0,43.77227,0.021886135
RS_0165,RS,autumn,35,17.5,32.563118,0.016281558
RS_0165,RS,autumn,36,18.0,38.813705,0.019406853
RS_0165,RS,autumn,37,18.5,24.807114,0.012403557
RS_0165,RS,autumn,38,19.0,47.31455,0.023657274
RS_0165,RS,autumn,39,19.5,34.0407,0.01702035
RS_0165,RS,autumn,40,20.0,11.531514,0.005765757
RS_0165,RS,autumn,41,20.5,39.708916,0.019854458
RS_0165,RS,autumn,42,21.0,39.878498,0.01993925
RS_0165,RS,autumn,43,21.5,82.60482,0.04130241
RS_0165,RS,autumn,44,22.0,68.8273,0.03441365
RS_0165,RS,autumn,45,22.5,122.722694,0.061361346
RS_0165,RS,autumn,46,23.0,71.760056,0.03588003
RS_0165,RS,autumn,47,23.5,68.48297,0.034241486
RS_0166,RS,autumn,0,0.0,72.86981,0.036434907
RS_0166,RS,autumn,1,0.5,71.235565,0.035617784
RS_0166,RS,autumn,2,1.0,56.606182,0.02830309
RS_0166,RS,autumn,3,1.5,38.942116,0.019471059
RS_0166,RS,autumn,4,2.0,41.42398,0.02071199
RS_0166,RS,autumn,5,2.5,34.57397,0.017286986
RS_0166,RS,autumn,6,3.0,37.40305,0.018701525
RS_0166,RS,autumn,7,3.5,45.254475,0.022627238
RS_0166,RS,autumn,8,4.0,42.201176,0.021100588
RS_0166,RS,autumn,9,4.5,41.777733,0.020888867
RS_0166,RS,autumn,10,5.0,30.094791,0.015047396
RS_0166,RS,autumn,11,5.5,25.79092,0.01289546
RS_0166,RS,autumn,12,6.0,22.11631,0.011058155
RS_0166,RS,autumn,13,6.5,22.490194,0.011245097
RS_0166,RS,autumn,14,7.0,15.195866,0.0075979326
RS_0166,RS,autumn,15,7.5,15.003132,0.007501566
RS_0166,RS,autumn,16,8.0,14.204588,0.007102294
RS_0166,RS,autumn,17,8.5,16.38187,0.0081909355
RS_0166,RS,autumn,18,9.0,11.36401,0.005682005
RS_0166,RS,autumn,19,9.5,9.302219,0.0046511097
RS_0166,RS,autumn,20,10.0,12.812729,0.0064063645
RS_0166,RS,autumn,21,10.5,12.000507,0.006000254
RS_0166,RS,autumn,22,11.0,7.2086115,0.0036043057
RS_0166,RS,autumn,23,11.5,11.528883,0.0057644416
RS_0166,RS,autumn,24,12.0,8.930503,0.004465251
RS_0166,RS,autumn,25,12.5,10.652468,0.005326234
RS_0166,RS,autumn,26,13.0,9.528744,0.004764372
RS_0166,RS,autumn,27,13.5,7.5312967,0.0037656485
RS_0166,RS,autumn,28,14.0,6.3360248,0.0031680125
RS_0166,RS,autumn,29,14.5,5.153988,0.002576994
RS_0166,RS,autumn,30,15.0,7.6427155,0.0038213576
RS_0166,RS,autumn,31,15.5,7.114805,0.0035574026
RS_0166,RS,autumn,32,16.0,8.216601,0.004108301
RS_0166,RS,autumn,33,16.5,8.909924,0.004454962
RS_0166,RS,autumn,34,17.0,8.361702,0.004180851
RS_0166,RS,autumn,35,17.5,8.894871,0.0044474355
RS_0166,RS,autumn,36,18.0,14.892211,0.0074461056
RS_0166,RS,autumn,37,18.5,13.322454,0.0066612274
RS_0166,RS,autumn,38,19.0,13.178625,0.0065893126
RS_0166,RS,autumn,39,19.5,14.840186,0.0074200933
RS_0166,RS,autumn,40,20.0,11.991311,0.0059956554
RS_0166,RS,autumn,41,20.5,16.13855,0.008069275
RS_0166,RS,autumn,42,21.0,18.809185,0.009404592
RS_0166,RS,autumn,43,21.5,17.068533,0.008534267
RS_0166,RS,autumn,44,22.0,22.38232,0.01119116
RS_0166,RS,autumn,45,22.5,18.92154,0.00946077
RS_0166,RS,autumn,46,23.0,16.653967,0.008326983
RS_0166,RS,autumn,47,23.5,27.165728,0.013582864
RS_0167,RS,spring,0,0.0,232.52687,0.116263434
RS_0167,RS,spring,1,0.5,194.49133,0.09724566
RS_0167,RS,spring,2,1.0,168.85115,0.084425576
RS_0167,RS,spring,3,1.5,171.45322,0.08572661
RS_0167,RS,spring,4,2.0,176.52873,0.08826437
RS_0167,RS,spring,5,2.5,167.045,0.0835225
RS_0167,RS,spring,6,3.0,150.06133,0.07503066
RS_0167,RS,spring,7,3.5,179.49171,0.08974586
RS_0167,RS,spring,8,4.0,200.9497,0.10047486
RS_0167,RS,spring,9,4.5,193.4293,0.09671465
RS_0167,RS,spring,10,5.0,165.16809,0.082584046
RS_0167,RS,spring,11,5.5,179.67436,0.08983718
RS_0167,RS,spring,12,6.0,206.59991,0.10329996
RS_0167,RS,spring,13,6.5,174.49033,0.08724517
RS_0167,RS,spring,14,7.0,139.3612,0.0696806
RS_0167,RS,spring,15,7.5,145.80452,0.07290226
RS_0167,RS,spring,16,8.0,122.14325,0.061071623
RS_0167,RS,spring,17,8.5,102.372856,0.051186427
RS_0167,RS,spring,18,9.0,99.92022,0.04996011
RS_0167,RS,spring,19,9.5,116.56346,0.05828173
RS_0167,RS,spring,20,10.0,111.921425,0.05596071
RS_0167,RS,spring,21,10.5,98.01422,0.04900711
RS_0167,RS,spring,22,11.0,148.72333,0.07436167
RS_0167,RS,spring,23,11.5,231.3589,0.11567945
RS_0167,RS,spring,24,12.0,331.74243,0.16587122
RS_0167,RS,spring,25,12.5,370.18298,0.1850915
RS_0167,RS,spring,26,13.0,242.3089,0.12115445
RS_0167,RS,spring,27,13.5,150.17654,0.07508827
RS_0167,RS,spring,28,14.0,107.68551,0.053842753
RS_0167,RS,spring,29,14.5,75.28137,0.037640687
RS_0167,RS,spring,30,15.0,65.08847,0.032544237
RS_0167,RS,spring,31,15.5,35.470203,0.017735101
RS_0167,RS,spring,32,16.0,38.90193,0.019450966
RS_0167,RS,spring,33,16.5,103.591576,0.051795788
RS_0167,RS,spring,34,17.0,209.33981,0.104669906
RS_0167,RS,spring,35,17.5,176.90184,0.08845092
RS_0167,RS,spring,36,18.0,417.27338,0.20863669
RS_0167,RS,spring,37,18.5,525.0216,0.2625108
RS_0167,RS,spring,38,19.0,979.02216,0.48951107
RS_0167,RS,spring,39,19.5,1185.8264,0.5929132
RS_0167,RS,spring,40,20.0,1179.2911,0.58964556
RS_0167,RS,spring,41,20.5,1112.0022,0.5560011
RS_0167,RS,spring,42,21.0,1376.8888,0.6884444
RS_0167,RS,spring,43,21.5,1332.397,0.6661985
RS_0167,RS,spring,44,22.0,1376.2858,0.6881429
RS_0167,RS,spring,45,22.5,1271.4795,0.63573974
RS_0167,RS,spring,46,23.0,719.06836,0.35953417
RS_0167,RS,spring,47,23.5,390.5739,0.19528696
RS_0168,RS,spring,0,0.0,2.90544,0.00145272
RS_0168,RS,spring,1,0.5,3.2215796,0.0016107898
RS_0168,RS,spring,2,1.0,3.5929031,0.0017964515
RS_0168,RS,spring,3,1.5,2.7410452,0.0013705227
RS_0168,RS,spring,4,2.0,3.5539675,0.0017769837
RS_0168,RS,spring,5,2.5,3.173913,0.0015869566
RS_0168,RS,spring,6,3.0,3.6486363,0.0018243182
RS_0168,RS,spring,7,3.5,3.29563,0.001647815
RS_0168,RS,spring,8,4.0,4.467931,0.0022339653
RS_0168,RS,spring,9,4.5,4.3793554,0.0021896777
RS_0168,RS,spring,10,5.0,3.7408895,0.0018704447
RS_0168,RS,spring,11,5.5,3.5239868,0.0017619934
RS_0168,RS,spring,12,6.0,2.8995616,0.0014497808
RS_0168,RS,spring,13,6.5,2.9299984,0.0014649992
RS_0168,RS,spring,14,7.0,2.2405655,0.0011202828
RS_0168,RS,spring,15,7.5,2.9821718,0.0014910859
RS_0168,RS,spring,16,8.0,4.148389,0.0020741944
RS_0168,RS,spring,17,8.5,6.259478,0.003129739
RS_0168,RS,spring,18,9.0,5.186117,0.0025930586
RS_0168,RS,spring,19,9.5,4.508232,0.002254116
RS_0168,RS,spring,20,10.0,4.6379275,0.0023189639
RS_0168,RS,spring,21,10.5,5.6430387,0.0028215193
RS_0168,RS,spring,22,11.0,5.227071,0.0026135354
RS_0168,RS,spring,23,11.5,5.343198,0.002671599
RS_0168,RS,spring,24,12.0,8.066203,0.0040331017
RS_0168,RS,spring,25,12.5,4.9886413,0.0024943207
RS_0168,RS,spring,26,13.0,2.1749368,0.0010874684
RS_0168,RS,spring,27,13.5,1.858449,0.0009292245
RS_0168,RS,spring,28,14.0,1.7158124,0.00085790624
RS_0168,RS,spring,29,14.5,1.43489,0.00071744504
RS_0168,RS,spring,30,15.0,1.0799744,0.00053998723
RS_0168,RS,spring,31,15.5,0.8221004,0.0004110502
RS_0168,RS,spring,32,16.0,1.5403516,0.00077017583
RS_0168,RS,spring,33,16.5,0.91657436,0.0004582872
RS_0168,RS,spring,34,17.0,1.8487878,0.0009243939
RS_0168,RS,spring,35,17.5,0.5743127,0.00028715635
RS_0168,RS,spring,36,18.0,0.86242795,0.00043121396
RS_0168,RS,spring,37,18.5,0.4906871,0.00024534354
RS_0168,RS,spring,38,19.0,0.37184936,0.00018592468
RS_0168,RS,spring,39,19.5,0.68916094,0.00034458048
RS_0168,RS,spring,40,20.0,1.1695006,0.0005847503
RS_0168,RS,spring,41,20.5,1.0422647,0.0005211324
RS_0168,RS,spring,42,21.0,0.92015743,0.0004600787
RS_0168,RS,spring,43,21.5,0.6495383,0.00032476915
RS_0168,RS,spring,44,22.0,0.60581493,0.00030290746
RS_0168,RS,spring,45,22.5,0.42826113,0.00021413056
RS_0168,RS,spring,46,23.0,0.8594935,0.00042974675
RS_0168,RS,spring,47,23.5,0.66543055,0.00033271528
RS_0169,RS,summer,0,0.0,323.74554,0.16187277
RS_0169,RS,summer,1,0.5,305.83197,0.15291598
RS_0169,RS,summer,2,1.0,430.76877,0.21538438
RS_0169,RS,summer,3,1.5,507.39096,0.2536955
RS_0169,RS,summer,4,2.0,403.96124,0.20198062
RS_0169,RS,summer,5,2.5,153.12854,0.07656427
RS_0169,RS,summer,6,3.0,130.27109,0.065135546
RS_0169,RS,summer,7,3.5,102.01601,0.051008005
RS_0169,RS,summer,8,4.0,97.974335,0.04898717
RS_0169,RS,summer,9,4.5,77.33495,0.038667478
RS_0169,RS,summer,10,5.0,108.96922,0.054484613
RS_0169,RS,summer,11,5.5,91.54395,0.045771975
RS_0169,RS,summer,12,6.0,86.50758,0.04325379
RS_0169,RS,summer,13,6.5,71.5664,0.035783198
RS_0169,RS,summer,14,7.0,90.23575,0.045117874
RS_0169,RS,summer,15,7.5,77.728065,0.03886403
RS_0169,RS,summer,16,8.0,128.42746,0.06421373
RS_0169,RS,summer,17,8.5,153.40793,0.076703966
RS_0169,RS,summer,18,9.0,187.7029,0.09385145
RS_0169,RS,summer,19,9.5,208.30838,0.10415419
RS_0169,RS,summer,20,10.0,223.26021,0.111630104
RS_0169,RS,summer,21,10.5,168.11557,0.084057786
RS_0169,RS,summer,22,11.0,178.2715,0.08913575
RS_0169,RS,summer,23,11.5,260.47284,0.13023642
RS_0169,RS,summer,24,12.0,357.58542,0.17879272
RS_0169,RS,summer,25,12.5,533.5807,0.26679033
RS_0169,RS,summer,26,13.0,554.6208,0.2773104
RS_0169,RS,summer,27,13.5,455.5143,0.22775716
RS_0169,RS,summer,28,14.0,387.39053,0.19369526
RS_0169,RS,summer,29,14.5,430.74323,0.21537161
RS_0169,RS,summer,30,15.0,445.17886,0.22258943
RS_0169,RS,summer,31,15.5,416.60056,0.20830028
RS_0169,RS,summer,32,16.0,364.57385,0.18228693
RS_0169,RS,summer,33,16.5,318.007,0.1590035
RS_0169,RS,summer,34,17.0,339.12747,0.16956374
RS_0169,RS,summer,35,17.5,326.49707,0.16324854
RS_0169,RS,summer,36,18.0,326.68,0.16334
RS_0169,RS,summer,37,18.5,327.34268,0.16367134
RS_0169,RS,summer,38,19.0,454.02582,0.2270129
RS_0169,RS,summer,39,19.5,499.9501,0.24997506
RS_0169,RS,summer,40,20.0,551.6015,0.27580076
RS_0169,RS,summer,41,20.5,555.7745,0.27788723
RS_0169,RS,summer,42,21.0,678.47754,0.33923876
RS_0169,RS,summer,43,21.5,551.02026,0.27551013
RS_0169,RS,summer,44,22.0,340.74765,0.17037383
RS_0169,RS,summer,45,22.5,381.14816,0.19057408
RS_0169,RS,summer,46,23.0,385.7144,0.19285719
RS_0169,RS,summer,47,23.5,306.6188,0.1533094
RS_0170,RS,spring,0,0.0,220.50687,0.11025343
RS_0170,RS,spring,1,0.5,226.46172,0.113230854
RS_0170,RS,spring,2,1.0,264.186,0.132093
RS_0170,RS,spring,3,1.5,409.38962,0.20469481
RS_0170,RS,spring,4,2.0,564.92194,0.28246096
RS_0170,RS,spring,5,2.5,413.8642,0.2069321
RS_0170,RS,spring,6,3.0,329.20764,0.16460381
RS_0170,RS,spring,7,3.5,266.7253,0.13336265
RS_0170,RS,spring,8,4.0,297.5339,0.14876695
RS_0170,RS,spring,9,4.5,271.7541,0.13587704
RS_0170,RS,spring,10,5.0,272.69055,0.13634528
RS_0170,RS,spring,11,5.5,283.3715,0.14168574
RS_0170,RS,spring,12,6.0,379.08463,0.18954231
RS_0170,RS,spring,13,6.5,473.81747,0.23690873
RS_0170,RS,spring,14,7.0,679.0691,0.33953455
RS_0170,RS,spring,15,7.5,640.0782,0.3200391
RS_0170,RS,spring,16,8.0,580.2395,0.29011974
RS_0170,RS,spring,17,8.5,407.9548,0.2039774
RS_0170,RS,spring,18,9.0,330.5655,0.16528274
RS_0170,RS,spring,19,9.5,279.70312,0.13985156
RS_0170,RS,spring,20,10.0,252.61833,0.12630917
RS_0170,RS,spring,21,10.5,225.49336,0.11274668
RS_0170,RS,spring,22,11.0,266.4627,0.13323136
RS_0170,RS,spring,23,11.5,247.42749,0.12371375
RS_0170,RS,spring,24,12.0,285.29614,0.14264807
RS_0170,RS,spring,25,12.5,311.52582,0.15576291
RS_0170,RS,spring,26,13.0,349.2646,0.1746323
RS_0170,RS,spring,27,13.5,331.30972,0.16565487
RS_0170,RS,spring,28,14.0,338.72644,0.16936322
RS_0170,RS,spring,29,14.5,348.51498,0.17425749
RS_0170,RS,spring,30,15.0,428.96835,0.21448417
RS_0170,RS,spring,31,15.5,375.35953,0.18767977
RS_0170,RS,spring,32,16.0,434.25644,0.21712822
RS_0170,RS,spring,33,16.5,457.772,0.22888601
RS_0170,RS,spring,34,17.0,507.026,0.253513
RS_0170,RS,spring,35,17.5,563.5759,0.28178796
RS_0170,RS,spring,36,18.0,765.84845,0.38292423
RS_0170,RS,spring,37,18.5,994.328,0.497164
RS_0170,RS,spring,38,19.0,1061.7261,0.53086305
RS_0170,RS,spring,39,19.5,957.3412,0.4786706
RS_0170,RS,spring,40,20.0,785.0541,0.39252704
RS_0170,RS,spring,41,20.5,561.12146,0.28056073
RS_0170,RS,spring,42,21.0,476.90485,0.23845242
RS_0170,RS,spring,43,21.5,377.4945,0.18874726
RS_0170,RS,spring,44,22.0,363.4717,0.18173586
RS_0170,RS,spring,45,22.5,277.6624,0.13883121
RS_0170,RS,spring,46,23.0,279.13724,0.13956861
RS_0170,RS,spring,47,23.5,260.11963,0.13005981
RS_0171,RS,winter,0,0.0,1258.9277,0.62946385
RS_0171,RS,winter,1,0.5,1261.9232,0.6309616
RS_0171,RS,winter,2,1.0,1472.6322,0.7363161
RS_0171,RS,winter,3,1.5,1297.2812,0.64864063
RS_0171,RS,winter,4,2.0,1290.2935,0.6451467
RS_0171,RS,winter,5,2.5,1249.9865,0.6249932
RS_0171,RS,winter,6,3.0,1141.372,0.570686
RS_0171,RS,winter,7,3.5,1076.0455,0.53802276
RS_0171,RS,winter,8,4.0,1212.2535,0.6061268
RS_0171,RS,winter,9,4.5,1102.9421,0.55147105
RS_0171,RS,winter,10,5.0,895.3477,0.44767386
RS_0171,RS,winter,11,5.5,772.3204,0.3861602
RS_0171,RS,winter,12,6.0,653.15173,0.32657588
RS_0171,RS,winter,13,6.5,623.23016,0.31161508
RS_0171,RS,winter,14,7.0,517.5563,0.25877813
RS_0171,RS,winter,15,7.5,413.40393,0.20670196
RS_0171,RS,winter,16,8.0,310.27057,0.15513529
RS_0171,RS,winter,17,8.5,353.83878,0.17691939
RS_0171,RS,winter,18,9.0,391.16214,0.19558106
RS_0171,RS,winter,19,9.5,388.4461,0.19422305
RS_0171,RS,winter,20,10.0,675.17786,0.33758894
RS_0171,RS,winter,21,10.5,702.59534,0.35129768
RS_0171,RS,winter,22,11.0,917.5566,0.4587783
RS_0171,RS,winter,23,11.5,1059.3784,0.5296892
RS_0171,RS,winter,24,12.0,1158.9756,0.5794878
RS_0171,RS,winter,25,12.5,1159.6384,0.5798192
RS_0171,RS,winter,26,13.0,872.642,0.43632102
RS_0171,RS,winter,27,13.5,965.7344,0.48286718
RS_0171,RS,winter,28,14.0,1045.3014,0.5226507
RS_0171,RS,winter,29,14.5,1192.9637,0.59648186
RS_0171,RS,winter,30,15.0,1115.1442,0.55757207
RS_0171,RS,winter,31,15.5,1082.0676,0.5410338
RS_0171,RS,winter,32,16.0,985.3841,0.49269205
RS_0171,RS,winter,33,16.5,821.31683,0.41065842
RS_0171,RS,winter,34,17.0,738.35046,0.36917523
RS_0171,RS,winter,35,17.5,663.32196,0.331661
RS_0171,RS,winter,36,18.0,655.8144,0.3279072
RS_0171,RS,winter,37,18.5,632.7723,0.31638613
RS_0171,RS,winter,38,19.0,592.43134,0.29621565
RS_0171,RS,winter,39,19.5,539.877,0.2699385
RS_0171,RS,winter,40,20.0,676.13745,0.33806872
RS_0171,RS,winter,41,20.5,645.3321,0.32266605
RS_0171,RS,winter,42,21.0,615.3184,0.3076592
RS_0171,RS,winter,43,21.5,545.66327,0.27283165
RS_0171,RS,winter,44,22.0,644.3989,0.32219946
RS_0171,RS,winter,45,22.5,830.59595,0.41529799
RS_0171,RS,winter,46,23.0,758.67755,0.37933877
RS_0171,RS,winter,47,23.5,748.9525,0.37447625
RS_0172,RS,summer,0,0.0,179.94473,0.08997237
RS_0172,RS,summer,1,0.5,69.98732,0.03499366
RS_0172,RS,summer,2,1.0,37.014606,0.018507304
RS_0172,RS,summer,3,1.5,24.960163,0.012480082
RS_0172,RS,summer,4,2.0,16.115425,0.008057713
RS_0172,RS,summer,5,2.5,42.44268,0.02122134
RS_0172,RS,summer,6,3.0,24.728666,0.0123643335
RS_0172,RS,summer,7,3.5,46.417084,0.023208542
RS_0172,RS,summer,8,4.0,49.9237,0.02496185
RS_0172,RS,summer,9,4.5,47.338425,0.023669213
RS_0172,RS,summer,10,5.0,41.91208,0.02095604
RS_0172,RS,summer,11,5.5,69.63107,0.034815535
RS_0172,RS,summer,12,6.0,106.82279,0.053411394
RS_0172,RS,summer,13,6.5,169.20935,0.08460467
RS_0172,RS,summer,14,7.0,233.8561,0.11692805
RS_0172,RS,summer,15,7.5,441.95627,0.22097814
RS_0172,RS,summer,16,8.0,365.76532,0.18288267
RS_0172,RS,summer,17,8.5,255.315,0.1276575
RS_0172,RS,summer,18,9.0,397.2704,0.19863519
RS_0172,RS,summer,19,9.5,244.9302,0.122465104
RS_0172,RS,summer,20,10.0,145.31134,0.07265567
RS_0172,RS,summer,21,10.5,106.63863,0.053319316
RS_0172,RS,summer,22,11.0,129.4664,0.0647332
RS_0172,RS,summer,23,11.5,325.30524,0.16265261
RS_0172,RS,summer,24,12.0,443.1646,0.22158231
RS_0172,RS,summer,25,12.5,299.77466,0.14988732
RS_0172,RS,summer,26,13.0,361.70264,0.18085133
RS_0172,RS,summer,27,13.5,493.22717,0.24661359
RS_0172,RS,summer,28,14.0,220.81,0.110405
RS_0172,RS,summer,29,14.5,305.13705,0.15256853
RS_0172,RS,summer,30,15.0,476.4099,0.23820496
RS_0172,RS,summer,31,15.5,610.68695,0.30534348
RS_0172,RS,summer,32,16.0,510.05362,0.25502682
RS_0172,RS,summer,33,16.5,443.98395,0.22199197
RS_0172,RS,summer,34,17.0,405.33554,0.20266777
RS_0172,RS,summer,35,17.5,272.61133,0.13630566
RS_0172,RS,summer,36,18.0,152.66257,0.07633128
RS_0172,RS,summer,37,18.5,175.66653,0.08783327
RS_0172,RS,summer,38,19.0,115.04121,0.057520602
RS_0172,RS,summer,39,19.5,132.42625,0.06621312
RS_0172,RS,summer,40,20.0,220.64696,0.11032348
RS_0172,RS,summer,41,20.5,288.2294,0.1441147
RS_0172,RS,summer,42,21.0,154.59404,0.07729702
RS_0172,RS,summer,43,21.5,131.42783,0.06571391
RS_0172,RS,summer,44,22.0,452.44315,0.22622158
RS_0172,RS,summer,45,22.5,1829.7129,0.91485643
RS_0172,RS,summer,46,23.0,1773.76,0.88688
RS_0172,RS,summer,47,23.5,807.7292,0.4038646
RS_0173,RS,winter,0,0.0,501.15927,0.25057963
RS_0173,RS,winter,1,0.5,390.5717,0.19528584
RS_0173,RS,winter,2,1.0,347.75,0.173875
RS_0173,RS,winter,3,1.5,333.67868,0.16683935
RS_0173,RS,winter,4,2.0,337.25436,0.16862719
RS_0173,RS,winter,5,2.5,366.16656,0.18308328
RS_0173,RS,winter,6,3.0,518.16614,0.25908306
RS_0173,RS,winter,7,3.5,627.9848,0.3139924
RS_0173,RS,winter,8,4.0,873.6958,0.4368479
RS_0173,RS,winter,9,4.5,834.9837,0.41749185
RS_0173,RS,winter,10,5.0,892.57513,0.44628757
RS_0173,RS,winter,11,5.5,877.0619,0.43853095
RS_0173,RS,winter,12,6.0,974.42523,0.48721263
RS_0173,RS,winter,13,6.5,919.122,0.459561
RS_0173,RS,winter,14,7.0,887.5135,0.44375676
RS_0173,RS,winter,15,7.5,920.3935,0.46019673
RS_0173,RS,winter,16,8.0,1076.6343,0.53831714
RS_0173,RS,winter,17,8.5,1147.0879,0.57354397
RS_0173,RS,winter,18,9.0,1231.7991,0.61589956
RS_0173,RS,winter,19,9.5,1343.9082,0.6719541
RS_0173,RS,winter,20,10.0,1524.5824,0.7622912
RS_0173,RS,winter,21,10.5,1460.4122,0.73020613
RS_0173,RS,winter,22,11.0,1428.1367,0.71406835
RS_0173,RS,winter,23,11.5,1124.7009,0.56235045
RS_0173,RS,winter,24,12.0,1039.9866,0.5199933
RS_0173,RS,winter,25,12.5,684.6154,0.34230772
RS_0173,RS,winter,26,13.0,702.32764,0.3511638
RS_0173,RS,winter,27,13.5,607.8489,0.30392444
RS_0173,RS,winter,28,14.0,532.43585,0.26621792
RS_0173,RS,winter,29,14.5,571.1417,0.28557086
RS_0173,RS,winter,30,15.0,511.88556,0.2559428
RS_0173,RS,winter,31,15.5,492.1758,0.24608791
RS_0173,RS,winter,32,16.0,503.6981,0.25184906
RS_0173,RS,winter,33,16.5,497.54544,0.24877273
RS_0173,RS,winter,34,17.0,545.0948,0.2725474
RS_0173,RS,winter,35,17.5,551.44794,0.27572396
RS_0173,RS,winter,36,18.0,680.73535,0.34036767
RS_0173,RS,winter,37,18.5,762.7601,0.38138002
RS_0173,RS,winter,38,19.0,826.8323,0.41341615
RS_0173,RS,winter,39,19.5,826.895,0.4134475
RS_0173,RS,winter,40,20.0,828.4377,0.41421884
RS_0173,RS,winter,41,20.5,827.4688,0.4137344
RS_0173,RS,winter,42,21.0,930.7728,0.46538642
RS_0173,RS,winter,43,21.5,842.48584,0.42124292
RS_0173,RS,winter,44,22.0,975.8561,0.48792803
RS_0173,RS,winter,45,22.5,1186.2572,0.5931286
RS_0173,RS,winter,46,23.0,1181.9144,0.5909572
RS_0173,RS,winter,47,23.5,926.80615,0.46340308
RS_0174,RS,winter,0,0.0,18.219442,0.0091097215
RS_0174,RS,winter,1,0.5,16.28612,0.00814306
RS_0174,RS,winter,2,1.0,16.099915,0.008049957
RS_0174,RS,winter,3,1.5,11.883772,0.005941886
RS_0174,RS,winter,4,2.0,9.829152,0.004914576
RS_0174,RS,winter,5,2.5,15.673347,0.007836673
RS_0174,RS,winter,6,3.0,11.33917,0.0056695854
RS_0174,RS,winter,7,3.5,11.465478,0.005732739
RS_0174,RS,winter,8,4.0,6.502084,0.003251042
RS_0174,RS,winter,9,4.5,8.768721,0.0043843603
RS_0174,RS,winter,10,5.0,8.896079,0.0044480395
RS_0174,RS,winter,11,5.5,9.665581,0.0048327902
RS_0174,RS,winter,12,6.0,6.7338266,0.0033669134
RS_0174,RS,winter,13,6.5,8.989713,0.0044948566
RS_0174,RS,winter,14,7.0,16.34991,0.008174955
RS_0174,RS,winter,15,7.5,58.768764,0.029384382
RS_0174,RS,winter,16,8.0,89.27194,0.04463597
RS_0174,RS,winter,17,8.5,65.00879,0.032504395
RS_0174,RS,winter,18,9.0,43.103855,0.021551928
RS_0174,RS,winter,19,9.5,40.033043,0.020016521
RS_0174,RS,winter,20,10.0,26.700573,0.0133502865
RS_0174,RS,winter,21,10.5,52.18657,0.026093286
RS_0174,RS,winter,22,11.0,11.56623,0.005783115
RS_0174,RS,winter,23,11.5,7.3229218,0.003661461
RS_0174,RS,winter,24,12.0,21.65047,0.010825235
RS_0174,RS,winter,25,12.5,9.485227,0.0047426135
RS_0174,RS,winter,26,13.0,7.299367,0.0036496834
RS_0174,RS,winter,27,13.5,3.816269,0.0019081344
RS_0174,RS,winter,28,14.0,5.5300946,0.0027650474
RS_0174,RS,winter,29,14.5,2.9666128,0.0014833064
RS_0174,RS,winter,30,15.0,2.6770952,0.0013385476
RS_0174,RS,winter,31,15.5,14.551556,0.007275778
RS_0174,RS,winter,32,16.0,8.880995,0.0044404976
RS_0174,RS,winter,33,16.5,10.266533,0.0051332666
RS_0174,RS,winter,34,17.0,14.415345,0.0072076726
RS_0174,RS,winter,35,17.5,21.747055,0.010873527
RS_0174,RS,winter,36,18.0,41.639484,0.020819742
RS_0174,RS,winter,37,18.5,47.32366,0.023661831
RS_0174,RS,winter,38,19.0,19.78018,0.00989009
RS_0174,RS,winter,39,19.5,23.970871,0.011985435
RS_0174,RS,winter,40,20.0,9.401918,0.004700959
RS_0174,RS,winter,41,20.5,33.500156,0.016750079
RS_0174,RS,winter,42,21.0,15.299871,0.007649936
RS_0174,RS,winter,43,21.5,18.53726,0.00926863
RS_0174,RS,winter,44,22.0,20.887403,0.010443701
RS_0174,RS,winter,45,22.5,20.757214,0.010378607
RS_0174,RS,winter,46,23.0,31.301144,0.015650572
RS_0174,RS,winter,47,23.5,34.78875,0.017394375
RS_0175,RS,winter,0,0.0,763.5643,0.38178214
RS_0175,RS,winter,1,0.5,635.21124,0.3176056
RS_0175,RS,winter,2,1.0,578.77325,0.28938663
RS_0175,RS,winter,3,1.5,461.19232,0.23059615
RS_0175,RS,winter,4,2.0,516.7538,0.2583769
RS_0175,RS,winter,5,2.5,437.1885,0.21859425
RS_0175,RS,winter,6,3.0,466.65857,0.23332928
RS_0175,RS,winter,7,3.5,449.7588,0.2248794
RS_0175,RS,winter,8,4.0,630.6152,0.3153076
RS_0175,RS,winter,9,4.5,625.88763,0.31294382
RS_0175,RS,winter,10,5.0,648.9974,0.32449868
RS_0175,RS,winter,11,5.5,673.1258,0.3365629
RS_0175,RS,winter,12,6.0,909.2122,0.45460612
RS_0175,RS,winter,13,6.5,950.9858,0.4754929
RS_0175,RS,winter,14,7.0,777.5261,0.38876307
RS_0175,RS,winter,15,7.5,623.6941,0.31184703
RS_0175,RS,winter,16,8.0,590.0428,0.29502138
RS_0175,RS,winter,17,8.5,558.08185,0.27904093
RS_0175,RS,winter,18,9.0,487.06882,0.24353442
RS_0175,RS,winter,19,9.5,470.58768,0.23529384
RS_0175,RS,winter,20,10.0,539.9593,0.26997966
RS_0175,RS,winter,21,10.5,499.8646,0.2499323
RS_0175,RS,winter,22,11.0,676.23364,0.33811682
RS_0175,RS,winter,23,11.5,707.173,0.3535865
RS_0175,RS,winter,24,12.0,780.29706,0.39014852
RS_0175,RS,winter,25,12.5,819.6286,0.4098143
RS_0175,RS,winter,26,13.0,702.4192,0.35120958
RS_0175,RS,winter,27,13.5,565.8913,0.28294566
RS_0175,RS,winter,28,14.0,680.62775,0.34031388
RS_0175,RS,winter,29,14.5,600.317,0.3001585
RS_0175,RS,winter,30,15.0,621.15125,0.31057563
RS_0175,RS,winter,31,15.5,752.03314,0.37601656
RS_0175,RS,winter,32,16.0,761.42175,0.38071087
RS_0175,RS,winter,33,16.5,734.08496,0.36704248
RS_0175,RS,winter,34,17.0,766.77594,0.38338798
RS_0175,RS,winter,35,17.5,672.8077,0.33640385
RS_0175,RS,winter,36,18.0,760.3729,0.38018647
RS_0175,RS,winter,37,18.5,793.1049,0.39655247
RS_0175,RS,winter,38,19.0,656.0594,0.3280297
RS_0175,RS,winter,39,19.5,548.83594,0.27441797
RS_0175,RS,winter,40,20.0,568.15045,0.28407523
RS_0175,RS,winter,41,20.5,538.06616,0.26903307
RS_0175,RS,winter,42,21.0,472.83182,0.23641591
RS_0175,RS,winter,43,21.5,359.37512,0.17968756
RS_0175,RS,winter,44,22.0,342.85974,0.17142987
RS_0175,RS,winter,45,22.5,375.08917,0.18754458
RS_0175,RS,winter,46,23.0,383.5046,0.1917523
RS_0175,RS,winter,47,23.5,502.35605,0.25117803
RS_0176,RS,winter,0,0.0,106.18561,0.053092804
RS_0176,RS,winter,1,0.5,120.76071,0.060380355
RS_0176,RS,winter,2,1.0,120.23796,0.06011898
RS_0176,RS,winter,3,1.5,124.010445,0.06200522
RS_0176,RS,winter,4,2.0,111.3999,0.055699952
RS_0176,RS,winter,5,2.5,106.091606,0.0530458
RS_0176,RS,winter,6,3.0,142.97447,0.07148723
RS_0176,RS,winter,7,3.5,109.45903,0.054729514
RS_0176,RS,winter,8,4.0,113.02555,0.056512777
RS_0176,RS,winter,9,4.5,115.32347,0.057661735
RS_0176,RS,winter,10,5.0,122.56546,0.06128273
RS_0176,RS,winter,11,5.5,108.89264,0.05444632
RS_0176,RS,winter,12,6.0,139.6611,0.06983055
RS_0176,RS,winter,13,6.5,159.84337,0.079921685
RS_0176,RS,winter,14,7.0,187.25604,0.09362802
RS_0176,RS,winter,15,7.5,191.29347,0.09564674
RS_0176,RS,winter,16,8.0,219.5134,0.1097567
RS_0176,RS,winter,17,8.5,241.23843,0.120619215
RS_0176,RS,winter,18,9.0,273.45898,0.1367295
RS_0176,RS,winter,19,9.5,199.54951,0.099774756
RS_0176,RS,winter,20,10.0,178.6708,0.089335404
RS_0176,RS,winter,21,10.5,191.01566,0.09550783
RS_0176,RS,winter,22,11.0,219.64644,0.10982322
RS_0176,RS,winter,23,11.5,181.90157,0.09095078
RS_0176,RS,winter,24,12.0,197.08803,0.09854402
RS_0176,RS,winter,25,12.5,206.7644,0.1033822
RS_0176,RS,winter,26,13.0,177.30295,0.08865147
RS_0176,RS,winter,27,13.5,152.90198,0.07645099
RS_0176,RS,winter,28,14.0,158.3146,0.0791573
RS_0176,RS,winter,29,14.5,173.59824,0.086799115
RS_0176,RS,winter,30,15.0,163.31232,0.08165616
RS_0176,RS,winter,31,15.5,152.75308,0.07637654
RS_0176,RS,winter,32,16.0,186.69243,0.093346216
RS_0176,RS,winter,33,16.5,211.12775,0.10556387
RS_0176,RS,winter,34,17.0,259.18274,0.12959138
RS_0176,RS,winter,35,17.5,233.01466,0.11650733
RS_0176,RS,winter,36,18.0,285.06265,0.14253132
RS_0176,RS,winter,37,18.5,308.75708,0.15437853
RS_0176,RS,winter,38,19.0,374.16565,0.18708283
RS_0176,RS,winter,39,19.5,303.83594,0.15191796
RS_0176,RS,winter,40,20.0,298.21826,0.14910913
RS_0176,RS,winter,41,20.5,275.15732,0.13757867
RS_0176,RS,winter,42,21.0,278.57544,0.13928773
RS_0176,RS,winter,43,21.5,240.36343,0.12018172
RS_0176,RS,winter,44,22.0,218.85059,0.10942529
RS_0176,RS,winter,45,22.5,173.19084,0.08659542
RS_0176,RS,winter,46,23.0,163.10606,0.081553034
RS_0176,RS,winter,47,23.5,146.90294,0.07345147
RS_0177,RS,winter,0,0.0,1238.4608,0.6192304
RS_0177,RS,winter,1,0.5,1047.1125,0.5235563
RS_0177,RS,winter,2,1.0,949.37744,0.4746887
RS_0177,RS,winter,3,1.5,894.02625,0.4470131
RS_0177,RS,winter,4,2.0,991.687,0.4958435
RS_0177,RS,winter,5,2.5,914.6978,0.4573489
RS_0177,RS,winter,6,3.0,810.143,0.4050715
RS_0177,RS,winter,7,3.5,713.6276,0.35681382
RS_0177,RS,winter,8,4.0,738.9765,0.36948824
RS_0177,RS,winter,9,4.5,744.9157,0.37245786
RS_0177,RS,winter,10,5.0,805.3295,0.40266475
RS_0177,RS,winter,11,5.5,743.82385,0.3719119
RS_0177,RS,winter,12,6.0,850.96564,0.4254828
RS_0177,RS,winter,13,6.5,781.3652,0.39068258
RS_0177,RS,winter,14,7.0,691.59326,0.34579664
RS_0177,RS,winter,15,7.5,895.2776,0.44763878
RS_0177,RS,winter,16,8.0,1302.8275,0.65141374
RS_0177,RS,winter,17,8.5,1386.9092,0.69345456
RS_0177,RS,winter,18,9.0,1786.561,0.8932805
RS_0177,RS,winter,19,9.5,1664.8246,0.8324123
RS_0177,RS,winter,20,10.0,1491.5835,0.74579173
RS_0177,RS,winter,21,10.5,1347.6632,0.6738316
RS_0177,RS,winter,22,11.0,1019.72595,0.50986296
RS_0177,RS,winter,23,11.5,831.42395,0.41571197
RS_0177,RS,winter,24,12.0,631.112,0.315556
RS_0177,RS,winter,25,12.5,393.98904,0.19699453
RS_0177,RS,winter,26,13.0,285.63943,0.14281972
RS_0177,RS,winter,27,13.5,286.4948,0.14324741
RS_0177,RS,winter,28,14.0,287.5709,0.14378545
RS_0177,RS,winter,29,14.5,349.81082,0.1749054
RS_0177,RS,winter,30,15.0,328.41803,0.16420901
RS_0177,RS,winter,31,15.5,360.65332,0.18032666
RS_0177,RS,winter,32,16.0,369.867,0.1849335
RS_0177,RS,winter,33,16.5,470.5661,0.23528305
RS_0177,RS,winter,34,17.0,530.5544,0.26527718
RS_0177,RS,winter,35,17.5,524.33875,0.26216936
RS_0177,RS,winter,36,18.0,780.2464,0.3901232
RS_0177,RS,winter,37,18.5,902.8798,0.45143992
RS_0177,RS,winter,38,19.0,1062.7345,0.53136724
RS_0177,RS,winter,39,19.5,1196.7574,0.5983787
RS_0177,RS,winter,40,20.0,1338.0422,0.6690211
RS_0177,RS,winter,41,20.5,1381.414,0.69070697
RS_0177,RS,winter,42,21.0,1496.3125,0.74815625
RS_0177,RS,winter,43,21.5,1475.3175,0.73765874
RS_0177,RS,winter,44,22.0,1516.6346,0.75831735
RS_0177,RS,winter,45,22.5,1704.3765,0.8521882
RS_0177,RS,winter,46,23.0,1708.7253,0.85436267
RS_0177,RS,winter,47,23.5,1662.4379,0.83121896
RS_0178,RS,autumn,0,0.0,220.73375,0.11036687
RS_0178,RS,autumn,1,0.5,220.3471,0.11017355
RS_0178,RS,autumn,2,1.0,265.37134,0.13268568
RS_0178,RS,autumn,3,1.5,289.46915,0.14473458
RS_0178,RS,autumn,4,2.0,341.49643,0.17074822
RS_0178,RS,autumn,5,2.5,236.10657,0.11805329
RS_0178,RS,autumn,6,3.0,226.8323,0.11341615
RS_0178,RS,autumn,7,3.5,213.17984,0.10658992
RS_0178,RS,autumn,8,4.0,169.9347,0.084967345
RS_0178,RS,autumn,9,4.5,209.3358,0.1046679
RS_0178,RS,autumn,10,5.0,201.43167,0.10071584
RS_0178,RS,autumn,11,5.5,237.18591,0.118592955
RS_0178,RS,autumn,12,6.0,315.1255,0.15756275
RS_0178,RS,autumn,13,6.5,531.30664,0.2656533
RS_0178,RS,autumn,14,7.0,751.7194,0.3758597
RS_0178,RS,autumn,15,7.5,497.3118,0.2486559
RS_0178,RS,autumn,16,8.0,301.93454,0.15096727
RS_0178,RS,autumn,17,8.5,186.9027,0.09345135
RS_0178,RS,autumn,18,9.0,91.063545,0.045531772
RS_0178,RS,autumn,19,9.5,53.575478,0.02678774
RS_0178,RS,autumn,20,10.0,33.493233,0.016746616
RS_0178,RS,autumn,21,10.5,38.88736,0.01944368
RS_0178,RS,autumn,22,11.0,50.141514,0.025070757
RS_0178,RS,autumn,23,11.5,80.981544,0.040490773
RS_0178,RS,autumn,24,12.0,156.67642,0.07833821
RS_0178,RS,autumn,25,12.5,168.85156,0.084425785
RS_0178,RS,autumn,26,13.0,117.221176,0.05861059
RS_0178,RS,autumn,27,13.5,81.82583,0.040912915
RS_0178,RS,autumn,28,14.0,34.983627,0.017491814
RS_0178,RS,autumn,29,14.5,38.65342,0.01932671
RS_0178,RS,autumn,30,15.0,37.49928,0.01874964
RS_0178,RS,autumn,31,15.5,43.088757,0.021544378
RS_0178,RS,autumn,32,16.0,50.527557,0.025263779
RS_0178,RS,autumn,33,16.5,70.17577,0.035087887
RS_0178,RS,autumn,34,17.0,89.14543,0.044572715
RS_0178,RS,autumn,35,17.5,109.267,0.0546335
RS_0178,RS,autumn,36,18.0,144.67332,0.07233666
RS_0178,RS,autumn,37,18.5,196.60332,0.09830166
RS_0178,RS,autumn,38,19.0,304.75134,0.15237567
RS_0178,RS,autumn,39,19.5,381.56387,0.19078194
RS_0178,RS,autumn,40,20.0,292.716,0.146358
RS_0178,RS,autumn,41,20.5,313.38052,0.15669025
RS_0178,RS,autumn,42,21.0,308.4177,0.15420885
RS_0178,RS,autumn,43,21.5,292.06897,0.14603448
RS_0178,RS,autumn,44,22.0,273.51346,0.13675673
RS_0178,RS,autumn,45,22.5,316.37973,0.15818986
RS_0178,RS,autumn,46,23.0,266.91037,0.13345519
RS_0178,RS,autumn,47,23.5,209.39438,0.10469719
RS_0179,RS,spring,0,0.0,76.0344,0.038017202
RS_0179,RS,spring,1,0.5,82.48822,0.041244112
RS_0179,RS,spring,2,1.0,72.553024,0.03627651
RS_0179,RS,spring,3,1.5,67.066956,0.033533476
RS_0179,RS,spring,4,2.0,63.485474,0.031742737
RS_0179,RS,spring,5,2.5,64.061005,0.0320305
RS_0179,RS,spring,6,3.0,73.419655,0.036709826
RS_0179,RS,spring,7,3.5,69.30413,0.034652065
RS_0179,RS,spring,8,4.0,76.180336,0.03809017
RS_0179,RS,spring,9,4.5,61.817966,0.030908983
RS_0179,RS,spring,10,5.0,67.07137,0.033535685
RS_0179,RS,spring,11,5.5,88.88871,0.044444356
RS_0179,RS,spring,12,6.0,241.8982,0.1209491
RS_0179,RS,spring,13,6.5,310.63696,0.15531848
RS_0179,RS,spring,14,7.0,287.63477,0.14381738
RS_0179,RS,spring,15,7.5,210.97032,0.10548516
RS_0179,RS,spring,16,8.0,157.87347,0.07893674
RS_0179,RS,spring,17,8.5,112.18201,0.056091003
RS_0179,RS,spring,18,9.0,116.428215,0.058214106
RS_0179,RS,spring,19,9.5,104.928474,0.052464236
RS_0179,RS,spring,20,10.0,99.11977,0.049559884
RS_0179,RS,spring,21,10.5,96.15617,0.048078086
RS_0179,RS,spring,22,11.0,133.32297,0.066661485
RS_0179,RS,spring,23,11.5,150.9621,0.07548105
RS_0179,RS,spring,24,12.0,130.59528,0.06529764
RS_0179,RS,spring,25,12.5,114.86516,0.05743258
RS_0179,RS,spring,26,13.0,97.89182,0.04894591
RS_0179,RS,spring,27,13.5,74.79096,0.03739548
RS_0179,RS,spring,28,14.0,72.06374,0.036031872
RS_0179,RS,spring,29,14.5,67.471985,0.033735994
RS_0179,RS,spring,30,15.0,80.52734,0.04026367
RS_0179,RS,spring,31,15.5,91.836235,0.04591812
RS_0179,RS,spring,32,16.0,107.862785,0.053931393
RS_0179,RS,spring,33,16.5,121.52175,0.060760874
RS_0179,RS,spring,34,17.0,125.43916,0.06271958
RS_0179,RS,spring,35,17.5,120.83563,0.060417816
RS_0179,RS,spring,36,18.0,142.69547,0.071347736
RS_0179,RS,spring,37,18.5,195.55624,0.09777812
RS_0179,RS,spring,38,19.0,215.60803,0.107804015
RS_0179,RS,spring,39,19.5,179.68417,0.08984209
RS_0179,RS,spring,40,20.0,166.71815,0.08335908
RS_0179,RS,spring,41,20.5,134.11104,0.067055516
RS_0179,RS,spring,42,21.0,159.72375,0.07986188
RS_0179,RS,spring,43,21.5,161.99655,0.08099828
RS_0179,RS,spring,44,22.0,139.09007,0.06954504
RS_0179,RS,spring,45,22.5,109.61958,0.05480979
RS_0179,RS,spring,46,23.0,115.71901,0.057859506
RS_0179,RS,spring,47,23.5,102.80164,0.05140082
RS_0180,RS,winter,0,0.0,319.58557,0.15979278
RS_0180,RS,winter,1,0.5,307.864,0.153932
RS_0180,RS,winter,2,1.0,317.67798,0.15883899
RS_0180,RS,winter,3,1.5,272.02747,0.13601373
RS_0180,RS,winter,4,2.0,319.0035,0.15950176
RS_0180,RS,winter,5,2.5,331.87354,0.16593677
RS_0180,RS,winter,6,3.0,513.152,0.256576
RS_0180,RS,winter,7,3.5,538.7254,0.2693627
RS_0180,RS,winter,8,4.0,594.79004,0.29739502
RS_0180,RS,winter,9,4.5,625.5206,0.31276032
RS_0180,RS,winter,10,5.0,584.4857,0.29224285
RS_0180,RS,winter,11,5.5,397.25406,0.19862702
RS_0180,RS,winter,12,6.0,369.2823,0.18464114
RS_0180,RS,winter,13,6.5,352.9796,0.1764898
RS_0180,RS,winter,14,7.0,320.32416,0.16016208
RS_0180,RS,winter,15,7.5,233.04446,0.11652223
RS_0180,RS,winter,16,8.0,187.72485,0.09386243
RS_0180,RS,winter,17,8.5,326.7411,0.16337055
RS_0180,RS,winter,18,9.0,370.56317,0.18528159
RS_0180,RS,winter,19,9.5,456.33875,0.22816937
RS_0180,RS,winter,20,10.0,490.27655,0.24513827
RS_0180,RS,winter,21,10.5,533.92316,0.26696157
RS_0180,RS,winter,22,11.0,575.7311,0.28786555
RS_0180,RS,winter,23,11.5,173.29652,0.08664826
RS_0180,RS,winter,24,12.0,252.14676,0.12607338
RS_0180,RS,winter,25,12.5,62.97806,0.03148903
RS_0180,RS,winter,26,13.0,61.5736,0.030786801
RS_0180,RS,winter,27,13.5,19.991497,0.009995748
RS_0180,RS,winter,28,14.0,42.587597,0.021293798
RS_0180,RS,winter,29,14.5,41.0541,0.02052705
RS_0180,RS,winter,30,15.0,77.788414,0.038894206
RS_0180,RS,winter,31,15.5,147.4409,0.07372045
RS_0180,RS,winter,32,16.0,141.4877,0.07074385
RS_0180,RS,winter,33,16.5,187.2406,0.0936203
RS_0180,RS,winter,34,17.0,279.4004,0.13970019
RS_0180,RS,winter,35,17.5,317.97064,0.15898532
RS_0180,RS,winter,36,18.0,517.4967,0.25874835
RS_0180,RS,winter,37,18.5,478.18018,0.23909009
RS_0180,RS,winter,38,19.0,563.55005,0.28177503
RS_0180,RS,winter,39,19.5,515.55066,0.25777534
RS_0180,RS,winter,40,20.0,441.16617,0.22058308
RS_0180,RS,winter,41,20.5,383.2909,0.19164544
RS_0180,RS,winter,42,21.0,391.49066,0.19574533
RS_0180,RS,winter,43,21.5,301.43268,0.15071633
RS_0180,RS,winter,44,22.0,302.38788,0.15119395
RS_0180,RS,winter,45,22.5,238.45326,0.119226635
RS_0180,RS,winter,46,23.0,213.99239,0.10699619
RS_0180,RS,winter,47,23.5,196.59851,0.09829926
RS_0181,RS,winter,0,0.0,729.3299,0.36466494
RS_0181,RS,winter,1,0.5,594.2156,0.2971078
RS_0181,RS,winter,2,1.0,571.7971,0.28589857
RS_0181,RS,winter,3,1.5,501.93472,0.25096735
RS_0181,RS,winter,4,2.0,536.9094,0.2684547
RS_0181,RS,winter,5,2.5,509.91156,0.25495577
RS_0181,RS,winter,6,3.0,487.30136,0.24365067
RS_0181,RS,winter,7,3.5,474.20547,0.23710273
RS_0181,RS,winter,8,4.0,531.1907,0.26559535
RS_0181,RS,winter,9,4.5,532.7445,0.26637226
RS_0181,RS,winter,10,5.0,574.4477,0.28722385
RS_0181,RS,winter,11,5.5,584.81494,0.29240748
RS_0181,RS,winter,12,6.0,727.49585,0.36374792
RS_0181,RS,winter,13,6.5,726.2561,0.36312807
RS_0181,RS,winter,14,7.0,713.1422,0.3565711
RS_0181,RS,winter,15,7.5,749.254,0.37462702
RS_0181,RS,winter,16,8.0,887.3072,0.44365358
RS_0181,RS,winter,17,8.5,895.6324,0.4478162
RS_0181,RS,winter,18,9.0,953.1931,0.47659656
RS_0181,RS,winter,19,9.5,884.38635,0.44219318
RS_0181,RS,winter,20,10.0,1005.76825,0.50288415
RS_0181,RS,winter,21,10.5,1058.0302,0.52901506
RS_0181,RS,winter,22,11.0,1149.09,0.57454497
RS_0181,RS,winter,23,11.5,1026.8579,0.5134289
RS_0181,RS,winter,24,12.0,918.1862,0.45909312
RS_0181,RS,winter,25,12.5,705.336,0.352668
RS_0181,RS,winter,26,13.0,559.2112,0.2796056
RS_0181,RS,winter,27,13.5,480.44232,0.24022116
RS_0181,RS,winter,28,14.0,429.0877,0.21454385
RS_0181,RS,winter,29,14.5,401.6658,0.2008329
RS_0181,RS,winter,30,15.0,387.49777,0.19374889
RS_0181,RS,winter,31,15.5,436.07,0.218035
RS_0181,RS,winter,32,16.0,509.88135,0.2549407
RS_0181,RS,winter,33,16.5,569.92975,0.28496486
RS_0181,RS,winter,34,17.0,690.6191,0.34530953
RS_0181,RS,winter,35,17.5,695.5046,0.3477523
RS_0181,RS,winter,36,18.0,859.45276,0.4297264
RS_0181,RS,winter,37,18.5,1035.8931,0.51794654
RS_0181,RS,winter,38,19.0,1082.3734,0.5411867
RS_0181,RS,winter,39,19.5,963.4497,0.48172486
RS_0181,RS,winter,40,20.0,908.5727,0.45428634
RS_0181,RS,winter,41,20.5,793.3117,0.39665586
RS_0181,RS,winter,42,21.0,793.6212,0.39681062
RS_0181,RS,winter,43,21.5,712.12134,0.35606068
RS_0181,RS,winter,44,22.0,796.7799,0.39838997
RS_0181,RS,winter,45,22.5,1080.7452,0.5403726
RS_0181,RS,winter,46,23.0,1192.0605,0.5960303
RS_0181,RS,winter,47,23.5,1028.718,0.514359
RS_0182,RS,autumn,0,0.0,286.42505,0.14321253
RS_0182,RS,autumn,1,0.5,267.7474,0.1338737
RS_0182,RS,autumn,2,1.0,356.58276,0.17829138
RS_0182,RS,autumn,3,1.5,461.67148,0.23083574
RS_0182,RS,autumn,4,2.0,443.4468,0.22172341
RS_0182,RS,autumn,5,2.5,291.91852,0.14595926
RS_0182,RS,autumn,6,3.0,275.67624,0.13783813
RS_0182,RS,autumn,7,3.5,250.64598,0.125323
RS_0182,RS,autumn,8,4.0,276.65875,0.13832937
RS_0182,RS,autumn,9,4.5,237.71417,0.118857086
RS_0182,RS,autumn,10,5.0,263.0296,0.1315148
RS_0182,RS,autumn,11,5.5,267.42032,0.13371016
RS_0182,RS,autumn,12,6.0,239.08769,0.11954384
RS_0182,RS,autumn,13,6.5,256.1195,0.12805976
RS_0182,RS,autumn,14,7.0,303.539,0.1517695
RS_0182,RS,autumn,15,7.5,335.8934,0.1679467
RS_0182,RS,autumn,16,8.0,413.9289,0.20696445
RS_0182,RS,autumn,17,8.5,390.48373,0.19524187
RS_0182,RS,autumn,18,9.0,398.57605,0.19928803
RS_0182,RS,autumn,19,9.5,367.0037,0.18350184
RS_0182,RS,autumn,20,10.0,359.77762,0.17988881
RS_0182,RS,autumn,21,10.5,294.73834,0.14736918
RS_0182,RS,autumn,22,11.0,334.467,0.16723351
RS_0182,RS,autumn,23,11.5,399.60684,0.19980343
RS_0182,RS,autumn,24,12.0,577.1284,0.2885642
RS_0182,RS,autumn,25,12.5,918.1152,0.4590576
RS_0182,RS,autumn,26,13.0,1067.4,0.5337
RS_0182,RS,autumn,27,13.5,941.86285,0.47093144
RS_0182,RS,autumn,28,14.0,867.2904,0.4336452
RS_0182,RS,autumn,29,14.5,673.79474,0.33689737
RS_0182,RS,autumn,30,15.0,588.34265,0.29417133
RS_0182,RS,autumn,31,15.5,467.2233,0.23361164
RS_0182,RS,autumn,32,16.0,470.56946,0.23528473
RS_0182,RS,autumn,33,16.5,467.86252,0.23393126
RS_0182,RS,autumn,34,17.0,513.5417,0.25677085
RS_0182,RS,autumn,35,17.5,475.10046,0.23755023
RS_0182,RS,autumn,36,18.0,638.45764,0.31922883
RS_0182,RS,autumn,37,18.5,733.9073,0.36695364
RS_0182,RS,autumn,38,19.0,924.70087,0.46235043
RS_0182,RS,autumn,39,19.5,887.4889,0.44374445
RS_0182,RS,autumn,40,20.0,862.1106,0.4310553
RS_0182,RS,autumn,41,20.5,723.03436,0.3615172
RS_0182,RS,autumn,42,21.0,627.7464,0.3138732
RS_0182,RS,autumn,43,21.5,512.2616,0.25613078
RS_0182,RS,autumn,44,22.0,476.31888,0.23815943
RS_0182,RS,autumn,45,22.5,441.09808,0.22054905
RS_0182,RS,autumn,46,23.0,367.6166,0.1838083
RS_0182,RS,autumn,47,23.5,316.02185,0.15801093
RS_0183,RS,summer,0,0.0,156.63597,0.078317985
RS_0183,RS,summer,1,0.5,146.8947,0.07344735
RS_0183,RS,summer,2,1.0,141.75674,0.07087837
RS_0183,RS,summer,3,1.5,165.93782,0.08296891
RS_0183,RS,summer,4,2.0,163.08917,0.081544586
RS_0183,RS,summer,5,2.5,124.1882,0.0620941
RS_0183,RS,summer,6,3.0,162.06985,0.08103493
RS_0183,RS,summer,7,3.5,176.92381,0.088461906
RS_0183,RS,summer,8,4.0,194.31523,0.09715761
RS_0183,RS,summer,9,4.5,176.3157,0.088157855
RS_0183,RS,summer,10,5.0,171.16367,0.08558183
RS_0183,RS,summer,11,5.5,190.73012,0.09536506
RS_0183,RS,summer,12,6.0,219.32683,0.10966341
RS_0183,RS,summer,13,6.5,154.04176,0.07702088
RS_0183,RS,summer,14,7.0,144.62868,0.07231434
RS_0183,RS,summer,15,7.5,140.20833,0.07010417
RS_0183,RS,summer,16,8.0,122.32171,0.061160855
RS_0183,RS,summer,17,8.5,98.42441,0.049212202
RS_0183,RS,summer,18,9.0,97.687096,0.048843548
RS_0183,RS,summer,19,9.5,135.76646,0.06788323
RS_0183,RS,summer,20,10.0,181.96176,0.09098088
RS_0183,RS,summer,21,10.5,179.16032,0.08958016
RS_0183,RS,summer,22,11.0,240.75252,0.12037626
RS_0183,RS,summer,23,11.5,238.78918,0.11939459
RS_0183,RS,summer,24,12.0,230.84305,0.115421526
RS_0183,RS,summer,25,12.5,170.68712,0.08534356
RS_0183,RS,summer,26,13.0,155.16518,0.07758259
RS_0183,RS,summer,27,13.5,170.41333,0.085206665
RS_0183,RS,summer,28,14.0,154.30702,0.07715351
RS_0183,RS,summer,29,14.5,139.95242,0.06997621
RS_0183,RS,summer,30,15.0,157.88899,0.0789445
RS_0183,RS,summer,31,15.5,170.1004,0.0850502
RS_0183,RS,summer,32,16.0,186.34488,0.09317244
RS_0183,RS,summer,33,16.5,166.70279,0.083351396
RS_0183,RS,summer,34,17.0,214.86389,0.10743195
RS_0183,RS,summer,35,17.5,232.88525,0.11644263
RS_0183,RS,summer,36,18.0,250.27332,0.12513666
RS_0183,RS,summer,37,18.5,260.29623,0.13014811
RS_0183,RS,summer,38,19.0,243.58601,0.12179301
RS_0183,RS,summer,39,19.5,215.41374,0.107706875
RS_0183,RS,summer,40,20.0,204.6859,0.10234295
RS_0183,RS,summer,41,20.5,177.1099,0.08855495
RS_0183,RS,summer,42,21.0,173.40768,0.086703844
RS_0183,RS,summer,43,21.5,205.95827,0.10297913
RS_0183,RS,summer,44,22.0,171.73509,0.08586755
RS_0183,RS,summer,45,22.5,167.05045,0.083525226
RS_0183,RS,summer,46,23.0,172.2723,0.08613615
RS_0183,RS,summer,47,23.5,153.23685,0.076618426
RS_0184,RS,spring,0,0.0,7.771678,0.003885839
RS_0184,RS,spring,1,0.5,6.4390006,0.0032195004
RS_0184,RS,spring,2,1.0,6.3026037,0.0031513018
RS_0184,RS,spring,3,1.5,6.0291386,0.0030145692
RS_0184,RS,spring,4,2.0,5.095357,0.0025476785
RS_0184,RS,spring,5,2.5,6.063193,0.0030315963
RS_0184,RS,spring,6,3.0,5.4490547,0.0027245274
RS_0184,RS,spring,7,3.5,5.531334,0.002765667
RS_0184,RS,spring,8,4.0,5.7067122,0.002853356
RS_0184,RS,spring,9,4.5,5.381192,0.002690596
RS_0184,RS,spring,10,5.0,6.550038,0.003275019
RS_0184,RS,spring,11,5.5,6.8489103,0.0034244552
RS_0184,RS,spring,12,6.0,5.963704,0.002981852
RS_0184,RS,spring,13,6.5,7.302387,0.0036511936
RS_0184,RS,spring,14,7.0,6.345245,0.0031726225
RS_0184,RS,spring,15,7.5,5.082425,0.0025412126
RS_0184,RS,spring,16,8.0,8.04561,0.004022805
RS_0184,RS,spring,17,8.5,8.973378,0.004486689
RS_0184,RS,spring,18,9.0,8.200368,0.004100184
RS_0184,RS,spring,19,9.5,7.1100445,0.0035550222
RS_0184,RS,spring,20,10.0,12.364119,0.006182059
RS_0184,RS,spring,21,10.5,20.349361,0.0101746805
RS_0184,RS,spring,22,11.0,14.173264,0.007086632
RS_0184,RS,spring,23,11.5,18.693544,0.009346772
RS_0184,RS,spring,24,12.0,45.018867,0.022509433
RS_0184,RS,spring,25,12.5,37.408962,0.018704481
RS_0184,RS,spring,26,13.0,17.527153,0.008763577
RS_0184,RS,spring,27,13.5,8.862961,0.0044314805
RS_0184,RS,spring,28,14.0,8.433455,0.004216728
RS_0184,RS,spring,29,14.5,6.740303,0.0033701516
RS_0184,RS,spring,30,15.0,6.4171395,0.0032085697
RS_0184,RS,spring,31,15.5,4.9327397,0.00246637
RS_0184,RS,spring,32,16.0,7.9194336,0.0039597168
RS_0184,RS,spring,33,16.5,6.9663167,0.0034831583
RS_0184,RS,spring,34,17.0,5.747474,0.0028737371
RS_0184,RS,spring,35,17.5,4.292851,0.0021464254
RS_0184,RS,spring,36,18.0,5.081024,0.002540512
RS_0184,RS,spring,37,18.5,3.511176,0.0017555881
RS_0184,RS,spring,38,19.0,2.9585483,0.0014792741
RS_0184,RS,spring,39,19.5,4.7115765,0.0023557881
RS_0184,RS,spring,40,20.0,3.4796848,0.0017398425
RS_0184,RS,spring,41,20.5,5.017538,0.002508769
RS_0184,RS,spring,42,21.0,4.4830856,0.0022415428
RS_0184,RS,spring,43,21.5,3.2576752,0.0016288375
RS_0184,RS,spring,44,22.0,4.1517863,0.002075893
RS_0184,RS,spring,45,22.5,3.7800941,0.0018900471
RS_0184,RS,spring,46,23.0,5.7658224,0.0028829111
RS_0184,RS,spring,47,23.5,5.4511476,0.0027255737
RS_0185,RS,autumn,0,0.0,483.01068,0.24150534
RS_0185,RS,autumn,1,0.5,478.46475,0.23923238
RS_0185,RS,autumn,2,1.0,550.0291,0.27501455
RS_0185,RS,autumn,3,1.5,642.5308,0.3212654
RS_0185,RS,autumn,4,2.0,825.10236,0.41255116
RS_0185,RS,autumn,5,2.5,770.72644,0.38536322
RS_0185,RS,autumn,6,3.0,1009.20514,0.50460255
RS_0185,RS,autumn,7,3.5,1051.8612,0.5259306
RS_0185,RS,autumn,8,4.0,1092.0133,0.5460067
RS_0185,RS,autumn,9,4.5,957.88696,0.47894347
RS_0185,RS,autumn,10,5.0,971.1442,0.4855721
RS_0185,RS,autumn,11,5.5,870.3613,0.43518066
RS_0185,RS,autumn,12,6.0,790.9665,0.39548326
RS_0185,RS,autumn,13,6.5,745.9215,0.37296075
RS_0185,RS,autumn,14,7.0,794.10596,0.39705297
RS_0185,RS,autumn,15,7.5,757.81445,0.37890723
RS_0185,RS,autumn,16,8.0,910.6639,0.45533195
RS_0185,RS,autumn,17,8.5,1170.6656,0.5853328
RS_0185,RS,autumn,18,9.0,1410.845,0.70542246
RS_0185,RS,autumn,19,9.5,1622.7688,0.8113844
RS_0185,RS,autumn,20,10.0,1859.0497,0.92952484
RS_0185,RS,autumn,21,10.5,1541.1361,0.7705681
RS_0185,RS,autumn,22,11.0,1461.5917,0.73079586
RS_0185,RS,autumn,23,11.5,1252.6963,0.62634814
RS_0185,RS,autumn,24,12.0,1017.97626,0.50898814
RS_0185,RS,autumn,25,12.5,826.1481,0.41307405
RS_0185,RS,autumn,26,13.0,679.1229,0.33956146
RS_0185,RS,autumn,27,13.5,600.4856,0.3002428
RS_0185,RS,autumn,28,14.0,679.1437,0.33957183
RS_0185,RS,autumn,29,14.5,505.98398,0.25299197
RS_0185,RS,autumn,30,15.0,527.90344,0.26395172
RS_0185,RS,autumn,31,15.5,497.2928,0.2486464
RS_0185,RS,autumn,32,16.0,393.2764,0.1966382
RS_0185,RS,autumn,33,16.5,323.24515,0.16162257
RS_0185,RS,autumn,34,17.0,334.5254,0.16726269
RS_0185,RS,autumn,35,17.5,305.59723,0.15279861
RS_0185,RS,autumn,36,18.0,289.14175,0.14457087
RS_0185,RS,autumn,37,18.5,303.20706,0.15160353
RS_0185,RS,autumn,38,19.0,298.14108,0.14907055
RS_0185,RS,autumn,39,19.5,302.33884,0.15116942
RS_0185,RS,autumn,40,20.0,295.21295,0.14760648
RS_0185,RS,autumn,41,20.5,245.90889,0.12295444
RS_0185,RS,autumn,42,21.0,271.70297,0.13585149
RS_0185,RS,autumn,43,21.5,260.86588,0.13043293
RS_0185,RS,autumn,44,22.0,230.81973,0.115409866
RS_0185,RS,autumn,45,22.5,226.11783,0.11305892
RS_0185,RS,autumn,46,23.0,260.08337,0.13004169
RS_0185,RS,autumn,47,23.5,272.64005,0.13632002
RS_0186,RS,spring,0,0.0,107.52517,0.053762585
RS_0186,RS,spring,1,0.5,88.495155,0.04424758
RS_0186,RS,spring,2,1.0,161.54755,0.08077377
RS_0186,RS,spring,3,1.5,834.71387,0.41735694
RS_0186,RS,spring,4,2.0,2343.1035,1.1715517
RS_0186,RS,spring,5,2.5,1235.9326,0.6179663
RS_0186,RS,spring,6,3.0,449.28766,0.22464383
RS_0186,RS,spring,7,3.5,230.64415,0.115322076
RS_0186,RS,spring,8,4.0,198.90515,0.09945258
RS_0186,RS,spring,9,4.5,144.35754,0.07217877
RS_0186,RS,spring,10,5.0,154.95421,0.077477105
RS_0186,RS,spring,11,5.5,163.80226,0.08190113
RS_0186,RS,spring,12,6.0,188.52458,0.094262294
RS_0186,RS,spring,13,6.5,196.56242,0.09828121
RS_0186,RS,spring,14,7.0,226.87956,0.11343978
RS_0186,RS,spring,15,7.5,289.36072,0.14468037
RS_0186,RS,spring,16,8.0,416.8619,0.20843096
RS_0186,RS,spring,17,8.5,462.49756,0.23124878
RS_0186,RS,spring,18,9.0,463.47214,0.23173606
RS_0186,RS,spring,19,9.5,402.5396,0.2012698
RS_0186,RS,spring,20,10.0,298.16763,0.14908382
RS_0186,RS,spring,21,10.5,286.39392,0.14319696
RS_0186,RS,spring,22,11.0,312.9139,0.15645696
RS_0186,RS,spring,23,11.5,234.51123,0.11725561
RS_0186,RS,spring,24,12.0,359.49115,0.17974557
RS_0186,RS,spring,25,12.5,274.14813,0.13707407
RS_0186,RS,spring,26,13.0,309.6493,0.15482464
RS_0186,RS,spring,27,13.5,273.06796,0.13653398
RS_0186,RS,spring,28,14.0,269.48016,0.13474008
RS_0186,RS,spring,29,14.5,243.92984,0.12196492
RS_0186,RS,spring,30,15.0,279.47168,0.13973583
RS_0186,RS,spring,31,15.5,259.21597,0.12960799
RS_0186,RS,spring,32,16.0,246.90056,0.12345028
RS_0186,RS,spring,33,16.5,259.16202,0.129581
RS_0186,RS,spring,34,17.0,261.0751,0.13053755
RS_0186,RS,spring,35,17.5,236.1518,0.1180759
RS_0186,RS,spring,36,18.0,280.32635,0.14016318
RS_0186,RS,spring,37,18.5,342.04398,0.17102198
RS_0186,RS,spring,38,19.0,316.23358,0.15811679
RS_0186,RS,spring,39,19.5,362.3549,0.18117744
RS_0186,RS,spring,40,20.0,408.61465,0.20430733
RS_0186,RS,spring,41,20.5,314.41586,0.15720794
RS_0186,RS,spring,42,21.0,268.4867,0.13424335
RS_0186,RS,spring,43,21.5,229.39967,0.11469983
RS_0186,RS,spring,44,22.0,203.37573,0.10168786
RS_0186,RS,spring,45,22.5,160.67828,0.08033914
RS_0186,RS,spring,46,23.0,173.75706,0.08687853
RS_0186,RS,spring,47,23.5,156.67868,0.07833934
RS_0187,RS,spring,0,0.0,372.36798,0.18618399
RS_0187,RS,spring,1,0.5,93.365715,0.046682857
RS_0187,RS,spring,2,1.0,37.959637,0.018979818
RS_0187,RS,spring,3,1.5,38.356808,0.019178404
RS_0187,RS,spring,4,2.0,26.097025,0.013048513
RS_0187,RS,spring,5,2.5,44.211254,0.022105627
RS_0187,RS,spring,6,3.0,45.624554,0.022812277
RS_0187,RS,spring,7,3.5,47.3337,0.02366685
RS_0187,RS,spring,8,4.0,53.372845,0.026686423
RS_0187,RS,spring,9,4.5,41.562454,0.020781226
RS_0187,RS,spring,10,5.0,44.91601,0.022458006
RS_0187,RS,spring,11,5.5,48.1036,0.0240518
RS_0187,RS,spring,12,6.0,49.514565,0.024757283
RS_0187,RS,spring,13,6.5,36.00198,0.01800099
RS_0187,RS,spring,14,7.0,63.603256,0.03180163
RS_0187,RS,spring,15,7.5,70.82711,0.035413556
RS_0187,RS,spring,16,8.0,77.72304,0.03886152
RS_0187,RS,spring,17,8.5,79.848045,0.03992402
RS_0187,RS,spring,18,9.0,129.36913,0.06468456
RS_0187,RS,spring,19,9.5,211.93678,0.10596839
RS_0187,RS,spring,20,10.0,508.06436,0.2540322
RS_0187,RS,spring,21,10.5,840.56305,0.42028153
RS_0187,RS,spring,22,11.0,810.1136,0.4050568
RS_0187,RS,spring,23,11.5,535.12335,0.26756167
RS_0187,RS,spring,24,12.0,361.61218,0.18080609
RS_0187,RS,spring,25,12.5,188.33833,0.09416917
RS_0187,RS,spring,26,13.0,122.508255,0.06125413
RS_0187,RS,spring,27,13.5,126.472404,0.0632362
RS_0187,RS,spring,28,14.0,118.8823,0.05944115
RS_0187,RS,spring,29,14.5,112.56476,0.05628238
RS_0187,RS,spring,30,15.0,181.13118,0.09056559
RS_0187,RS,spring,31,15.5,216.17178,0.10808589
RS_0187,RS,spring,32,16.0,293.8538,0.1469269
RS_0187,RS,spring,33,16.5,391.27304,0.19563653
RS_0187,RS,spring,34,17.0,568.05383,0.28402692
RS_0187,RS,spring,35,17.5,662.7406,0.3313703
RS_0187,RS,spring,36,18.0,770.5381,0.38526905
RS_0187,RS,spring,37,18.5,689.58466,0.34479234
RS_0187,RS,spring,38,19.0,735.3198,0.36765993
RS_0187,RS,spring,39,19.5,554.3705,0.27718523
RS_0187,RS,spring,40,20.0,468.6452,0.23432261
RS_0187,RS,spring,41,20.5,353.41266,0.17670633
RS_0187,RS,spring,42,21.0,391.459,0.19572951
RS_0187,RS,spring,43,21.5,498.7829,0.24939145
RS_0187,RS,spring,44,22.0,1026.7476,0.5133738
RS_0187,RS,spring,45,22.5,1999.2501,0.9996251
RS_0187,RS,spring,46,23.0,2857.569,1.4287845
RS_0187,RS,spring,47,23.5,2020.718,1.010359
RS_0188,RS,winter,0,0.0,400.41608,0.20020804
RS_0188,RS,winter,1,0.5,555.1072,0.2775536
RS_0188,RS,winter,2,1.0,1709.5391,0.8547695
RS_0188,RS,winter,3,1.5,2324.0332,1.1620166
RS_0188,RS,winter,4,2.0,1945.3802,0.9726901
RS_0188,RS,winter,5,2.5,1112.7189,0.5563594
RS_0188,RS,winter,6,3.0,423.65604,0.21182802
RS_0188,RS,winter,7,3.5,254.91383,0.12745692
RS_0188,RS,winter,8,4.0,233.40141,0.11670071
RS_0188,RS,winter,9,4.5,189.70444,0.09485222
RS_0188,RS,winter,10,5.0,157.58487,0.07879244
RS_0188,RS,winter,11,5.5,176.01512,0.08800756
RS_0188,RS,winter,12,6.0,133.88188,0.06694094
RS_0188,RS,winter,13,6.5,131.93562,0.06596781
RS_0188,RS,winter,14,7.0,119.608025,0.05980401
RS_0188,RS,winter,15,7.5,140.26558,0.07013279
RS_0188,RS,winter,16,8.0,111.19283,0.055596415
RS_0188,RS,winter,17,8.5,130.94563,0.06547282
RS_0188,RS,winter,18,9.0,127.307434,0.063653715
RS_0188,RS,winter,19,9.5,138.61133,0.069305666
RS_0188,RS,winter,20,10.0,134.50151,0.06725076
RS_0188,RS,winter,21,10.5,123.7407,0.06187035
RS_0188,RS,winter,22,11.0,151.22346,0.07561173
RS_0188,RS,winter,23,11.5,137.37889,0.06868944
RS_0188,RS,winter,24,12.0,157.87816,0.07893908
RS_0188,RS,winter,25,12.5,179.0687,0.08953435
RS_0188,RS,winter,26,13.0,160.06317,0.08003159
RS_0188,RS,winter,27,13.5,227.44106,0.11372053
RS_0188,RS,winter,28,14.0,530.22064,0.2651103
RS_0188,RS,winter,29,14.5,977.56476,0.48878238
RS_0188,RS,winter,30,15.0,831.02277,0.41551137
RS_0188,RS,winter,31,15.5,753.81085,0.3769054
RS_0188,RS,winter,32,16.0,560.69574,0.28034788
RS_0188,RS,winter,33,16.5,345.04526,0.17252263
RS_0188,RS,winter,34,17.0,344.17923,0.17208962
RS_0188,RS,winter,35,17.5,266.70056,0.13335028
RS_0188,RS,winter,36,18.0,267.6868,0.13384339
RS_0188,RS,winter,37,18.5,288.004,0.144002
RS_0188,RS,winter,38,19.0,310.42053,0.15521027
RS_0188,RS,winter,39,19.5,299.5897,0.14979485
RS_0188,RS,winter,40,20.0,277.07544,0.13853772
RS_0188,RS,winter,41,20.5,285.97913,0.14298956
RS_0188,RS,winter,42,21.0,278.2582,0.1391291
RS_0188,RS,winter,43,21.5,236.55255,0.118276276
RS_0188,RS,winter,44,22.0,222.84236,0.11142118
RS_0188,RS,winter,45,22.5,186.45425,0.093227126
RS_0188,RS,winter,46,23.0,153.20757,0.076603785
RS_0188,RS,winter,47,23.5,208.47922,0.104239605
RS_0189,RS,spring,0,0.0,563.9783,0.28198913
RS_0189,RS,spring,1,0.5,525.07623,0.2625381
RS_0189,RS,spring,2,1.0,672.4816,0.33624083
RS_0189,RS,spring,3,1.5,855.0513,0.42752564
RS_0189,RS,spring,4,2.0,946.28864,0.47314432
RS_0189,RS,spring,5,2.5,911.7313,0.45586565
RS_0189,RS,spring,6,3.0,882.0703,0.44103515
RS_0189,RS,spring,7,3.5,794.7644,0.3973822
RS_0189,RS,spring,8,4.0,837.494,0.418747
RS_0189,RS,spring,9,4.5,749.4694,0.3747347
RS_0189,RS,spring,10,5.0,804.8986,0.4024493
RS_0189,RS,spring,11,5.5,796.63275,0.39831638
RS_0189,RS,spring,12,6.0,837.197,0.4185985
RS_0189,RS,spring,13,6.5,893.8974,0.4469487
RS_0189,RS,spring,14,7.0,925.52625,0.46276313
RS_0189,RS,spring,15,7.5,984.4415,0.49222076
RS_0189,RS,spring,16,8.0,1094.4165,0.54720825
RS_0189,RS,spring,17,8.5,1060.9247,0.5304623
RS_0189,RS,spring,18,9.0,1165.7567,0.58287835
RS_0189,RS,spring,19,9.5,1136.0483,0.56802416
RS_0189,RS,spring,20,10.0,1185.104,0.592552
RS_0189,RS,spring,21,10.5,1126.6469,0.56332344
RS_0189,RS,spring,22,11.0,1123.9078,0.5619539
RS_0189,RS,spring,23,11.5,1223.2148,0.61160743
RS_0189,RS,spring,24,12.0,1318.7642,0.6593821
RS_0189,RS,spring,25,12.5,1438.5443,0.71927214
RS_0189,RS,spring,26,13.0,1572.2397,0.7861199
RS_0189,RS,spring,27,13.5,1613.7242,0.8068621
RS_0189,RS,spring,28,14.0,1708.5182,0.8542591
RS_0189,RS,spring,29,14.5,1673.6938,0.83684695
RS_0189,RS,spring,30,15.0,1271.3054,0.6356527
RS_0189,RS,spring,31,15.5,891.52246,0.44576123
RS_0189,RS,spring,32,16.0,767.7405,0.38387024
RS_0189,RS,spring,33,16.5,630.5348,0.31526738
RS_0189,RS,spring,34,17.0,582.9213,0.29146066
RS_0189,RS,spring,35,17.5,609.7316,0.3048658
RS_0189,RS,spring,36,18.0,608.12244,0.3040612
RS_0189,RS,spring,37,18.5,650.03864,0.32501933
RS_0189,RS,spring,38,19.0,768.1416,0.3840708
RS_0189,RS,spring,39,19.5,800.70703,0.40035352
RS_0189,RS,spring,40,20.0,745.64233,0.37282115
RS_0189,RS,spring,41,20.5,763.03656,0.38151827
RS_0189,RS,spring,42,21.0,767.0641,0.38353205
RS_0189,RS,spring,43,21.5,690.35925,0.34517962
RS_0189,RS,spring,44,22.0,637.7506,0.3188753
RS_0189,RS,spring,45,22.5,655.9381,0.32796904
RS_0189,RS,spring,46,23.0,602.57837,0.30128917
RS_0189,RS,spring,47,23.5,461.15573,0.23057787
RS_0190,RS,spring,0,0.0,260.00134,0.13000067
RS_0190,RS,spring,1,0.5,195.13531,0.097567655
RS_0190,RS,spring,2,1.0,334.68942,0.1673447
RS_0190,RS,spring,3,1.5,594.765,0.2973825
RS_0190,RS,spring,4,2.0,374.43732,0.18721865
RS_0190,RS,spring,5,2.5,169.28404,0.08464202
RS_0190,RS,spring,6,3.0,128.77371,0.06438686
RS_0190,RS,spring,7,3.5,156.5343,0.07826715
RS_0190,RS,spring,8,4.0,102.99099,0.051495496
RS_0190,RS,spring,9,4.5,171.38153,0.08569077
RS_0190,RS,spring,10,5.0,128.93787,0.064468935
RS_0190,RS,spring,11,5.5,158.45018,0.07922509
RS_0190,RS,spring,12,6.0,133.7344,0.0668672
RS_0190,RS,spring,13,6.5,101.30902,0.050654512
RS_0190,RS,spring,14,7.0,148.47543,0.07423772
RS_0190,RS,spring,15,7.5,103.14701,0.051573504
RS_0190,RS,spring,16,8.0,92.709564,0.04635478
RS_0190,RS,spring,17,8.5,28.95286,0.01447643
RS_0190,RS,spring,18,9.0,74.18133,0.037090663
RS_0190,RS,spring,19,9.5,48.651604,0.024325801
RS_0190,RS,spring,20,10.0,61.552868,0.030776434
RS_0190,RS,spring,21,10.5,34.5956,0.0172978
RS_0190,RS,spring,22,11.0,84.2637,0.042131852
RS_0190,RS,spring,23,11.5,123.711205,0.061855603
RS_0190,RS,spring,24,12.0,65.83438,0.03291719
RS_0190,RS,spring,25,12.5,524.41693,0.26220846
RS_0190,RS,spring,26,13.0,174.29237,0.087146185
RS_0190,RS,spring,27,13.5,133.46877,0.06673438
RS_0190,RS,spring,28,14.0,107.81784,0.05390892
RS_0190,RS,spring,29,14.5,124.65871,0.062329352
RS_0190,RS,spring,30,15.0,85.37751,0.042688753
RS_0190,RS,spring,31,15.5,124.58874,0.062294368
RS_0190,RS,spring,32,16.0,83.962845,0.04198142
RS_0190,RS,spring,33,16.5,137.13365,0.06856683
RS_0190,RS,spring,34,17.0,140.3947,0.07019735
RS_0190,RS,spring,35,17.5,130.79875,0.06539938
RS_0190,RS,spring,36,18.0,162.46503,0.08123251
RS_0190,RS,spring,37,18.5,125.71227,0.06285614
RS_0190,RS,spring,38,19.0,206.63567,0.103317834
RS_0190,RS,spring,39,19.5,184.23306,0.092116535
RS_0190,RS,spring,40,20.0,164.47237,0.082236186
RS_0190,RS,spring,41,20.5,262.15417,0.13107708
RS_0190,RS,spring,42,21.0,100.93334,0.05046667
RS_0190,RS,spring,43,21.5,260.72858,0.13036428
RS_0190,RS,spring,44,22.0,94.37827,0.047189135
RS_0190,RS,spring,45,22.5,198.03845,0.09901923
RS_0190,RS,spring,46,23.0,136.85953,0.06842976
RS_0190,RS,spring,47,23.5,199.04799,0.09952399
RS_0191,RS,summer,0,0.0,139.8587,0.069929354
RS_0191,RS,summer,1,0.5,123.21392,0.06160696
RS_0191,RS,summer,2,1.0,90.64434,0.04532217
RS_0191,RS,summer,3,1.5,57.882946,0.028941473
RS_0191,RS,summer,4,2.0,370.8324,0.18541619
RS_0191,RS,summer,5,2.5,1805.6549,0.90282744
RS_0191,RS,summer,6,3.0,3070.111,1.5350555
RS_0191,RS,summer,7,3.5,1233.093,0.6165465
RS_0191,RS,summer,8,4.0,477.69604,0.23884802
RS_0191,RS,summer,9,4.5,231.96786,0.11598393
RS_0191,RS,summer,10,5.0,173.6611,0.08683055
RS_0191,RS,summer,11,5.5,139.33397,0.06966698
RS_0191,RS,summer,12,6.0,135.36754,0.06768377
RS_0191,RS,summer,13,6.5,150.74617,0.07537308
RS_0191,RS,summer,14,7.0,164.70221,0.0823511
RS_0191,RS,summer,15,7.5,196.32753,0.09816377
RS_0191,RS,summer,16,8.0,285.62863,0.14281431
RS_0191,RS,summer,17,8.5,282.37915,0.14118958
RS_0191,RS,summer,18,9.0,230.39929,0.11519965
RS_0191,RS,summer,19,9.5,197.96056,0.09898028
RS_0191,RS,summer,20,10.0,165.30983,0.082654916
RS_0191,RS,summer,21,10.5,194.76036,0.09738018
RS_0191,RS,summer,22,11.0,165.53917,0.08276959
RS_0191,RS,summer,23,11.5,142.33167,0.07116583
RS_0191,RS,summer,24,12.0,183.92567,0.09196284
RS_0191,RS,summer,25,12.5,132.19856,0.06609928
RS_0191,RS,summer,26,13.0,312.01843,0.15600921
RS_0191,RS,summer,27,13.5,349.25873,0.17462936
RS_0191,RS,summer,28,14.0,649.03796,0.32451898
RS_0191,RS,summer,29,14.5,301.50696,0.15075348
RS_0191,RS,summer,30,15.0,180.48488,0.09024244
RS_0191,RS,summer,31,15.5,157.43967,0.07871983
RS_0191,RS,summer,32,16.0,132.88277,0.06644139
RS_0191,RS,summer,33,16.5,150.70146,0.07535073
RS_0191,RS,summer,34,17.0,160.89005,0.08044502
RS_0191,RS,summer,35,17.5,189.9911,0.09499555
RS_0191,RS,summer,36,18.0,228.2808,0.114140406
RS_0191,RS,summer,37,18.5,285.87692,0.14293846
RS_0191,RS,summer,38,19.0,343.2633,0.17163165
RS_0191,RS,summer,39,19.5,655.40955,0.3277048
RS_0191,RS,summer,40,20.0,754.40607,0.37720305
RS_0191,RS,summer,41,20.5,576.6903,0.28834516
RS_0191,RS,summer,42,21.0,709.3998,0.35469988
RS_0191,RS,summer,43,21.5,538.2793,0.26913965
RS_0191,RS,summer,44,22.0,328.0135,0.16400674
RS_0191,RS,summer,45,22.5,259.70856,0.12985428
RS_0191,RS,summer,46,23.0,219.34784,0.10967392
RS_0191,RS,summer,47,23.5,197.02042,0.098510206
RS_0192,RS,spring,0,0.0,940.4203,0.47021013
RS_0192,RS,spring,1,0.5,976.3164,0.4881582
RS_0192,RS,spring,2,1.0,1152.9039,0.57645196
RS_0192,RS,spring,3,1.5,1113.5704,0.5567852
RS_0192,RS,spring,4,2.0,1141.9321,0.57096606
RS_0192,RS,spring,5,2.5,1138.9843,0.5694921
RS_0192,RS,spring,6,3.0,1372.9122,0.68645614
RS_0192,RS,spring,7,3.5,1396.0056,0.6980028
RS_0192,RS,spring,8,4.0,1451.6692,0.7258346
RS_0192,RS,spring,9,4.5,1373.774,0.686887
RS_0192,RS,spring,10,5.0,1393.4194,0.6967097
RS_0192,RS,spring,11,5.5,1413.2828,0.70664144
RS_0192,RS,spring,12,6.0,1431.8876,0.7159438
RS_0192,RS,spring,13,6.5,1366.762,0.68338096
RS_0192,RS,spring,14,7.0,1427.9513,0.71397567
RS_0192,RS,spring,15,7.5,1516.623,0.7583115
RS_0192,RS,spring,16,8.0,1636.1184,0.8180592
RS_0192,RS,spring,17,8.5,1618.0426,0.8090213
RS_0192,RS,spring,18,9.0,1540.1738,0.7700869
RS_0192,RS,spring,19,9.5,1702.5665,0.85128325
RS_0192,RS,spring,20,10.0,1613.0138,0.8065069
RS_0192,RS,spring,21,10.5,1471.4907,0.7357454
RS_0192,RS,spring,22,11.0,1565.8231,0.78291154
RS_0192,RS,spring,23,11.5,1570.319,0.78515947
RS_0192,RS,spring,24,12.0,1465.4703,0.73273516
RS_0192,RS,spring,25,12.5,1544.1097,0.77205485
RS_0192,RS,spring,26,13.0,1336.4323,0.6682161
RS_0192,RS,spring,27,13.5,1383.4635,0.69173175
RS_0192,RS,spring,28,14.0,1390.7498,0.6953749
RS_0192,RS,spring,29,14.5,1415.3243,0.70766217
RS_0192,RS,spring,30,15.0,1565.1948,0.7825974
RS_0192,RS,spring,31,15.5,1290.4542,0.64522713
RS_0192,RS,spring,32,16.0,1150.1017,0.57505083
RS_0192,RS,spring,33,16.5,1081.5079,0.54075396
RS_0192,RS,spring,34,17.0,1051.6644,0.52583224
RS_0192,RS,spring,35,17.5,988.10364,0.4940518
RS_0192,RS,spring,36,18.0,1065.2812,0.53264064
RS_0192,RS,spring,37,18.5,1069.2653,0.5346326
RS_0192,RS,spring,38,19.0,1037.0596,0.5185298
RS_0192,RS,spring,39,19.5,964.625,0.4823125
RS_0192,RS,spring,40,20.0,903.66327,0.45183164
RS_0192,RS,spring,41,20.5,823.9639,0.41198197
RS_0192,RS,spring,42,21.0,769.3826,0.38469133
RS_0192,RS,spring,43,21.5,687.14886,0.34357443
RS_0192,RS,spring,44,22.0,633.8309,0.31691542
RS_0192,RS,spring,45,22.5,605.89264,0.30294633
RS_0192,RS,spring,46,23.0,518.5057,0.25925285
RS_0192,RS,spring,47,23.5,493.5379,0.24676895
RS_0193,RS,summer,0,0.0,48.93103,0.024465514
RS_0193,RS,summer,1,0.5,56.6788,0.028339399
RS_0193,RS,summer,2,1.0,199.47894,0.09973947
RS_0193,RS,summer,3,1.5,1043.5696,0.5217848
RS_0193,RS,summer,4,2.0,518.4497,0.25922486
RS_0193,RS,summer,5,2.5,131.4598,0.065729894
RS_0193,RS,summer,6,3.0,103.319374,0.05165969
RS_0193,RS,summer,7,3.5,83.71861,0.041859306
RS_0193,RS,summer,8,4.0,84.98662,0.04249331
RS_0193,RS,summer,9,4.5,46.273613,0.023136806
RS_0193,RS,summer,10,5.0,56.774124,0.028387062
RS_0193,RS,summer,11,5.5,53.09522,0.026547609
RS_0193,RS,summer,12,6.0,46.94819,0.023474094
RS_0193,RS,summer,13,6.5,44.886696,0.022443349
RS_0193,RS,summer,14,7.0,42.0331,0.02101655
RS_0193,RS,summer,15,7.5,39.776184,0.019888092
RS_0193,RS,summer,16,8.0,34.391132,0.017195566
RS_0193,RS,summer,17,8.5,24.145262,0.012072631
RS_0193,RS,summer,18,9.0,25.27916,0.012639579
RS_0193,RS,summer,19,9.5,36.458702,0.01822935
RS_0193,RS,summer,20,10.0,30.16345,0.015081725
RS_0193,RS,summer,21,10.5,30.74358,0.01537179
RS_0193,RS,summer,22,11.0,37.68656,0.01884328
RS_0193,RS,summer,23,11.5,39.312775,0.019656388
RS_0193,RS,summer,24,12.0,44.74057,0.022370284
RS_0193,RS,summer,25,12.5,40.6773,0.020338649
RS_0193,RS,summer,26,13.0,32.612957,0.016306479
RS_0193,RS,summer,27,13.5,29.883175,0.014941587
RS_0193,RS,summer,28,14.0,30.587309,0.015293654
RS_0193,RS,summer,29,14.5,27.137753,0.013568876
RS_0193,RS,summer,30,15.0,31.458656,0.015729329
RS_0193,RS,summer,31,15.5,33.174095,0.016587047
RS_0193,RS,summer,32,16.0,35.298275,0.017649138
RS_0193,RS,summer,33,16.5,41.163433,0.020581717
RS_0193,RS,summer,34,17.0,42.435516,0.021217758
RS_0193,RS,summer,35,17.5,46.7368,0.023368401
RS_0193,RS,summer,36,18.0,72.676056,0.036338028
RS_0193,RS,summer,37,18.5,77.36645,0.038683224
RS_0193,RS,summer,38,19.0,79.878815,0.039939407
RS_0193,RS,summer,39,19.5,72.84217,0.036421087
RS_0193,RS,summer,40,20.0,72.0843,0.03604215
RS_0193,RS,summer,41,20.5,45.736404,0.022868203
RS_0193,RS,summer,42,21.0,49.013165,0.024506582
RS_0193,RS,summer,43,21.5,45.519314,0.022759657
RS_0193,RS,summer,44,22.0,41.773552,0.020886775
RS_0193,RS,summer,45,22.5,47.652267,0.023826133
RS_0193,RS,summer,46,23.0,42.936707,0.021468353
RS_0193,RS,summer,47,23.5,40.97503,0.020487515
RS_0194,RS,winter,0,0.0,415.4365,0.20771825
RS_0194,RS,winter,1,0.5,453.3511,0.22667556
RS_0194,RS,winter,2,1.0,489.56,0.24478
RS_0194,RS,winter,3,1.5,236.68376,0.11834188
RS_0194,RS,winter,4,2.0,387.57004,0.19378501
RS_0194,RS,winter,5,2.5,594.6122,0.2973061
RS_0194,RS,winter,6,3.0,866.26544,0.4331327
RS_0194,RS,winter,7,3.5,880.6579,0.44032896
RS_0194,RS,winter,8,4.0,750.3019,0.37515095
RS_0194,RS,winter,9,4.5,1028.8369,0.5144185
RS_0194,RS,winter,10,5.0,840.38293,0.42019147
RS_0194,RS,winter,11,5.5,595.8575,0.29792875
RS_0194,RS,winter,12,6.0,714.1792,0.3570896
RS_0194,RS,winter,13,6.5,813.08167,0.40654084
RS_0194,RS,winter,14,7.0,643.0607,0.32153037
RS_0194,RS,winter,15,7.5,581.83307,0.29091653
RS_0194,RS,winter,16,8.0,539.8835,0.26994175
RS_0194,RS,winter,17,8.5,538.0163,0.26900816
RS_0194,RS,winter,18,9.0,381.3649,0.19068246
RS_0194,RS,winter,19,9.5,243.32141,0.1216607
RS_0194,RS,winter,20,10.0,243.84296,0.12192148
RS_0194,RS,winter,21,10.5,67.20257,0.033601284
RS_0194,RS,winter,22,11.0,82.865395,0.041432697
RS_0194,RS,winter,23,11.5,10.406587,0.005203293
RS_0194,RS,winter,24,12.0,3.8554835,0.0019277418
RS_0194,RS,winter,25,12.5,0.09232539,4.6162695e-05
RS_0194,RS,winter,26,13.0,3.5167294,0.0017583647
RS_0194,RS,winter,27,13.5,3.1928616,0.0015964308
RS_0194,RS,winter,28,14.0,73.4887,0.03674435
RS_0194,RS,winter,29,14.5,372.3525,0.18617626
RS_0194,RS,winter,30,15.0,248.7666,0.1243833
RS_0194,RS,winter,31,15.5,118.65712,0.05932856
RS_0194,RS,winter,32,16.0,150.73082,0.07536541
RS_0194,RS,winter,33,16.5,610.9023,0.30545115
RS_0194,RS,winter,34,17.0,678.8755,0.33943775
RS_0194,RS,winter,35,17.5,898.4608,0.4492304
RS_0194,RS,winter,36,18.0,1375.318,0.687659
RS_0194,RS,winter,37,18.5,1799.1951,0.8995975
RS_0194,RS,winter,38,19.0,1817.5704,0.9087852
RS_0194,RS,winter,39,19.5,1737.1515,0.86857575
RS_0194,RS,winter,40,20.0,1554.8915,0.77744573
RS_0194,RS,winter,41,20.5,1401.0554,0.7005277
RS_0194,RS,winter,42,21.0,973.9528,0.48697641
RS_0194,RS,winter,43,21.5,694.0541,0.34702703
RS_0194,RS,winter,44,22.0,1054.7489,0.52737445
RS_0194,RS,winter,45,22.5,825.0795,0.41253975
RS_0194,RS,winter,46,23.0,464.26172,0.23213086
RS_0194,RS,winter,47,23.5,425.0208,0.2125104
RS_0195,RS,winter,0,0.0,55.614296,0.027807148
RS_0195,RS,winter,1,0.5,68.68221,0.034341108
RS_0195,RS,winter,2,1.0,76.171135,0.03808557
RS_0195,RS,winter,3,1.5,68.215485,0.03410774
RS_0195,RS,winter,4,2.0,81.76712,0.04088356
RS_0195,RS,winter,5,2.5,72.51347,0.036256738
RS_0195,RS,winter,6,3.0,65.04499,0.032522496
RS_0195,RS,winter,7,3.5,56.24711,0.028123554
RS_0195,RS,winter,8,4.0,53.416172,0.026708085
RS_0195,RS,winter,9,4.5,61.678986,0.030839493
RS_0195,RS,winter,10,5.0,58.053455,0.029026728
RS_0195,RS,winter,11,5.5,50.985504,0.025492752
RS_0195,RS,winter,12,6.0,46.36023,0.023180114
RS_0195,RS,winter,13,6.5,59.229668,0.029614834
RS_0195,RS,winter,14,7.0,59.290783,0.02964539
RS_0195,RS,winter,15,7.5,45.48695,0.022743475
RS_0195,RS,winter,16,8.0,42.335632,0.021167817
RS_0195,RS,winter,17,8.5,53.86568,0.026932841
RS_0195,RS,winter,18,9.0,64.470375,0.032235187
RS_0195,RS,winter,19,9.5,55.308617,0.027654309
RS_0195,RS,winter,20,10.0,66.05422,0.033027112
RS_0195,RS,winter,21,10.5,52.176147,0.026088074
RS_0195,RS,winter,22,11.0,39.428825,0.019714413
RS_0195,RS,winter,23,11.5,51.189568,0.025594784
RS_0195,RS,winter,24,12.0,38.408047,0.019204024
RS_0195,RS,winter,25,12.5,52.72104,0.02636052
RS_0195,RS,winter,26,13.0,47.3362,0.023668101
RS_0195,RS,winter,27,13.5,46.89321,0.023446606
RS_0195,RS,winter,28,14.0,40.41959,0.020209795
RS_0195,RS,winter,29,14.5,40.54451,0.020272255
RS_0195,RS,winter,30,15.0,34.248863,0.017124431
RS_0195,RS,winter,31,15.5,26.387768,0.013193884
RS_0195,RS,winter,32,16.0,28.14034,0.01407017
RS_0195,RS,winter,33,16.5,34.443436,0.017221717
RS_0195,RS,winter,34,17.0,37.701286,0.018850643
RS_0195,RS,winter,35,17.5,37.73389,0.018866945
RS_0195,RS,winter,36,18.0,36.764214,0.018382106
RS_0195,RS,winter,37,18.5,33.41773,0.016708864
RS_0195,RS,winter,38,19.0,37.278572,0.018639285
RS_0195,RS,winter,39,19.5,38.106842,0.019053422
RS_0195,RS,winter,40,20.0,32.265724,0.016132861
RS_0195,RS,winter,41,20.5,38.40223,0.019201115
RS_0195,RS,winter,42,21.0,47.965122,0.02398256
RS_0195,RS,winter,43,21.5,41.55101,0.020775504
RS_0195,RS,winter,44,22.0,39.688267,0.019844133
RS_0195,RS,winter,45,22.5,40.64502,0.02032251
RS_0195,RS,winter,46,23.0,44.60524,0.02230262
RS_0195,RS,winter,47,23.5,37.4002,0.0187001
RS_0196,RS,spring,0,0.0,158.3906,0.0791953
RS_0196,RS,spring,1,0.5,152.18199,0.076091
RS_0196,RS,spring,2,1.0,149.9246,0.0749623
RS_0196,RS,spring,3,1.5,172.99011,0.08649506
RS_0196,RS,spring,4,2.0,173.40802,0.08670401
RS_0196,RS,spring,5,2.5,177.07472,0.08853736
RS_0196,RS,spring,6,3.0,223.43854,0.111719266
RS_0196,RS,spring,7,3.5,183.3869,0.09169345
RS_0196,RS,spring,8,4.0,204.2776,0.1021388
RS_0196,RS,spring,9,4.5,182.68819,0.091344096
RS_0196,RS,spring,10,5.0,175.85365,0.08792683
RS_0196,RS,spring,11,5.5,182.07024,0.09103512
RS_0196,RS,spring,12,6.0,187.90492,0.09395246
RS_0196,RS,spring,13,6.5,187.39578,0.09369789
RS_0196,RS,spring,14,7.0,197.24915,0.09862457
RS_0196,RS,spring,15,7.5,216.23952,0.108119756
RS_0196,RS,spring,16,8.0,204.73846,0.102369234
RS_0196,RS,spring,17,8.5,194.16469,0.09708235
RS_0196,RS,spring,18,9.0,198.6886,0.0993443
RS_0196,RS,spring,19,9.5,209.51138,0.10475569
RS_0196,RS,spring,20,10.0,187.30489,0.09365244
RS_0196,RS,spring,21,10.5,199.72554,0.09986277
RS_0196,RS,spring,22,11.0,209.0199,0.10450995
RS_0196,RS,spring,23,11.5,191.75258,0.09587629
RS_0196,RS,spring,24,12.0,188.35963,0.09417982
RS_0196,RS,spring,25,12.5,161.6626,0.0808313
RS_0196,RS,spring,26,13.0,160.23145,0.08011572
RS_0196,RS,spring,27,13.5,184.46939,0.09223469
RS_0196,RS,spring,28,14.0,185.33723,0.092668615
RS_0196,RS,spring,29,14.5,200.50462,0.100252315
RS_0196,RS,spring,30,15.0,205.97119,0.1029856
RS_0196,RS,spring,31,15.5,213.34872,0.106674366
RS_0196,RS,spring,32,16.0,223.3524,0.1116762
RS_0196,RS,spring,33,16.5,192.7209,0.09636045
RS_0196,RS,spring,34,17.0,207.66632,0.10383316
RS_0196,RS,spring,35,17.5,218.29567,0.10914783
RS_0196,RS,spring,36,18.0,221.88539,0.1109427
RS_0196,RS,spring,37,18.5,229.58772,0.11479386
RS_0196,RS,spring,38,19.0,256.45505,0.12822752
RS_0196,RS,spring,39,19.5,255.16315,0.12758157
RS_0196,RS,spring,40,20.0,232.2094,0.1161047
RS_0196,RS,spring,41,20.5,210.29793,0.10514896
RS_0196,RS,spring,42,21.0,230.85367,0.11542683
RS_0196,RS,spring,43,21.5,218.95575,0.10947788
RS_0196,RS,spring,44,22.0,183.51381,0.0917569
RS_0196,RS,spring,45,22.5,154.08687,0.07704344
RS_0196,RS,spring,46,23.0,164.00325,0.08200163
RS_0196,RS,spring,47,23.5,157.43506,0.07871753
RS_0197,RS,autumn,0,0.0,5.043284,0.002521642
RS_0197,RS,autumn,1,0.5,5.6668878,0.002833444
RS_0197,RS,autumn,2,1.0,4.209479,0.0021047394
RS_0197,RS,autumn,3,1.5,3.7806435,0.0018903217
RS_0197,RS,autumn,4,2.0,3.899692,0.001949846
RS_0197,RS,autumn,5,2.5,4.1192408,0.0020596203
RS_0197,RS,autumn,6,3.0,4.148853,0.0020744265
RS_0197,RS,autumn,7,3.5,4.2963123,0.002148156
RS_0197,RS,autumn,8,4.0,5.2612324,0.002630616
RS_0197,RS,autumn,9,4.5,5.0442595,0.0025221298
RS_0197,RS,autumn,10,5.0,4.3518424,0.002175921
RS_0197,RS,autumn,11,5.5,3.354401,0.0016772005
RS_0197,RS,autumn,12,6.0,3.5975308,0.0017987654
RS_0197,RS,autumn,13,6.5,3.6645145,0.0018322573
RS_0197,RS,autumn,14,7.0,2.8850977,0.0014425488
RS_0197,RS,autumn,15,7.5,3.4095612,0.0017047806
RS_0197,RS,autumn,16,8.0,5.092085,0.0025460424
RS_0197,RS,autumn,17,8.5,4.6471224,0.002323561
RS_0197,RS,autumn,18,9.0,5.4384494,0.0027192247
RS_0197,RS,autumn,19,9.5,2.925758,0.0014628789
RS_0197,RS,autumn,20,10.0,3.9752493,0.0019876247
RS_0197,RS,autumn,21,10.5,3.2922106,0.0016461053
RS_0197,RS,autumn,22,11.0,4.243994,0.002121997
RS_0197,RS,autumn,23,11.5,4.246945,0.0021234725
RS_0197,RS,autumn,24,12.0,4.116723,0.0020583614
RS_0197,RS,autumn,25,12.5,3.4123836,0.0017061918
RS_0197,RS,autumn,26,13.0,2.9931357,0.0014965679
RS_0197,RS,autumn,27,13.5,2.5195217,0.0012597608
RS_0197,RS,autumn,28,14.0,2.5095437,0.0012547718
RS_0197,RS,autumn,29,14.5,2.3932784,0.0011966391
RS_0197,RS,autumn,30,15.0,2.5758379,0.0012879189
RS_0197,RS,autumn,31,15.5,2.9183352,0.0014591676
RS_0197,RS,autumn,32,16.0,3.3319373,0.0016659687
RS_0197,RS,autumn,33,16.5,1.8511105,0.00092555524
RS_0197,RS,autumn,34,17.0,1.921279,0.0009606395
RS_0197,RS,autumn,35,17.5,1.4088259,0.00070441293
RS_0197,RS,autumn,36,18.0,1.5389867,0.00076949334
RS_0197,RS,autumn,37,18.5,1.7066283,0.0008533142
RS_0197,RS,autumn,38,19.0,1.9174271,0.0009587135
RS_0197,RS,autumn,39,19.5,1.6973801,0.00084869005
RS_0197,RS,autumn,40,20.0,1.6668968,0.00083344843
RS_0197,RS,autumn,41,20.5,1.7761531,0.00088807655
RS_0197,RS,autumn,42,21.0,1.2969816,0.0006484908
RS_0197,RS,autumn,43,21.5,1.3172677,0.0006586338
RS_0197,RS,autumn,44,22.0,1.8605161,0.000930258
RS_0197,RS,autumn,45,22.5,2.0157166,0.0010078583
RS_0197,RS,autumn,46,23.0,2.724998,0.001362499
RS_0197,RS,autumn,47,23.5,2.9997845,0.0014998922
RS_0198,RS,spring,0,0.0,2114.6692,1.0573345
RS_0198,RS,spring,1,0.5,1850.3955,0.9251978
RS_0198,RS,spring,2,1.0,1042.7755,0.52138776
RS_0198,RS,spring,3,1.5,634.4754,0.3172377
RS_0198,RS,spring,4,2.0,557.3505,0.27867526
RS_0198,RS,spring,5,2.5,428.9776,0.2144888
RS_0198,RS,spring,6,3.0,314.69333,0.15734667
RS_0198,RS,spring,7,3.5,271.30173,0.13565086
RS_0198,RS,spring,8,4.0,258.81155,0.12940578
RS_0198,RS,spring,9,4.5,430.38394,0.21519198
RS_0198,RS,spring,10,5.0,315.7343,0.15786716
RS_0198,RS,spring,11,5.5,393.72656,0.19686328
RS_0198,RS,spring,12,6.0,277.37952,0.13868976
RS_0198,RS,spring,13,6.5,327.1317,0.16356586
RS_0198,RS,spring,14,7.0,215.76395,0.10788197
RS_0198,RS,spring,15,7.5,326.61594,0.16330796
RS_0198,RS,spring,16,8.0,292.2082,0.1461041
RS_0198,RS,spring,17,8.5,339.82217,0.16991109
RS_0198,RS,spring,18,9.0,235.6657,0.11783285
RS_0198,RS,spring,19,9.5,251.67824,0.12583911
RS_0198,RS,spring,20,10.0,104.81478,0.05240739
RS_0198,RS,spring,21,10.5,89.11148,0.04455574
RS_0198,RS,spring,22,11.0,99.39182,0.049695913
RS_0198,RS,spring,23,11.5,220.0326,0.110016294
RS_0198,RS,spring,24,12.0,154.52008,0.07726004
RS_0198,RS,spring,25,12.5,231.72516,0.11586258
RS_0198,RS,spring,26,13.0,178.22809,0.08911405
RS_0198,RS,spring,27,13.5,117.10049,0.058550242
RS_0198,RS,spring,28,14.0,50.21476,0.02510738
RS_0198,RS,spring,29,14.5,37.262295,0.018631147
RS_0198,RS,spring,30,15.0,49.027954,0.024513977
RS_0198,RS,spring,31,15.5,44.819702,0.02240985
RS_0198,RS,spring,32,16.0,54.118176,0.027059088
RS_0198,RS,spring,33,16.5,52.997044,0.026498523
RS_0198,RS,spring,34,17.0,53.575035,0.026787518
RS_0198,RS,spring,35,17.5,84.75703,0.042378515
RS_0198,RS,spring,36,18.0,103.03677,0.051518388
RS_0198,RS,spring,37,18.5,122.97747,0.061488736
RS_0198,RS,spring,38,19.0,98.75968,0.04937984
RS_0198,RS,spring,39,19.5,137.53912,0.06876956
RS_0198,RS,spring,40,20.0,139.85863,0.06992932
RS_0198,RS,spring,41,20.5,175.57465,0.08778732
RS_0198,RS,spring,42,21.0,356.64398,0.17832199
RS_0198,RS,spring,43,21.5,572.90436,0.28645217
RS_0198,RS,spring,44,22.0,1657.3691,0.82868457
RS_0198,RS,spring,45,22.5,2517.4836,1.2587419
RS_0198,RS,spring,46,23.0,2238.358,1.119179
RS_0198,RS,spring,47,23.5,2315.1543,1.1575772
RS_0199,RS,summer,0,0.0,252.86649,0.12643324
RS_0199,RS,summer,1,0.5,208.04346,0.10402173
RS_0199,RS,summer,2,1.0,209.21799,0.10460899
RS_0199,RS,summer,3,1.5,265.6893,0.13284466
RS_0199,RS,summer,4,2.0,252.543,0.1262715
RS_0199,RS,summer,5,2.5,256.31268,0.12815633
RS_0199,RS,summer,6,3.0,297.50104,0.14875051
RS_0199,RS,summer,7,3.5,290.5964,0.1452982
RS_0199,RS,summer,8,4.0,334.11273,0.16705637
RS_0199,RS,summer,9,4.5,262.13522,0.13106762
RS_0199,RS,summer,10,5.0,295.7093,0.14785464
RS_0199,RS,summer,11,5.5,378.07266,0.18903632
RS_0199,RS,summer,12,6.0,524.4986,0.2622493
RS_0199,RS,summer,13,6.5,560.70056,0.28035027
RS_0199,RS,summer,14,7.0,612.224,0.306112
RS_0199,RS,summer,15,7.5,601.6831,0.30084154
RS_0199,RS,summer,16,8.0,496.16473,0.24808237
RS_0199,RS,summer,17,8.5,385.38925,0.19269462
RS_0199,RS,summer,18,9.0,462.72546,0.23136273
RS_0199,RS,summer,19,9.5,452.749,0.22637449
RS_0199,RS,summer,20,10.0,383.82635,0.19191317
RS_0199,RS,summer,21,10.5,341.14615,0.17057307
RS_0199,RS,summer,22,11.0,507.35486,0.25367743
RS_0199,RS,summer,23,11.5,570.6364,0.2853182
RS_0199,RS,summer,24,12.0,549.60175,0.27480087
RS_0199,RS,summer,25,12.5,644.0636,0.3220318
RS_0199,RS,summer,26,13.0,788.00867,0.39400434
RS_0199,RS,summer,27,13.5,960.28033,0.48014018
RS_0199,RS,summer,28,14.0,1074.8322,0.5374161
RS_0199,RS,summer,29,14.5,1065.2812,0.53264064
RS_0199,RS,summer,30,15.0,966.2116,0.4831058
RS_0199,RS,summer,31,15.5,858.1981,0.42909905
RS_0199,RS,summer,32,16.0,771.44507,0.38572255
RS_0199,RS,summer,33,16.5,652.8037,0.32640186
RS_0199,RS,summer,34,17.0,727.10034,0.36355016
RS_0199,RS,summer,35,17.5,714.07416,0.35703707
RS_0199,RS,summer,36,18.0,703.5787,0.35178933
RS_0199,RS,summer,37,18.5,800.8099,0.40040493
RS_0199,RS,summer,38,19.0,930.3353,0.46516767
RS_0199,RS,summer,39,19.5,927.90485,0.46395242
RS_0199,RS,summer,40,20.0,845.7298,0.42286488
RS_0199,RS,summer,41,20.5,734.2122,0.3671061
RS_0199,RS,summer,42,21.0,645.78687,0.32289344
RS_0199,RS,summer,43,21.5,601.8027,0.30090132
RS_0199,RS,summer,44,22.0,501.32886,0.25066444
RS_0199,RS,summer,45,22.5,523.3847,0.26169235
RS_0199,RS,summer,46,23.0,478.5729,0.23928645
RS_0199,RS,summer,47,23.5,364.07825,0.18203913
