pdl_id,active_day_rate,n_runs,mean_run_len,max_run_len,mean_gap_len,max_gap_len,active_rate_weekday,active_rate_weekend,mean_kwh_weekday,mean_kwh_weekend,r_global,r_mid,r_summer,r_winter,mean_daily_kwh,p95_daily_kwh,cv_daily_kwh,seasonality_amp,winter_minus_summer,label_rs_rp,cluster_ref
1704875583,0.7994505494505495,16.0,18.1875,246.0,4.866666666666666,23.0,0.7884615384615384,0.8269230769230769,20.020331346153846,20.911000480769232,1.0,0.4422182310310871,0.10469016779904233,0.4530916011698705,20.274808241758244,39.500632499999995,0.6620611546604475,0.3484014333708282,0.3484014333708282,0,3
6674572658,0.7994505494505495,27.0,10.777777777777779,140.0,2.7037037037037037,16.0,0.7961538461538461,0.8076923076923077,19.034687692307692,19.87315480769231,1.0,0.4789682738609186,0.11380776797671562,0.40722395816236573,19.274249725274725,44.640957499999985,0.7316077814530232,0.365160505884203,0.2934161901856501,0,3
9993623468,0.7994505494505495,10.0,29.1,237.0,8.11111111111111,55.0,0.8,0.7980769230769231,14.652154615384617,16.429625,1.0,0.41104807089621237,0.1947398837876097,0.3942120453161779,15.160003296703298,33.96179249999999,0.6889525276653302,0.21630818710860267,0.19947216152856817,0,0
10607320546,0.7994505494505495,40.0,7.275,67.0,1.8717948717948718,8.0,0.7961538461538461,0.8076923076923077,16.95609673076923,17.78185576923077,1.0,0.5539832092025978,0.21709158849125723,0.2289252023061449,17.192027884615385,34.66254749999998,0.4360814297269106,0.3368916207113406,0.011833613814887678,0,5
11239534806,0.7994505494505495,10.0,29.1,151.0,8.11111111111111,38.0,0.7923076923076923,0.8173076923076923,12.73423076923077,14.652158173076923,1.0,0.44529860434962326,0.083538866418747,0.4711625292316297,13.282210027472527,34.55073249999998,0.8251559444935411,0.38762366281288274,0.38762366281288274,1,6
14953875748,0.7994505494505495,19.0,15.31578947368421,165.0,4.055555555555555,20.0,0.7923076923076923,0.8173076923076923,14.404486923076925,14.83828701923077,1.0,0.45572414011410306,0.16296779763065725,0.3813080622552396,14.528429807692309,29.308679999999992,0.5518236256123124,0.29275634248344584,0.21834026462458236,0,0
16277393756,0.7994505494505495,8.0,36.375,184.0,8.11111111111111,36.0,0.8,0.7980769230769231,9.988612884615385,11.71946682692308,1.0,0.3960026850014226,0.23918970223230446,0.36480761276627294,10.483142582417582,25.15414999999997,0.7233175490226224,0.15681298276911815,0.12561791053396848,1,2
19987809609,0.7994505494505495,16.0,18.1875,192.0,4.866666666666666,21.0,0.7961538461538461,0.8076923076923077,16.78824346153846,18.113864903846153,1.0,0.3074311043094336,0.12755734404538865,0.5650115516451778,17.166992445054944,46.7189125,0.8647401286816909,0.43745420759978915,0.43745420759978915,0,8
21164370115,0.7994505494505495,11.0,26.454545454545453,180.0,7.3,24.0,0.8038461538461539,0.7884615384615384,7.112870192307692,7.627956730769232,1.0,0.48465494202560594,0.41003826172838576,0.10530679624600839,7.260037774725275,15.857004999999996,0.694186300267261,0.3793481457795975,-0.3047314654823774,1,2
22788077558,0.7994505494505495,18.0,16.166666666666668,142.0,4.294117647058823,15.0,0.7923076923076923,0.8173076923076923,11.573206730769229,13.748136538461539,1.0,0.45658147687888595,0.3654218372978283,0.1779966858232859,12.194615247252747,31.015622499999985,0.9547643601800065,0.2785847910556001,-0.1874251514745424,1,2
29372392582,0.7994505494505495,19.0,15.31578947368421,234.0,4.055555555555555,17.0,0.7961538461538461,0.8076923076923077,21.3875925,22.491278365384613,1.0,0.4388549579378994,0.1029886009473324,0.4581564411147681,21.70293131868132,44.30488749999999,0.6720220815760217,0.3551678401674357,0.3551678401674357,0,3
30130295457,0.7994505494505495,12.0,24.25,135.0,6.636363636363637,31.0,0.8038461538461539,0.7884615384615384,15.50874192307692,19.025972596153842,1.0,0.4364748671639998,0.05571932222864945,0.5078058106073507,16.513664972527472,63.83399499999997,1.224170587209362,0.4520864883787013,0.4520864883787013,0,8
31187055574,0.7994505494505495,13.0,22.384615384615383,221.0,6.083333333333333,22.0,0.7961538461538461,0.8076923076923077,17.726766923076923,18.04782451923077,1.0,0.3811556938418337,0.13069604332878454,0.48814826282938173,17.818497664835164,40.20972749999999,0.7465216457020026,0.3574522195005972,0.3574522195005972,1,6
31681490440,0.7994505494505495,25.0,11.64,149.0,3.0416666666666665,10.0,0.7846153846153846,0.8365384615384616,17.65800038461538,19.196631730769234,1.0,0.43730992306099314,0.1484873890058152,0.41420268793319154,18.097609340659343,39.6996625,0.6195450032344322,0.28882253405517794,0.26571529892737633,0,5
31942215998,0.7994505494505495,11.0,26.454545454545453,149.0,7.3,36.0,0.7961538461538461,0.8076923076923077,16.671605576923074,18.14204375,1.0,0.3247145814681285,0.15925262682455205,0.5160327917073194,17.09173076923077,54.00784249999999,0.8462647324367137,0.35678016488276737,0.35678016488276737,0,8
36018865580,0.6675824175824175,8.0,30.375,176.0,17.285714285714285,79.0,0.6730769230769231,0.6538461538461539,8.122444615384614,9.390537019230768,1.0,0.6141472937837504,0.37117110906826783,0.014681597147981717,8.48475673076923,23.990752499999992,1.0714696627516596,0.5994656966357688,-0.3564895119202861,1,1
39517918854,0.7994505494505495,18.0,16.166666666666668,135.0,4.055555555555555,13.0,0.7923076923076923,0.8173076923076923,12.754983461538462,14.193093750000001,1.0,0.528120411300241,0.26396749070756104,0.207912097992198,13.165872115384616,29.027229999999967,0.5830552916502254,0.320208313308043,-0.05605539271536303,0,9
42921722244,0.7994505494505495,31.0,9.387096774193548,134.0,2.433333333333333,10.0,0.7961538461538461,0.8076923076923077,14.194572884615386,15.50796105769231,1.0,0.4308714255520813,0.20503837818218665,0.36409019626573197,14.569826648351649,30.982337499999968,0.5673461034864433,0.22583304736989465,0.15905181808354532,0,5
45254376151,0.7994505494505495,24.0,12.125,165.0,3.1739130434782608,15.0,0.7884615384615384,0.8269230769230769,19.805745384615385,20.64581346153846,1.0,0.4020218556483335,0.09535673891489835,0.5026214054367681,20.045764835164835,48.55377249999999,0.7664903135582115,0.40726466652186977,0.40726466652186977,0,3
46801823032,0.7994505494505495,33.0,8.818181818181818,141.0,2.212121212121212,6.0,0.7884615384615384,0.8269230769230769,14.470086923076924,15.846515865384617,1.0,0.4943192797425965,0.14658137748549158,0.3590993427719119,14.863352335164835,28.681374999999996,0.5351021468541834,0.3477379022571049,0.21251796528642034,0,0
47000903308,0.7994505494505495,11.0,26.454545454545453,201.0,6.636363636363637,39.0,0.7961538461538461,0.8076923076923077,18.368916923076924,18.50050576923077,1.0,0.41767983025598177,0.14313313445685064,0.4391870352871677,18.406513736263737,41.765429999999995,0.6852277732002348,0.296053900830317,0.296053900830317,0,3
48927645575,0.7994505494505495,23.0,12.652173913043478,97.0,3.3181818181818183,16.0,0.7884615384615384,0.8269230769230769,14.403395961538463,15.510986057692309,1.0,0.5321916814319007,0.2439617821900997,0.2238465363779997,14.719850274725275,26.258029999999977,0.44250403836069163,0.308345145053901,-0.020115245812100002,0,9
52261410280,0.7994505494505495,16.0,18.1875,183.0,4.5625,19.0,0.8,0.7980769230769231,13.773604807692307,14.768488942307691,1.0,0.4722977261885199,0.13466853750652646,0.3930337363049537,14.057857417582417,33.90547,0.6937012668759325,0.33762918868199343,0.25836519879842723,0,0
54458310448,0.7994505494505495,22.0,13.227272727272727,54.0,3.3181818181818183,29.0,0.823076923076923,0.7403846153846154,15.089331346153848,15.18577596153846,1.0,0.453575692863024,0.13528522705808493,0.4111390800788911,15.11688695054945,42.19703,0.7542170851601829,0.3182904658049391,0.2758538530208062,0,0
55364907425,0.7994505494505495,15.0,19.4,229.0,5.214285714285714,40.0,0.7846153846153846,0.8365384615384616,16.90299673076923,17.585775961538463,1.0,0.42532647200201984,0.030577631406823066,0.5440958965911571,17.09807651098901,58.022164999999994,1.0307160659385375,0.5135182651843341,0.5135182651843341,0,8
57951029288,0.7994505494505495,23.0,12.652173913043478,162.0,3.1739130434782608,10.0,0.7807692307692308,0.8461538461538461,14.4261,16.705172115384617,1.0,0.4680828361036091,0.32663879909854077,0.20527836479785017,15.077263461538461,29.466354999999986,0.49015314095313345,0.26280447130575896,-0.1213604343006906,0,9
59063557811,0.7994505494505495,21.0,13.857142857142858,156.0,3.65,18.0,0.8076923076923077,0.7788461538461539,14.217097884615384,15.450617788461537,1.0,0.3469725613045001,0.10435998108879066,0.5486674576067093,14.569532142857142,40.08133499999998,0.9587990931730699,0.4443074765179187,0.4443074765179187,0,8
63731311654,0.7994505494505495,14.0,20.785714285714285,206.0,5.214285714285714,45.0,0.8,0.7980769230769231,10.333800576923075,11.127996634615386,1.0,0.4530639787239655,0.15550999742514487,0.39142602385088965,10.560713736263736,25.16543999999999,0.7290289836785596,0.2975539812988206,0.23591602642574477,1,7
66912773345,0.7994505494505495,30.0,9.7,77.0,2.5172413793103448,8.0,0.7961538461538461,0.8076923076923077,18.108125961538462,18.18955673076923,1.0,0.5577388157611685,0.15356198029837648,0.288699203940455,18.131391895604395,41.169209999999985,0.6071460004350746,0.404176835462792,0.13513722364207853,0,5
70468969762,0.7994505494505495,24.0,12.125,173.0,3.1739130434782608,21.0,0.7923076923076923,0.8173076923076923,20.676941346153843,21.777458653846153,1.0,0.42751891902436195,0.08479959217158586,0.48768148880405215,20.991374862637365,46.933464999999956,0.7467289508221985,0.4028818966324663,0.4028818966324663,0,3
74780699711,0.7994505494505495,33.0,8.818181818181818,55.0,2.212121212121212,10.0,0.8038461538461539,0.7884615384615384,14.125949038461538,15.287976442307693,1.0,0.49510634881210985,0.26384165470464255,0.2410519964832476,14.457956868131866,26.50196499999999,0.43544068356617804,0.25405435232886225,-0.02278965822139495,0,9
75248356572,0.7994505494505495,28.0,10.392857142857142,151.0,2.607142857142857,13.0,0.7961538461538461,0.8076923076923077,13.013980576923075,14.089788461538461,1.0,0.43960766990873806,0.1548331384277984,0.4055591916634635,13.32135425824176,30.936789999999995,0.6708748904735997,0.2847745314809397,0.2507260532356651,0,0
77770024112,0.7994505494505495,9.0,32.333333333333336,196.0,9.125,38.0,0.7923076923076923,0.8173076923076923,11.98326,13.103991346153846,1.0,0.4895584482594887,0.04079665551306255,0.46964489622744876,12.303468956043956,30.251104999999995,0.8037857099997001,0.44876179274642614,0.4288482407143862,1,6
78370785431,0.7994505494505495,26.0,11.192307692307692,122.0,2.92,18.0,0.7846153846153846,0.8365384615384616,18.65604769230769,19.561767307692307,1.0,0.40200933589476784,0.24642464581171447,0.3515660182935177,18.914824725274723,40.57475749999994,0.547796385261098,0.15558469008305337,0.10514137248180322,0,5
78746256867,0.7994505494505495,9.0,32.333333333333336,242.0,9.125,44.0,0.8153846153846154,0.7596153846153846,15.42085326923077,15.484022596153846,1.0,0.39199326512188193,0.08935976485259994,0.5186469700255182,15.438901648351647,37.457287499999985,0.8002529564749613,0.42928720517291824,0.42928720517291824,1,7
82111636043,0.7994505494505495,17.0,17.11764705882353,82.0,4.5625,28.0,0.7961538461538461,0.8076923076923077,15.904740384615385,17.266821634615386,1.0,0.4132573190515273,0.2628636561606801,0.3238790247877925,16.293906456043956,30.870314999999994,0.4681303868261414,0.1503936628908472,0.06101536862711243,0,5
82546700349,0.7664835164835165,6.0,46.5,239.0,17.0,50.0,0.7653846153846153,0.7692307692307693,7.594792115384616,8.382030288461538,1.0,0.7118852944678342,0.2770510449933004,0.011063660538865353,7.819717307692308,18.9669775,0.8483814189518538,0.7008216339289689,-0.26598738445443504,1,1
82748713708,0.7994505494505495,22.0,13.227272727272727,76.0,3.4761904761904763,27.0,0.8038461538461539,0.7884615384615384,16.348978461538458,16.478478365384614,1.0,0.392507244723429,0.22192034611339298,0.38557240916317803,16.385978434065933,32.844444999999986,0.5549967952411964,0.17058689861003604,0.16365206304978505,0,5
83170364647,0.7994505494505495,25.0,11.64,85.0,3.0416666666666665,12.0,0.8,0.7980769230769231,12.252176346153846,13.408689903846152,1.0,0.4697580578251475,0.1995190859108342,0.33072285626401837,12.582608791208791,25.526889999999977,0.5408386794118817,0.27023897191431334,0.13120377035318417,0,9
83653631972,0.7994505494505495,19.0,15.31578947368421,105.0,4.055555555555555,25.0,0.8,0.7980769230769231,16.654573653846153,17.461865384615386,1.0,0.2975158085498409,0.17020000323287968,0.5322841882172794,16.885228434065933,58.8392849999999,0.9423550762271017,0.36208418498439976,0.36208418498439976,0,8
85744937287,0.7994505494505495,16.0,18.1875,236.0,4.866666666666666,17.0,0.8,0.7980769230769231,14.293460192307691,15.204008173076925,1.0,0.44197313023942447,0.04378173244009717,0.5142451373204784,14.553616758241757,35.597007500000004,0.8675711699997959,0.4704634048803812,0.4704634048803812,0,8
87845969811,0.7994505494505495,20.0,14.55,195.0,3.65,26.0,0.7923076923076923,0.8173076923076923,14.644768461538462,17.66952115384615,1.0,0.4068831163079888,0.09798058374533017,0.49513629994668107,15.508983516483514,37.25327749999999,0.797219944107012,0.39715571620135093,0.39715571620135093,0,8
91723788182,0.7994505494505495,26.0,11.192307692307692,100.0,2.8076923076923075,17.0,0.7961538461538461,0.8076923076923077,17.441441153846153,19.100862499999998,1.0,0.5433246196857162,0.16195087106113962,0.2947245092531442,17.91556153846154,36.23714499999999,0.534396745009544,0.3813737486245766,0.13277363819200458,0,5
91900094744,0.7994505494505495,22.0,13.227272727272727,53.0,3.4761904761904763,23.0,0.8038461538461539,0.7884615384615384,13.312664999999999,15.47219615384615,1.0,0.46358425318327373,0.1417676940087563,0.39464805280797005,13.9296739010989,35.56156749999998,0.8361580343224134,0.32181655917451746,0.2528803587992138,0,0
95811811353,0.7994505494505495,15.0,19.4,125.0,5.214285714285714,39.0,0.7923076923076923,0.8173076923076923,15.305880576923077,16.812220673076922,1.0,0.3038416166871791,0.26184024549302104,0.4343181378197999,15.736263461538462,43.2096175,0.8070769610229398,0.17247789232677885,0.17247789232677885,0,0
97149691915,0.7994505494505495,14.0,20.785714285714285,156.0,5.615384615384615,26.0,0.8,0.7980769230769231,16.007722115384617,16.028438461538464,1.0,0.499656615731984,0.10671474483889323,0.3936286394291227,16.013641071428573,52.98828249999999,0.8650014057660502,0.39294187089309074,0.2869138945902294,0,0
97179492640,0.7994505494505495,26.0,11.192307692307692,186.0,2.92,11.0,0.8076923076923077,0.7788461538461539,16.69885980769231,16.89793269230769,1.0,0.4119163592074753,0.0678565816198881,0.5202270591726365,16.755737774725276,41.813132499999995,0.8493521465545913,0.45237047755274834,0.45237047755274834,0,8
97609846811,0.7994505494505495,16.0,18.1875,85.0,4.5625,32.0,0.7923076923076923,0.8173076923076923,13.393711153846155,14.51429903846154,1.0,0.3380960513252396,0.26111010502715226,0.4007938436476081,13.71387912087912,30.5607175,0.7699820907690178,0.13968373862045586,0.13968373862045586,0,0
100542420872,0.7994505494505495,32.0,9.09375,140.0,2.3548387096774195,9.0,0.7884615384615384,0.8269230769230769,14.787315192307695,15.548903846153848,1.0,0.5632301415143735,0.18850987248598694,0.24825998599963958,15.00491195054945,26.36955249999999,0.411897645496862,0.3747202690283865,0.05975011351365264,0,9
101600564162,0.7994505494505495,19.0,15.31578947368421,105.0,4.055555555555555,23.0,0.8,0.7980769230769231,13.336419615384614,14.32313125,1.0,0.5074695817326539,0.2593592118012745,0.23317120646607156,13.618337225274725,25.3570875,0.48255741181419975,0.2742983752665823,-0.026188005335202963,0,9
101738209253,0.7994505494505495,12.0,24.25,113.0,6.636363636363637,35.0,0.7923076923076923,0.8173076923076923,15.728750576923074,16.777598557692308,1.0,0.5300041286551187,0.1116124441312645,0.35838342721361677,16.02842142857143,30.906149999999982,0.519630956966872,0.4183916845238542,0.24677098308235226,0,0
102535568783,0.7994505494505495,20.0,14.55,177.0,3.8421052631578947,47.0,0.7807692307692308,0.8461538461538461,20.46392519230769,21.780104326923077,1.0,0.39604914418893294,0.06702691311502773,0.5369239426960394,20.839976373626374,61.722249999999995,0.8802269202714643,0.46989702958101165,0.46989702958101165,0,3
103285643131,0.7994505494505495,26.0,11.192307692307692,138.0,2.92,15.0,0.7846153846153846,0.8365384615384616,14.003952307692307,14.801870673076923,1.0,0.3695874379658422,0.24218118980901968,0.38823137222513804,14.231928983516484,36.505929999999964,0.7230653342305471,0.14605018241611836,0.14605018241611836,0,0
104075647879,0.7994505494505495,15.0,19.4,134.0,5.214285714285714,52.0,0.8038461538461539,0.7884615384615384,8.675016346153846,9.018800961538462,1.0,0.4123636699891815,0.5663710849257508,0.021265245085067698,8.773240521978023,28.502117499999983,1.351134379583037,0.5451058398406832,-0.5451058398406832,1,2
106047725481,0.7994505494505495,7.0,41.57142857142857,284.0,10.428571428571429,34.0,0.8,0.7980769230769231,13.716625192307692,14.065059134615385,1.0,0.531576903783781,0.1464488884437453,0.32197420777247376,13.816177747252748,31.0016625,0.7262286042352699,0.3851280153400357,0.17552531932872847,1,6
110795159055,0.7994505494505495,24.0,12.125,190.0,3.1739130434782608,14.0,0.7884615384615384,0.8269230769230769,11.267042115384616,14.34875096153846,1.0,0.47697015835116213,0.08726451554204462,0.43576532610679325,12.147530357142855,44.186509999999984,1.008526714227631,0.3897056428091175,0.34850081056474863,0,0
113055822962,0.7994505494505495,23.0,12.652173913043478,155.0,3.1739130434782608,28.0,0.7961538461538461,0.8076923076923077,14.533919038461537,15.266900961538463,1.0,0.42663296349265784,0.2107321526843374,0.36263488382300474,14.743342445054944,31.679932499999936,0.5962935102047522,0.21590081080832044,0.15190273113866734,0,0
114101258104,0.7994505494505495,32.0,9.09375,162.0,2.3548387096774195,14.0,0.7961538461538461,0.8076923076923077,16.806514038461536,17.469673076923076,1.0,0.3982099831850266,0.13524655095356902,0.4665434658614045,16.99598804945055,37.326207499999995,0.6617513238178095,0.33129691490783547,0.33129691490783547,0,0
116071129180,0.7994505494505495,26.0,11.192307692307692,173.0,2.8076923076923075,22.0,0.7730769230769231,0.8653846153846154,20.990297884615387,22.17838317307692,1.0,0.441880712634611,0.11305217511221911,0.44506711225316986,21.329750824175825,43.689924999999995,0.6534581012540555,0.33201493714095076,0.33201493714095076,0,3
117528142191,0.7994505494505495,6.0,48.5,157.0,14.6,49.0,0.7961538461538461,0.8076923076923077,5.982677884615385,6.524502884615384,1.0,0.4085059986829716,0.17746215043025887,0.41403185088676947,6.137485027472528,17.544939999999997,0.9924232791963202,0.2365697004565106,0.2365697004565106,1,7
119371042139,0.7994505494505495,21.0,13.857142857142858,118.0,3.65,33.0,0.7923076923076923,0.8173076923076923,11.824719615384614,12.681476442307693,1.0,0.47669091347071824,0.30464593858378436,0.21866314794549743,12.069507280219781,22.21385,0.4276303736378419,0.2580277655252208,-0.08598279063828693,0,9
119798639658,0.7994505494505495,23.0,12.652173913043478,155.0,3.3181818181818183,7.0,0.8038461538461539,0.7884615384615384,19.33220615384616,20.09751586538461,1.0,0.2888955447682066,0.04942715467377099,0.6616773005580224,19.55086607142857,64.32272999999996,1.085738270228762,0.6122501458842514,0.6122501458842514,0,8
121193698086,0.7994505494505495,20.0,14.55,171.0,3.65,40.0,0.7961538461538461,0.8076923076923077,16.567863846153845,18.431842788461537,1.0,0.24126421863405928,0.35675923082870364,0.40197655053723713,17.100429258241757,54.859897499999924,0.922646117981516,0.16071233190317785,0.04521731970853349,0,8
122036365448,0.7994505494505495,21.0,13.857142857142858,185.0,3.65,18.0,0.7961538461538461,0.8076923076923077,19.851078269230765,21.4495375,1.0,0.4624583652215532,0.0774215236953275,0.46012011108311923,20.307780906593408,44.50465999999999,0.7083721217884658,0.3850368415262257,0.3826985873877917,0,3
124670810391,0.7994505494505495,20.0,14.55,108.0,3.65,17.0,0.7961538461538461,0.8076923076923077,16.052441923076923,17.775740865384613,1.0,0.5106548656948932,0.15712466538701966,0.33222046891808715,16.54481304945055,40.95564999999998,0.7745904597083387,0.3535302003078735,0.1750958035310675,0,0
131505931144,0.7994505494505495,34.0,8.558823529411764,131.0,2.1470588235294117,13.0,0.7961538461538461,0.8076923076923077,15.480642692307693,17.490604326923076,1.0,0.4203625641074211,0.14666364202080806,0.43297379387177076,16.054917445054944,43.54641749999992,0.7281135230379988,0.2863101518509627,0.2863101518509627,0,0
132158257663,0.7994505494505495,10.0,29.1,198.0,7.3,37.0,0.7961538461538461,0.8076923076923077,12.456114615384614,13.23805625,1.0,0.42018426282579174,0.06703324938046651,0.5127824877937418,12.67952651098901,37.4660375,0.8669243486449512,0.4457492384132753,0.4457492384132753,0,8
132170026726,0.7994505494505495,18.0,16.166666666666668,104.0,4.294117647058823,11.0,0.7961538461538461,0.8076923076923077,16.49318192307692,17.168315384615383,1.0,0.4025103362724872,0.2682319491832707,0.3292577145442421,16.6860771978022,37.596462499999966,0.6531757390660056,0.13427838708921652,0.061025765360971373,0,5
136985465680,0.7994505494505495,11.0,26.454545454545453,245.0,7.3,47.0,0.8,0.7980769230769231,18.710689615384617,19.006085576923077,1.0,0.48186910152848267,0.05309157515753838,0.46503932331397896,18.795088461538462,41.874089999999995,0.8049036269453069,0.4287775263709443,0.4119477481564406,0,3
139703386329,0.7994505494505495,31.0,9.387096774193548,58.0,2.3548387096774195,9.0,0.7884615384615384,0.8269230769230769,12.796104230769231,13.66308028846154,1.0,0.5613229881051022,0.15733725106835378,0.2813397608265441,13.043811675824175,24.6606375,0.5063093682134205,0.4039857370367484,0.12400250975819033,0,9
143987990888,0.7994505494505495,30.0,9.7,127.0,2.5172413793103448,14.0,0.7961538461538461,0.8076923076923077,12.979842307692309,13.528518749999998,1.0,0.5628434253626403,0.20542998818867658,0.23172658644868313,13.136607005494504,20.288607499999998,0.32043883643722365,0.35741343717396373,0.02629659826000655,0,9
144766234091,0.7994505494505495,16.0,18.1875,191.0,4.866666666666666,25.0,0.7961538461538461,0.8076923076923077,13.818208846153846,15.054711057692307,1.0,0.5539584205389853,0.1142494629052661,0.3317921165557486,14.171495192307692,46.18055499999995,0.9823643817703526,0.43970895763371914,0.21754265365048248,0,0
149311246421,0.7994505494505495,19.0,15.31578947368421,166.0,4.055555555555555,21.0,0.8076923076923077,0.7788461538461539,17.28557538461538,18.68175096153846,1.0,0.5225892299539873,0.09870135575645979,0.3787094142895529,17.684482692307693,43.9993175,0.7520424325753822,0.4238878741975275,0.28000805853309313,0,0
150629884370,0.7994505494505495,20.0,14.55,81.0,3.65,9.0,0.7961538461538461,0.8076923076923077,13.450768653846152,13.727534134615386,1.0,0.4231971895910859,0.34334812210222926,0.2334546883066848,13.529844505494506,30.67703499999999,0.5909258436015867,0.18974250128440107,-0.10989343379554445,0,9
151813025565,0.7994505494505495,27.0,10.777777777777779,121.0,2.7037037037037037,10.0,0.7884615384615384,0.8269230769230769,13.546872692307693,14.985491826923075,1.0,0.32644635886739565,0.1567291692493682,0.5168244718832361,13.957906730769231,44.105055,0.9354460719041262,0.3600953026338679,0.3600953026338679,0,8
152750931257,0.7994505494505495,23.0,12.652173913043478,113.0,3.3181818181818183,24.0,0.7961538461538461,0.8076923076923077,20.89275403846154,23.079562019230767,1.0,0.3865399650336637,0.22322606361365666,0.39023397135267957,21.51755631868132,44.58896999999996,0.5487223063519581,0.1670079077390229,0.1670079077390229,0,5
154047266662,0.7994505494505495,13.0,22.384615384615383,198.0,6.083333333333333,18.0,0.7884615384615384,0.8269230769230769,15.210337884615384,16.01695144230769,1.0,0.5357029012690584,0.27533475606618607,0.18896234266475567,15.4407989010989,32.77854,0.5679650276429594,0.34674055860430275,-0.0863724134014304,0,9
161904472264,0.7994505494505495,29.0,10.03448275862069,209.0,2.5172413793103448,9.0,0.7846153846153846,0.8365384615384616,15.669616153846153,16.7447,1.0,0.48588781557854643,0.10641858576034696,0.40769359866110666,15.976782967032968,38.31316499999997,0.6955498422695708,0.37946922981819947,0.3012750129007597,0,0
170517573134,0.7994505494505495,10.0,29.1,186.0,8.11111111111111,34.0,0.8038461538461539,0.7884615384615384,15.114784230769231,15.014645192307691,1.0,0.6006896552352082,0.07286628265785186,0.3264440621069399,15.086173076923078,37.793997499999996,0.7321867397497563,0.5278233725773563,0.253577779449088,1,6
170877224237,0.7994505494505495,9.0,32.333333333333336,97.0,9.125,49.0,0.7961538461538461,0.8076923076923077,9.871154230769232,10.167057211538463,1.0,0.4781646729692496,0.21877022740346067,0.3030650996272897,9.955697939560439,31.714257499999967,0.9864260948795665,0.25939444556578894,0.08429487222382906,1,7
172772856068,0.7994505494505495,29.0,10.03448275862069,126.0,2.607142857142857,7.0,0.7807692307692308,0.8461538461538461,18.274843269230768,19.52171057692308,1.0,0.507015866918012,0.14953697973086358,0.34344715335112436,18.63109107142857,41.710737499999965,0.6188533732983357,0.3574788871871485,0.19391017362026078,0,5
173324578397,0.7994505494505495,22.0,13.227272727272727,119.0,3.4761904761904763,33.0,0.8,0.7980769230769231,9.168780961538461,11.937459134615384,1.0,0.5294202911982604,0.22290874818377598,0.24767096061796354,9.959831868131868,27.002984999999985,0.8801406605463656,0.3065115430144844,0.024762212434187553,0,9
175475184338,0.7994505494505495,15.0,19.4,100.0,4.866666666666666,22.0,0.7846153846153846,0.8365384615384616,13.580302884615383,15.088106730769228,1.0,0.47371706371389877,0.1898468539037577,0.3364360823823436,14.011103983516483,32.119099999999996,0.6026205702723164,0.2838702098101411,0.14658922847858594,0,9
177594029577,0.7994505494505495,21.0,13.857142857142858,152.0,3.65,28.0,0.7923076923076923,0.8173076923076923,14.781891346153847,14.830970192307692,1.0,0.3309356933478432,0.09999197599225795,0.5690723306598988,14.795913873626375,41.338762499999994,0.9120411811044842,0.46908035466764086,0.46908035466764086,0,8
178558518232,0.7994505494505495,24.0,12.125,130.0,3.0416666666666665,16.0,0.7884615384615384,0.8269230769230769,15.148901153846152,15.664930288461536,1.0,0.47393678338637774,0.258261994599889,0.26780122201373324,15.296338049450549,25.655659999999994,0.35959008782618135,0.2156747887864887,0.00953922741384422,0,9
180458287234,0.7994505494505495,12.0,24.25,187.0,6.636363636363637,39.0,0.8,0.7980769230769231,12.749884423076924,14.311850480769234,1.0,0.4969728020288286,0.19186894481295175,0.3111582531582197,13.196160439560439,25.833824999999997,0.5278669997842773,0.30510385721587685,0.11928930834526796,0,9
181519626651,0.7994505494505495,28.0,10.392857142857142,133.0,2.7037037037037037,11.0,0.8,0.7980769230769231,17.3882225,19.810142307692306,1.0,0.416391920999304,0.11210200631339975,0.4715060726872963,18.080199587912087,54.37730749999999,0.9236846947592284,0.35940406637389655,0.35940406637389655,0,8
181534936703,0.7554945054945055,17.0,16.176470588235293,163.0,5.5625,26.0,0.7653846153846153,0.7307692307692307,8.214001153846153,8.593850961538461,1.0,0.7691685266604538,0.17646616783094535,0.05436530550860091,8.32252967032967,28.92154999999999,1.309459996242528,0.7148032211518529,-0.12210086232234443,1,1
185776285910,0.7994505494505495,20.0,14.55,138.0,3.8421052631578947,22.0,0.7769230769230769,0.8557692307692307,18.258343653846154,20.39528125,1.0,0.39278051417425036,0.32509530117197055,0.2821241846537792,18.868897252747253,42.508689999999994,0.6351790535435475,0.11065632952047116,-0.042971116518191355,0,5
192259607253,0.7994505494505495,17.0,17.11764705882353,169.0,4.5625,17.0,0.8038461538461539,0.7884615384615384,12.752778076923077,13.575909615384615,1.0,0.5327103281147845,0.16788887864412194,0.29940079324109364,12.987958516483516,25.500564999999998,0.5752042039307288,0.36482144947066253,0.1315119145969717,0,9
192632810845,0.7994505494505495,30.0,9.7,62.0,2.3548387096774195,12.0,0.7692307692307693,0.875,13.582703461538463,15.499263942307692,1.0,0.5295030519879029,0.23018851042748967,0.2403084375846074,14.13029217032967,23.936545,0.38922640160825506,0.29931454156041326,0.010119927157117736,0,9
198273847272,0.7994505494505495,17.0,17.11764705882353,134.0,4.5625,15.0,0.7923076923076923,0.8173076923076923,14.876322115384616,15.128644230769229,1.0,0.5570796380280517,0.17823006786480117,0.2646902941071471,14.948414148351649,53.37030999999997,1.006176265422531,0.37884957016325055,0.08646022624234595,0,0
199087875388,0.7994505494505495,23.0,12.652173913043478,229.0,3.0416666666666665,11.0,0.7961538461538461,0.8076923076923077,13.809214615384615,15.457436057692307,1.0,0.4303583352355987,0.1723837279796091,0.39725793678479215,14.280135027472527,30.63635749999999,0.6358528746433958,0.2579746072559896,0.22487420880518305,0,0
204732711941,0.7994505494505495,19.0,15.31578947368421,141.0,4.055555555555555,12.0,0.7884615384615384,0.8269230769230769,17.597263846153847,18.692373557692306,1.0,0.4316866249711079,0.17573984931147738,0.3925735257174148,17.910152335164835,36.8383725,0.6162404496834506,0.25594677565963053,0.2168336764059374,0,5
206736356689,0.7994505494505495,24.0,12.125,195.0,3.0416666666666665,16.0,0.7961538461538461,0.8076923076923077,17.7801925,19.151054807692308,1.0,0.43891371606402074,0.12263714149683204,0.4384491424391472,18.171867445054946,38.1939675,0.6104771842437078,0.3162765745671887,0.31581200094231515,0,3
206803924442,0.7994505494505495,13.0,22.384615384615383,122.0,6.083333333333333,39.0,0.8076923076923077,0.7788461538461539,14.138609423076923,16.510221153846153,1.0,0.37602123171630675,0.2997457984032546,0.32423296988043865,14.816212774725274,29.88030499999999,0.5830849302886656,0.07627543331305214,0.024487171477184044,0,9
206916721916,0.7994505494505495,22.0,13.227272727272727,160.0,3.4761904761904763,29.0,0.7961538461538461,0.8076923076923077,16.040234615384616,17.447554326923076,1.0,0.48586696223637443,0.13949795694880304,0.3746350808148225,16.44232596153846,30.990902499999997,0.48921968293820345,0.3463690052875714,0.23513712386601945,0,0
207366513418,0.7994505494505495,22.0,13.227272727272727,80.0,3.1739130434782608,16.0,0.7846153846153846,0.8365384615384616,10.38778403846154,11.05247451923077,1.0,0.5241933628120461,0.25302777885417826,0.22277885833377573,10.577695604395604,22.466189999999997,0.6475571500441167,0.30141450447827034,-0.03024892052040254,0,9
210476483019,0.7994505494505495,18.0,16.166666666666668,232.0,4.294117647058823,27.0,0.7846153846153846,0.8365384615384616,20.77114038461539,20.929084134615383,1.0,0.5152881643539755,0.06105653911767612,0.42365529652834844,20.81626717032967,41.16481999999999,0.6710130276491698,0.4542316252362994,0.3625987574106723,0,3
210536163882,0.7994505494505495,14.0,20.785714285714285,185.0,5.615384615384615,25.0,0.8115384615384615,0.7692307692307693,16.9128725,17.42833653846154,1.0,0.47501473797333904,0.12675741631235773,0.39822784571430314,17.06014793956044,35.779225,0.5835232333468909,0.34825732166098133,0.27147042940194543,0,0
213839656729,0.6648351648351648,3.0,80.66666666666667,226.0,40.666666666666664,86.0,0.6615384615384615,0.6730769230769231,12.502658461538463,12.210980769230769,1.0,0.5081346790091263,0.059311304000510365,0.43255401699036317,12.419321978021978,38.0254325,1.0213408024581976,0.44882337500861597,0.3732427129898528,1,1
214232158072,0.7994505494505495,11.0,26.454545454545453,195.0,6.636363636363637,50.0,0.8038461538461539,0.7884615384615384,15.297300769230768,15.958683653846153,1.0,0.4161270106501483,0.0454878021759548,0.5383851871738969,15.486267307692307,41.694842499999986,0.9965285684573539,0.4928973849979421,0.4928973849979421,0,8
215897992736,0.7994505494505495,22.0,13.227272727272727,106.0,3.4761904761904763,33.0,0.7923076923076923,0.8173076923076923,16.739914615384617,19.160992788461538,1.0,0.4401052364477744,0.2335413758575969,0.3263533876946288,17.431651236263736,38.5297675,0.6687163210507544,0.20656386059017748,0.09281201183703189,0,5
218855685418,0.7994505494505495,12.0,24.25,192.0,6.083333333333333,40.0,0.7769230769230769,0.8557692307692307,12.009141923076925,13.588215865384615,1.0,0.5964831045292873,0.19863006291396085,0.2048868325567519,12.460305906593407,25.588557499999972,0.592414493787317,0.3978530416153265,0.006256769642791066,0,9
225779963149,0.7994505494505495,9.0,32.333333333333336,141.0,9.125,41.0,0.7961538461538461,0.8076923076923077,17.583900192307688,18.69662548076923,1.0,0.35378477121342755,0.08515454202578161,0.5610606867607908,17.901821703296704,51.07400249999991,0.860285314859102,0.4759061447350092,0.4759061447350092,0,8
226823422818,0.7994505494505495,19.0,15.31578947368421,128.0,4.055555555555555,13.0,0.8,0.7980769230769231,19.788433653846152,21.244691826923074,1.0,0.3922278821284126,0.29310593938163104,0.31466617848995637,20.204507417582416,39.36445249999999,0.5752576468281159,0.09912194274678154,0.02156023910832533,0,5
228717553522,0.7994505494505495,27.0,10.777777777777779,156.0,2.8076923076923075,16.0,0.8076923076923077,0.7788461538461539,17.52043346153846,18.272405288461538,1.0,0.29943225561184816,0.04530699061209682,0.655260753776055,17.735282554945055,65.89731499999994,1.1864215040349937,0.6099537631639581,0.6099537631639581,0,8
228804090907,0.7994505494505495,18.0,16.166666666666668,164.0,4.294117647058823,15.0,0.8038461538461539,0.7884615384615384,16.178352307692307,16.59363701923077,1.0,0.4070846058253625,0.12728944997537428,0.46562594419926323,16.29700508241758,41.869485,0.7966943557046166,0.33833649422388895,0.33833649422388895,0,8
229132370072,0.7994505494505495,21.0,13.857142857142858,165.0,3.65,19.0,0.7884615384615384,0.8269230769230769,19.61415115384615,21.00245432692308,1.0,0.49140017327585683,0.10102767878385178,0.4075721479402914,20.010809203296702,50.30181749999997,0.6878214093493537,0.39037249449200506,0.3065444691564396,0,3
233546818593,0.7994505494505495,5.0,58.2,172.0,18.25,57.0,0.7961538461538461,0.8076923076923077,12.250249615384616,12.106776442307693,1.0,0.3535409589955685,0.1870840259214677,0.45937501508296386,12.209257280219779,42.49096,1.0115359984761167,0.2722909891614962,0.2722909891614962,1,7
234983477656,0.7994505494505495,8.0,36.375,133.0,10.428571428571429,60.0,0.8038461538461539,0.7884615384615384,12.933284423076923,13.879784134615385,1.0,0.634456040347459,0.06003987806043983,0.3055040815921013,13.203712912087912,28.24545749999999,0.7026567900872929,0.5744161622870191,0.24546420353166146,1,6
237551162989,0.7994505494505495,20.0,14.55,219.0,3.65,40.0,0.7807692307692308,0.8461538461538461,18.25078673076923,19.553887019230768,1.0,0.44374974848088355,0.11077472047891365,0.4454755310402028,18.6231010989011,40.04610249999998,0.6305646862266088,0.3347008105612892,0.3347008105612892,0,3
237903600571,0.7994505494505495,28.0,10.392857142857142,85.0,2.7037037037037037,15.0,0.7846153846153846,0.8365384615384616,14.011725,14.846250480769232,1.0,0.5178172897238649,0.2048188274258057,0.27736388285032954,14.250160851648351,27.07121749999999,0.4652997655171185,0.31299846229805917,0.07254505542452383,0,9
239838262265,0.7994505494505495,23.0,12.652173913043478,250.0,3.3181818181818183,15.0,0.7846153846153846,0.8365384615384616,20.276291153846152,21.129012019230768,1.0,0.4338119717849427,0.09850299687601288,0.4676850313390444,20.51992568681319,59.64529749999997,0.8572321399271464,0.3691820344630315,0.3691820344630315,0,3
243204890474,0.7994505494505495,13.0,22.384615384615383,164.0,6.083333333333333,26.0,0.8038461538461539,0.7884615384615384,16.888985384615385,17.23260673076923,1.0,0.4923645558921004,0.13258572775211172,0.37504971635578793,16.98716291208791,38.740462499999985,0.6480601293700664,0.3597788281399886,0.2424639886036762,0,0
245599652122,0.7994505494505495,16.0,18.1875,248.0,4.866666666666666,15.0,0.7961538461538461,0.8076923076923077,18.289215769230765,18.992646153846156,1.0,0.39992569272640816,0.10277870305280436,0.49729560422078745,18.49019587912088,47.9656625,0.7555185230886368,0.3945169011679831,0.3945169011679831,0,3
245844131190,0.7994505494505495,8.0,36.375,233.0,9.125,46.0,0.7923076923076923,0.8173076923076923,14.107247692307691,14.094993269230768,1.0,0.5001804621432031,0.11738344131421553,0.3824360965425814,14.103746428571426,35.6185675,0.796941283282261,0.3827970208289876,0.2650526552283659,1,6
247270405515,0.7994505494505495,15.0,19.4,146.0,5.214285714285714,24.0,0.7961538461538461,0.8076923076923077,14.083633846153846,16.719476923076925,1.0,0.4407239464927631,0.14774448639721463,0.41153156711002237,14.836731868131867,34.86815249999999,0.6803534462660278,0.2929794600955484,0.26378708071280776,0,0
251564398795,0.7994505494505495,28.0,10.392857142857142,86.0,2.7037037037037037,13.0,0.7884615384615384,0.8269230769230769,18.943610576923078,20.617466826923078,1.0,0.5158863740693845,0.20256553477981848,0.281548091150797,19.42185521978022,37.67275749999998,0.4260696675020526,0.31332083928956606,0.07898255637097851,0,5
252435761951,0.7994505494505495,15.0,19.4,193.0,4.866666666666666,46.0,0.7923076923076923,0.8173076923076923,16.9563025,17.862136057692307,1.0,0.44293200862620574,0.17700463724945983,0.3800633541243344,17.21511208791209,34.05886499999996,0.5853303759128557,0.26592737137674594,0.20305871687487456,0,0
257759555173,0.7994505494505495,29.0,10.03448275862069,118.0,2.5172413793103448,11.0,0.7846153846153846,0.8365384615384616,15.196029807692307,17.6341375,1.0,0.4772684377093293,0.226080168931693,0.29665139335897767,15.892632005494507,30.42824499999999,0.5022603449188993,0.25118826877763634,0.07057122442728467,0,5
258193317291,0.7994505494505495,13.0,22.384615384615383,202.0,6.083333333333333,41.0,0.8,0.7980769230769231,16.363813076923076,16.448934134615385,1.0,0.4440012884222185,0.06782549397446193,0.48817321760331955,16.38813337912088,39.28167249999998,0.710761447677413,0.42034772362885764,0.42034772362885764,0,8
261327986536,0.7994505494505495,24.0,12.125,121.0,3.1739130434782608,17.0,0.8076923076923077,0.7788461538461539,14.651302884615385,15.064222596153845,1.0,0.3740580458260751,0.18316857724748276,0.44277337692644214,14.769279945054945,37.24005999999998,0.7316942984506053,0.2596047996789594,0.2596047996789594,0,0
264209265655,0.7994505494505495,17.0,17.11764705882353,83.0,4.5625,44.0,0.8076923076923077,0.7788461538461539,12.560234423076922,13.289527884615383,1.0,0.37719863551391836,0.3387529230807661,0.28404844140531554,12.768603983516483,26.403412499999998,0.5725120870130503,0.09315019410860281,-0.054704481675450556,0,9
265878946516,0.7994505494505495,7.0,41.57142857142857,189.0,12.166666666666666,44.0,0.7961538461538461,0.8076923076923077,11.723085961538464,12.405243749999999,1.0,0.5694540667667908,0.039149024363554975,0.39139690886965417,11.917988186813188,26.713337499999966,0.7947933977487814,0.5303050424032358,0.3522478845060992,1,7
267204000760,0.7994505494505495,18.0,16.166666666666668,118.0,4.294117647058823,28.0,0.7961538461538461,0.8076923076923077,18.652372884615385,19.807023557692307,1.0,0.4472102543214335,0.15510482640295659,0.39768491927560984,18.98227307692308,43.326487499999985,0.7025736373480149,0.29210542791847693,0.24258009287265325,0,3
268092752432,0.7994505494505495,24.0,12.125,133.0,3.0416666666666665,16.0,0.8,0.7980769230769231,11.403858846153847,11.471178365384617,1.0,0.36742764563450525,0.10853794253319772,0.5240344118322969,11.423092994505495,31.154312499999968,0.8206068709633975,0.4154964692990992,0.4154964692990992,0,0
268424487419,0.7994505494505495,26.0,11.192307692307692,145.0,2.92,10.0,0.7807692307692308,0.8461538461538461,11.888439230769231,13.90294903846154,1.0,0.44091914152235506,0.16151735868861497,0.39756349978903005,12.46401346153846,24.911447499999987,0.5505174248057279,0.27940178283374006,0.23604614110041508,0,0
269909755081,0.7994505494505495,31.0,9.387096774193548,130.0,2.3548387096774195,13.0,0.7769230769230769,0.8557692307692307,15.438180576923079,17.902241346153847,1.0,0.5119278739096911,0.1898396106219484,0.29823251546836055,16.14219793956044,31.03323749999998,0.5057910327130227,0.32208826328774265,0.10839290484641215,0,5
270398488961,0.7994505494505495,12.0,24.25,176.0,6.636363636363637,16.0,0.8115384615384615,0.7692307692307693,10.995826153846155,11.311925480769231,1.0,0.38139648951087957,0.2631796674248032,0.35542384306431724,11.086140247252748,27.1676075,0.853706643900809,0.11821682208607637,0.09224417563951404,1,7
270608097869,0.7994505494505495,26.0,11.192307692307692,153.0,2.92,13.0,0.7884615384615384,0.8269230769230769,18.460412499999997,19.2328125,1.0,0.31335522746426525,0.04372718516273666,0.642917587372998,18.681098214285715,63.28230999999999,1.088068594882709,0.5991904022102613,0.5991904022102613,0,8
273380085085,0.7994505494505495,12.0,24.25,215.0,6.083333333333333,22.0,0.8,0.7980769230769231,18.459507115384614,19.621128365384617,1.0,0.4816794031849853,0.1867393242161936,0.3315812725988211,18.7913989010989,42.171114999999986,0.6397186323465468,0.2949400789687917,0.14484194838262748,0,5
273392248645,0.7994505494505495,19.0,15.31578947368421,134.0,4.055555555555555,13.0,0.8,0.7980769230769231,14.256728653846155,15.329169230769232,1.0,0.4059651916827012,0.20936279922645668,0.3846720090908421,14.563140247252747,35.01995749999993,0.6352411998877948,0.1966023924562445,0.17530920986438542,0,0
276947808397,0.7994505494505495,11.0,26.454545454545453,183.0,7.3,30.0,0.7961538461538461,0.8076923076923077,10.742086346153846,10.949671153846152,1.0,0.3375485706499204,0.3998587128126813,0.2625927165373982,10.80139629120879,29.96451499999998,0.930552290994499,0.13726599627528313,-0.13726599627528313,1,2
277140144361,0.7994505494505495,24.0,12.125,191.0,3.0416666666666665,20.0,0.7807692307692308,0.8461538461538461,16.985130384615385,18.589821153846152,1.0,0.4808015632409815,0.1288133209999258,0.3903851157590927,17.44361346153846,35.73231499999999,0.5603972351587654,0.35198824224105574,0.2615717947591669,0,0
279909383494,0.7994505494505495,37.0,7.864864864864865,157.0,2.0277777777777777,8.0,0.8,0.7980769230769231,20.4931175,21.119512019230772,1.0,0.3927138013968456,0.11733456663267788,0.48995163197047653,20.672087362637363,45.35392999999995,0.7168317587365792,0.37261706533779865,0.37261706533779865,0,3
281544600039,0.7994505494505495,28.0,10.392857142857142,94.0,2.7037037037037037,13.0,0.8,0.7980769230769231,13.023474615384615,14.922554326923079,1.0,0.4350131050237341,0.27351244111275086,0.29147445386351517,13.566068818681318,24.949572499999984,0.47300785977356125,0.16150066391098322,0.01796201275076431,0,9
282084662316,0.7994505494505495,7.0,41.57142857142857,196.0,12.166666666666666,52.0,0.8076923076923077,0.7788461538461539,13.540295384615382,13.978420192307691,1.0,0.5391205879500003,0.276949438933544,0.18392997311645565,13.6654739010989,27.632202499999988,0.6496514334655149,0.35519061483354464,-0.09301946581708836,1,2
283149930567,0.7994505494505495,27.0,10.777777777777779,113.0,2.7037037037037037,11.0,0.7846153846153846,0.8365384615384616,19.47031538461539,21.602972115384617,1.0,0.37429086485000646,0.22179361389563054,0.403915521254363,20.07964587912088,49.30554999999998,0.7502236648955106,0.18212190735873243,0.18212190735873243,0,5
293928641167,0.7994505494505495,20.0,14.55,84.0,3.4761904761904763,12.0,0.8,0.7980769230769231,11.575193653846155,12.568147596153846,1.0,0.5495516915862547,0.15405271329581352,0.2963955951179317,11.858894780219781,32.81037249999986,0.8644226162715866,0.3954989782904412,0.14234288182211816,0,9
296204507771,0.7994505494505495,22.0,13.227272727272727,214.0,3.4761904761904763,11.0,0.8,0.7980769230769231,18.30837019230769,18.717209615384615,1.0,0.3898707037798046,0.06828856062453528,0.5418407355956602,18.425181456043955,54.17223749999998,0.88075492168606,0.4735521749711249,0.4735521749711249,0,8
298144869436,0.7994505494505495,22.0,13.227272727272727,173.0,3.4761904761904763,11.0,0.7923076923076923,0.8173076923076923,11.463775576923076,11.919700961538464,1.0,0.5060691648706253,0.29534953961223753,0.19858129551713707,11.594039972527472,20.005844999999994,0.3970184451460641,0.30748786935348815,-0.09676824409510046,0,9
300138891975,0.7994505494505495,11.0,26.454545454545453,252.0,6.636363636363637,43.0,0.8038461538461539,0.7884615384615384,22.058605,23.350171153846155,1.0,0.4571587547837488,0.10506897823255663,0.4377722669836946,22.4276239010989,51.226089999999985,0.7567047469873736,0.35208977655119217,0.33270328875113797,0,3
301496713818,0.7994505494505495,12.0,24.25,146.0,6.636363636363637,22.0,0.7923076923076923,0.8173076923076923,12.952183461538462,13.727777403846156,1.0,0.47186473265961126,0.29548054107761973,0.232654726262769,13.173781730769232,24.488424999999992,0.5993928707656361,0.23921000639684226,-0.06282581481485072,0,9
305539327970,0.7994505494505495,21.0,13.857142857142858,220.0,3.65,13.0,0.7884615384615384,0.8269230769230769,17.52456596153846,18.958446634615385,1.0,0.47788746945190014,0.1364835089892479,0.385629021558852,17.934246153846154,39.68237999999998,0.6956410389977258,0.3414039604626522,0.24914551256960407,0,0
306538840704,0.7994505494505495,31.0,9.387096774193548,80.0,2.433333333333333,11.0,0.7807692307692308,0.8461538461538461,11.954364615384614,13.820946634615384,1.0,0.447863340844953,0.28324246992350094,0.26889418923154607,12.487673763736264,22.154452499999998,0.46217298574473126,0.17896915161340693,-0.014348280691954873,0,9
310552464401,0.7994505494505495,24.0,12.125,128.0,3.1739130434782608,19.0,0.7961538461538461,0.8076923076923077,15.745838076923077,17.722283173076924,1.0,0.36887460169830383,0.11019723842472995,0.5209281598769662,16.310536675824178,51.52670749999997,0.8962310666894073,0.4107309214522362,0.4107309214522362,0,8
312793831358,0.7994505494505495,10.0,29.1,268.0,7.3,37.0,0.7961538461538461,0.8076923076923077,8.700755384615386,9.592300961538463,1.0,0.5252726881012819,0.14950473736743686,0.32522257453128117,8.955482692307692,18.469672499999998,0.7333192744867353,0.37576795073384506,0.17571783716384431,1,7
314712006945,0.717032967032967,12.0,21.75,155.0,9.363636363636363,50.0,0.7230769230769231,0.7019230769230769,5.495085192307693,6.534265384615384,1.0,0.3567684551299557,0.586905048331328,0.056326496538716346,5.791993818681319,18.36381249999999,1.1346539826535047,0.5305785517926116,-0.5305785517926116,1,1
317178441494,0.7994505494505495,9.0,32.333333333333336,188.0,9.125,44.0,0.7884615384615384,0.8269230769230769,14.833894807692307,16.771378846153848,1.0,0.4866353520434849,0.07962267980760453,0.4337419681489106,15.387461675824175,43.28250749999996,0.8282964239319748,0.4070126722358804,0.35411928834130607,1,6
318189040241,0.7994505494505495,23.0,12.652173913043478,89.0,3.1739130434782608,23.0,0.8,0.7980769230769231,13.30306153846154,15.345794711538463,1.0,0.45284152191915245,0.1227955562230454,0.4243629218578023,13.886699587912087,34.934254999999986,0.7149846503719872,0.33004596569610706,0.3015673656347569,0,0
318315634437,0.7994505494505495,17.0,17.11764705882353,79.0,4.055555555555555,19.0,0.7807692307692308,0.8461538461538461,14.22183423076923,16.701302884615384,1.0,0.40905475614047476,0.15982553788012555,0.43111970597939975,14.930253846153846,34.29727999999999,0.729866157062456,0.2712941680992742,0.2712941680992742,0,0
318504977874,0.7994505494505495,25.0,11.64,64.0,3.0416666666666665,13.0,0.8038461538461539,0.7884615384615384,13.402046346153845,14.334490865384614,1.0,0.4590801522660125,0.23603698102499598,0.3048828667089916,13.668459065934066,28.811419999999995,0.5466409759974524,0.22304317124101652,0.06884588568399563,0,9
323483566337,0.7994505494505495,16.0,18.1875,100.0,4.866666666666666,16.0,0.8038461538461539,0.7884615384615384,16.58061326923077,17.078378365384616,1.0,0.46105571135652723,0.15074544889177965,0.388198839751693,16.72283186813187,40.37834249999999,0.6577636628126735,0.3103102624647476,0.23745339085991335,0,0
325677659580,0.7857142857142857,2.0,143.0,156.0,78.0,78.0,0.7884615384615384,0.7788461538461539,7.5302194230769235,7.62167451923077,1.0,0.5161524883083551,0.18944131185504715,0.29440619983659766,7.55634945054945,18.458127499999982,0.8278758119070321,0.326711176453308,0.10496488798155051,1,1
326483884442,0.7994505494505495,7.0,41.57142857142857,277.0,12.166666666666666,49.0,0.7923076923076923,0.8173076923076923,16.125771730769234,16.749002884615383,1.0,0.5273674398393643,0.3216995637757674,0.15093299638486823,16.303837774725274,34.07287749999994,0.6937974756586694,0.37643444345449606,-0.17076656739089918,1,2
328777673639,0.7994505494505495,19.0,15.31578947368421,87.0,3.8421052631578947,9.0,0.7961538461538461,0.8076923076923077,16.02054903846154,17.01862451923077,1.0,0.4507819319787069,0.30894538129348814,0.2402726867278049,16.305713461538463,27.839204999999996,0.3887296584694414,0.210509245250902,-0.06867269456568323,0,9
330748533778,0.7994505494505495,14.0,20.785714285714285,240.0,5.615384615384615,20.0,0.7961538461538461,0.8076923076923077,21.85779153846154,23.321339423076918,1.0,0.42886865571797483,0.08602701768308205,0.48510432659894315,22.275948076923076,58.404507499999994,0.7649924112527139,0.39907730891586113,0.39907730891586113,0,3
332054031196,0.7994505494505495,29.0,10.03448275862069,117.0,2.607142857142857,8.0,0.7730769230769231,0.8653846153846154,18.501724038461536,19.957873557692306,1.0,0.4557477736457142,0.13451194804651265,0.40974027830777304,18.917766758241758,47.41050999999999,0.7234508458208739,0.3212358255992016,0.27522833026126037,0,3
335501279223,0.7994505494505495,33.0,8.818181818181818,129.0,2.212121212121212,13.0,0.8038461538461539,0.7884615384615384,18.621770769230768,18.453395192307692,1.0,0.4217595338194139,0.2086427173298006,0.36959774885078545,18.573663461538462,49.447837499999956,0.773204744768434,0.21311681648961328,0.16095503152098484,0,5
336770480084,0.7994505494505495,23.0,12.652173913043478,155.0,3.1739130434782608,18.0,0.7846153846153846,0.8365384615384616,16.34436442307692,19.638309615384614,1.0,0.4438740425923636,0.14813786658838,0.4079880908192563,17.28549162087912,40.335525,0.6535751203360887,0.2957361760039836,0.25985022423087634,0,0
339230169972,0.7994505494505495,32.0,9.09375,125.0,2.28125,10.0,0.7807692307692308,0.8461538461538461,14.193134807692307,14.525633173076923,1.0,0.5861041251684883,0.19383277936628004,0.22006309546523167,14.28813434065934,26.43546749999999,0.45737275572594993,0.39227134580220824,0.026230316098951628,0,9
341383495960,0.7994505494505495,14.0,20.785714285714285,91.0,5.615384615384615,24.0,0.7961538461538461,0.8076923076923077,11.490673846153845,12.399965384615387,1.0,0.6506647056199476,0.0716573658162324,0.2776779285638201,11.750471428571428,25.973889999999994,0.6977219294167413,0.5790073398037152,0.20602056274758773,0,9
345729437956,0.7994505494505495,10.0,29.1,161.0,8.11111111111111,52.0,0.7961538461538461,0.8076923076923077,19.483195961538463,21.29731682692308,1.0,0.48328275085848915,0.1111295559887431,0.4055876931527677,20.00151620879121,42.5602875,0.6469362768892235,0.3721531948697461,0.2944581371640246,0,3
348813764730,0.7994505494505495,31.0,9.387096774193548,105.0,2.3548387096774195,18.0,0.8038461538461539,0.7884615384615384,15.723637307692307,17.093821153846154,1.0,0.3739339727586022,0.12114249722263568,0.5049235300187622,16.115118406593407,54.676612499999976,1.0870234345101881,0.3837810327961265,0.3837810327961265,0,8
355681005154,0.7994505494505495,29.0,10.03448275862069,142.0,2.433333333333333,19.0,0.7807692307692308,0.8461538461538461,17.436070576923075,19.540369711538464,1.0,0.5152147409196401,0.162687313321809,0.3220979457585509,18.0372989010989,35.02972999999999,0.5138130456639306,0.3525274275978312,0.1594106324367419,0,5
356658965808,0.7994505494505495,35.0,8.314285714285715,145.0,2.1470588235294117,15.0,0.7884615384615384,0.8269230769230769,15.651556346153848,17.67230096153846,1.0,0.39779416532590867,0.12343212530269311,0.47877370937139824,16.22891195054945,47.87381249999999,0.8716616269979574,0.35534158406870514,0.35534158406870514,0,8
357364882741,0.7994505494505495,20.0,14.55,138.0,3.8421052631578947,29.0,0.7961538461538461,0.8076923076923077,14.762392115384616,16.75857596153846,1.0,0.4499722309015431,0.11716618180078876,0.4328615872976682,15.332730357142857,36.533407499999996,0.680559248181593,0.33280604910075434,0.31569540549687947,0,0
358104386259,0.7994505494505495,17.0,17.11764705882353,104.0,4.294117647058823,21.0,0.7884615384615384,0.8269230769230769,13.648686538461536,15.73289903846154,1.0,0.4839688960978846,0.19656542677940472,0.3194656771227106,14.244175824175825,30.479089999999996,0.5761111936796355,0.28740346931847993,0.1229002503433059,0,9
364130371528,0.7994505494505495,20.0,14.55,186.0,3.8421052631578947,30.0,0.7923076923076923,0.8173076923076923,13.587825576923077,14.832312499999999,1.0,0.44589357737003,0.07754886828861,0.47655755434136,13.94339326923077,33.65314499999999,0.7864633808614602,0.39900868605275,0.39900868605275,0,0
370551363246,0.7994505494505495,30.0,9.7,162.0,2.5172413793103448,16.0,0.7730769230769231,0.8653846153846154,16.052325,17.952977884615386,1.0,0.5304075054568878,0.1360243214287476,0.3335681731143645,16.595368681318682,46.63014999999999,0.801264977499044,0.39438318402814015,0.1975438516856169,0,0
374414805337,0.7994505494505495,11.0,26.454545454545453,197.0,7.3,34.0,0.7923076923076923,0.8173076923076923,12.191593461538462,13.840736538461538,1.0,0.4465595157772817,0.15209459524106184,0.40134588898165646,12.662777197802198,29.913099999999993,0.6931888150872331,0.29446492053621987,0.24925129374059463,0,0
374981009514,0.7994505494505495,28.0,10.392857142857142,116.0,2.607142857142857,19.0,0.7923076923076923,0.8173076923076923,16.08561269230769,16.384571153846153,1.0,0.5131768847854986,0.16256206174700527,0.32426105346749606,16.171029395604396,34.864639999999994,0.5264771460634459,0.35061482303849334,0.1616989917204908,0,5
376615522224,0.7994505494505495,30.0,9.7,159.0,2.5172413793103448,14.0,0.7884615384615384,0.8269230769230769,17.383892307692307,18.94168798076923,1.0,0.42062246319581414,0.10075283282783473,0.4786247039763511,17.828976785714286,45.66006999999999,0.7767281262819877,0.3778718711485164,0.3778718711485164,0,8
380122412541,0.7994505494505495,24.0,12.125,92.0,3.1739130434782608,10.0,0.7846153846153846,0.8365384615384616,16.131864423076923,18.204799519230768,1.0,0.4224038045701514,0.2043449947359247,0.3732512006939239,16.724131593406593,41.11567999999998,0.6857931796515325,0.2180588098342267,0.1689062059579992,0,5
382987677293,0.7994505494505495,30.0,9.7,50.0,2.433333333333333,18.0,0.7807692307692308,0.8461538461538461,14.84281826923077,16.461080288461538,1.0,0.5884452474079062,0.19561888401238026,0.2159358685797135,15.305178846153847,37.55301499999999,0.6947852649432537,0.3928263633955259,0.020316984567333246,0,9
387341643327,0.7994505494505495,8.0,36.375,234.0,9.125,25.0,0.8038461538461539,0.7884615384615384,11.43603,11.625228846153846,1.0,0.6168529388783202,0.32562938391517426,0.05751767720650549,11.490086813186814,26.406122499999967,0.8676639458972931,0.5593352616718147,-0.2681117067086688,1,2
387497691601,0.7994505494505495,33.0,8.818181818181818,135.0,2.212121212121212,12.0,0.7846153846153846,0.8365384615384616,16.429739038461538,17.2157625,1.0,0.5768930867173017,0.1714443180256804,0.251662595257018,16.65431717032967,36.810725,0.6288464393144442,0.4054487686916213,0.08021827723133762,0,5
387623659346,0.7994505494505495,21.0,13.857142857142858,95.0,3.4761904761904763,32.0,0.8038461538461539,0.7884615384615384,16.182355961538462,17.11879951923077,1.0,0.29925942183762405,0.14847174181456638,0.5522688363478095,16.449911263736265,60.4199575,0.969821683291839,0.4037970945332432,0.4037970945332432,0,8
389049510861,0.7994505494505495,17.0,17.11764705882353,238.0,4.294117647058823,16.0,0.7923076923076923,0.8173076923076923,21.73090576923077,22.407803365384613,1.0,0.453817170555627,0.06701018083943054,0.4791726486049425,21.924305082417582,46.443217499999996,0.7475143919974582,0.41216246776551196,0.41216246776551196,0,3
389415431552,0.7994505494505495,16.0,18.1875,139.0,4.866666666666666,11.0,0.8,0.7980769230769231,18.057015384615386,20.11765,1.0,0.494033307148209,0.15010546687994314,0.355861225971848,18.64576813186813,35.80759999999997,0.4514215974934699,0.34392784026826584,0.20575575909190486,0,5
390364612633,0.7994505494505495,16.0,18.1875,243.0,4.866666666666666,47.0,0.7807692307692308,0.8461538461538461,15.497016730769232,16.35523701923077,1.0,0.3975743647351413,0.035646060351797654,0.566779574913061,15.742222527472528,43.5859975,0.967067298910078,0.5311335145612633,0.5311335145612633,0,8
392040358493,0.7994505494505495,10.0,29.1,129.0,8.11111111111111,21.0,0.7923076923076923,0.8173076923076923,18.0153525,18.55669663461538,1.0,0.31758747173239893,0.1039259267177502,0.5784866015498509,18.170022252747252,59.70582249999999,1.0827661880316304,0.4745606748321007,0.4745606748321007,1,7
392135992002,0.7994505494505495,28.0,10.392857142857142,86.0,2.7037037037037037,14.0,0.7961538461538461,0.8076923076923077,14.02706423076923,15.003102403846155,1.0,0.47139982763048616,0.20013157916593563,0.32846859320357835,14.30593228021978,28.82775749999998,0.537920111740792,0.27126824846455055,0.12833701403764272,0,9
395209611171,0.7994505494505495,19.0,15.31578947368421,229.0,4.055555555555555,33.0,0.7923076923076923,0.8173076923076923,16.01124980769231,17.294192307692306,1.0,0.4566556207438976,0.09319611633672108,0.4501482629193813,16.377804807692307,39.07173749999998,0.7159277830017464,0.3634595044071765,0.3569521465826602,0,0
401825622584,0.7994505494505495,27.0,10.777777777777779,156.0,2.8076923076923075,10.0,0.7923076923076923,0.8173076923076923,16.4022625,17.46346298076923,1.0,0.38803373753311327,0.11857345669189868,0.493392805774988,16.70546263736264,43.82213749999992,0.7841282526710758,0.37481934908308934,0.37481934908308934,0,8
402732521602,0.7994505494505495,22.0,13.227272727272727,173.0,3.4761904761904763,26.0,0.8115384615384615,0.7692307692307693,19.601916923076924,20.369339903846154,1.0,0.4141763658235642,0.07534788636822519,0.5104757478082107,19.82118063186813,60.95738499999998,0.8647618082903639,0.4351278614399855,0.4351278614399855,0,3
403823963742,0.7994505494505495,19.0,15.31578947368421,241.0,3.8421052631578947,14.0,0.8038461538461539,0.7884615384615384,24.13138557692308,24.927504326923078,1.0,0.48345526949179185,0.12203777928608134,0.3945069512221268,24.358848076923074,47.46931499999998,0.5911952367202045,0.3614174902057105,0.2724691719360455,0,3
406748544686,0.7994505494505495,18.0,16.166666666666668,135.0,3.8421052631578947,17.0,0.8,0.7980769230769231,16.703265,18.11941057692308,1.0,0.3800190150813496,0.31088561217443106,0.30909537274421933,17.10787802197802,34.298899999999996,0.5375024331276723,0.07092364233713028,-0.0017902394302117264,0,5
407542367671,0.7994505494505495,18.0,16.166666666666668,94.0,4.294117647058823,10.0,0.8115384615384615,0.7692307692307693,8.871684807692308,9.767184134615384,1.0,0.5796800933245991,0.25391969697316286,0.16640020970223798,9.127541758241758,22.4887975,0.8072972814032845,0.4132798836223611,-0.08751948727092487,0,9
408934522382,0.7994505494505495,31.0,9.387096774193548,42.0,2.28125,9.0,0.7615384615384615,0.8942307692307693,14.970473076923076,16.49766875,1.0,0.5192449580632361,0.24765878229049332,0.23309625964627062,15.406814697802197,28.384974999999997,0.4385661857273272,0.2861486984169655,-0.014562522644222697,0,9
413439608173,0.7994505494505495,20.0,14.55,165.0,3.65,26.0,0.7961538461538461,0.8076923076923077,17.237342692307692,17.187423076923075,1.0,0.5121275739583468,0.11233416965999064,0.3755382563816624,17.223079945054945,37.968185,0.7047254243439933,0.3997934042983562,0.2632040867216717,0,0
414075764853,0.7994505494505495,24.0,12.125,75.0,3.1739130434782608,26.0,0.8,0.7980769230769231,14.855412115384615,15.693466346153846,1.0,0.577390487788336,0.1817345117919281,0.2408750004197358,15.094856181318681,26.6309175,0.45215741565374995,0.3956559759964079,0.059140488627807714,0,9
419223302917,0.7994505494505495,17.0,17.11764705882353,222.0,4.294117647058823,29.0,0.7961538461538461,0.8076923076923077,16.19201923076923,16.66923557692308,1.0,0.5222164521713586,0.1492031623318517,0.32858038549678975,16.328366758241756,41.5010075,0.7430896787391698,0.3730132898395069,0.17937722316493804,0,0
419659356959,0.7994505494505495,35.0,8.314285714285715,140.0,2.085714285714286,7.0,0.7884615384615384,0.8269230769230769,14.198224423076924,15.660816346153846,1.0,0.5371250191426148,0.15081383425904724,0.312061146598338,14.61610782967033,45.1844825,0.8853942487902797,0.3863111848835675,0.16124731233929077,0,0
424388231333,0.7994505494505495,17.0,17.11764705882353,191.0,4.5625,36.0,0.8038461538461539,0.7884615384615384,20.33526692307692,20.92782596153846,1.0,0.4159997745343095,0.0912336104443511,0.4927666150213394,20.504569505494505,45.945629999999994,0.7214971747398295,0.40153300457698826,0.40153300457698826,0,3
424879169408,0.7994505494505495,23.0,12.652173913043478,111.0,3.1739130434782608,12.0,0.7923076923076923,0.8173076923076923,20.451045961538462,23.81149471153846,1.0,0.3752710373552764,0.13057361801197725,0.4941553446327463,21.411174175824176,55.622877499999994,0.7796710767019878,0.36358172662076904,0.36358172662076904,0,3
425577291923,0.7994505494505495,7.0,41.57142857142857,171.0,12.166666666666666,63.0,0.8,0.7980769230769231,13.82066923076923,14.73665673076923,1.0,0.5121912147911906,0.07330904298359127,0.4144997422252182,14.082379945054944,34.73500499999997,0.7808162186082812,0.4388821718075993,0.3411906992416269,1,6
427677700464,0.7994505494505495,14.0,20.785714285714285,175.0,5.615384615384615,27.0,0.8,0.7980769230769231,18.581982115384616,19.926280288461538,1.0,0.3485895682551045,0.11735780000966155,0.5340526317352339,18.96606730769231,57.23910749999995,0.8329500746809284,0.4166948317255723,0.4166948317255723,0,8
429923107993,0.7994505494505495,5.0,58.2,171.0,18.25,36.0,0.8038461538461539,0.7884615384615384,9.896052884615385,10.6347,1.0,0.39581595732222213,0.4108076837711557,0.19337635890662216,10.107094917582417,21.604734999999998,0.733779432182379,0.2174313248645335,-0.2174313248645335,1,2
434085807778,0.7994505494505495,26.0,11.192307692307692,94.0,2.92,21.0,0.8038461538461539,0.7884615384615384,15.530181923076924,16.90571730769231,1.0,0.43702102119034025,0.18423175995328814,0.37874721885637164,15.923192032967034,32.57756499999998,0.525793491579757,0.25278926123705214,0.1945154589030835,0,5
438889823686,0.7994505494505495,16.0,18.1875,189.0,4.5625,23.0,0.7846153846153846,0.8365384615384616,15.379226923076923,17.19103605769231,1.0,0.45938862432761757,0.29479480721115353,0.24581656846122898,15.896886675824176,35.44996999999998,0.6815312601280248,0.21357205586638858,-0.048978238749924546,0,5
439804089430,0.7994505494505495,22.0,13.227272727272727,136.0,3.3181818181818183,32.0,0.8192307692307692,0.75,19.592106923076923,19.723981730769232,1.0,0.35801668939997683,0.10313084011893285,0.5388524704810903,19.62978543956044,60.78972249999998,0.847851407042396,0.43572163036215744,0.43572163036215744,0,8
440547412552,0.7994505494505495,18.0,16.166666666666668,157.0,4.294117647058823,36.0,0.8076923076923077,0.7788461538461539,13.064717884615385,14.245820192307692,1.0,0.3996101010292951,0.11276015860103246,0.48762974036967244,13.402175686813187,36.25492499999999,0.7950090091688621,0.37486958176864,0.37486958176864,0,0
441022273291,0.7994505494505495,20.0,14.55,219.0,3.8421052631578947,17.0,0.7884615384615384,0.8269230769230769,18.11473673076923,18.382340384615386,1.0,0.5193654740237471,0.1115091387460962,0.3691253872301567,18.19119491758242,46.956819999999986,0.756575625831929,0.4078563352776509,0.2576162484840605,0,3
444498141205,0.7994505494505495,21.0,13.857142857142858,164.0,3.4761904761904763,22.0,0.8,0.7980769230769231,15.531696346153847,15.894806249999998,1.0,0.4695984181753595,0.15335633545574792,0.3770452463688926,15.635442032967033,37.612314999999995,0.6433156171670183,0.31624208271961163,0.22368891091314466,0,0
445107976517,0.7994505494505495,26.0,11.192307692307692,145.0,2.92,17.0,0.7730769230769231,0.8653846153846154,13.80046423076923,15.604175,1.0,0.4775673552653468,0.3024620689002701,0.21997057583438306,14.315810164835163,35.68499999999994,0.6461908266942591,0.25759677943096376,-0.08249149306588704,0,9
445972407709,0.7994505494505495,23.0,12.652173913043478,132.0,3.1739130434782608,17.0,0.8038461538461539,0.7884615384615384,14.828905961538464,17.16675817307692,1.0,0.3983730561291877,0.12408505060151838,0.4775418932692939,15.496863736263736,38.221307499999995,0.7108520167060226,0.35345684266777555,0.35345684266777555,0,0
446950152221,0.7994505494505495,13.0,22.384615384615383,153.0,6.083333333333333,18.0,0.8,0.7980769230769231,16.6582325,18.592501923076924,1.0,0.480851658714208,0.28297803364602603,0.23617030763976593,17.210880906593406,32.15831749999999,0.5144651394720249,0.24468135107444206,-0.0468077260062601,0,5
450696627196,0.7994505494505495,24.0,12.125,107.0,3.0416666666666665,30.0,0.8,0.7980769230769231,15.854345192307692,17.900088461538463,1.0,0.4457487404259171,0.2155302162705477,0.33872104330353514,16.43884326923077,26.9427075,0.36877439859726796,0.23021852415536942,0.12319082703298745,0,5
450875280434,0.7994505494505495,13.0,22.384615384615383,138.0,6.083333333333333,45.0,0.7961538461538461,0.8076923076923077,13.529327884615384,14.671417788461538,1.0,0.37370060990162557,0.13595302479985585,0.49034636529851866,13.855639285714286,36.00351,0.7749605805373517,0.3543933404986628,0.3543933404986628,0,0
451115621158,0.7994505494505495,18.0,16.166666666666668,151.0,4.055555555555555,35.0,0.8038461538461539,0.7884615384615384,17.268095576923077,18.62404615384615,1.0,0.39390368537705445,0.1758668590471239,0.43022945557582176,17.655510027472527,38.7016375,0.6189773726443727,0.25436259652869786,0.25436259652869786,0,0
454215309767,0.7994505494505495,26.0,11.192307692307692,129.0,2.92,20.0,0.7961538461538461,0.8076923076923077,14.162839807692308,14.209666346153845,1.0,0.4963594182111577,0.1671036231714208,0.33653695861742144,14.176218818681319,27.454324999999994,0.5162851227930808,0.3292557950397369,0.16943333544600064,0,9
456068761143,0.7994505494505495,24.0,12.125,188.0,3.1739130434782608,10.0,0.7923076923076923,0.8173076923076923,20.479999807692305,21.050546634615383,1.0,0.5522892241112684,0.10527653983131988,0.34243423605741174,20.64301318681319,60.57852999999994,0.7368705640357179,0.44701268427994845,0.23715769622609187,0,3
456438082734,0.7994505494505495,22.0,13.227272727272727,177.0,3.3181818181818183,16.0,0.7769230769230769,0.8557692307692307,14.504969038461539,15.759264423076921,1.0,0.5008842142564636,0.1432166294476909,0.3558991562958455,14.863339148351647,29.90258749999999,0.6006409465515883,0.3576675848087727,0.2126825268481546,0,0
456848294741,0.7994505494505495,25.0,11.64,158.0,3.0416666666666665,26.0,0.7884615384615384,0.8269230769230769,15.143135576923077,15.80900625,1.0,0.4659286041433797,0.13071607257015994,0.40335532328646045,15.33338434065934,31.129404999999995,0.5866961734246808,0.3352125315732198,0.2726392507163005,0,0
460219703544,0.7994505494505495,22.0,13.227272727272727,158.0,3.3181818181818183,14.0,0.7884615384615384,0.8269230769230769,18.418476730769232,19.20540721153846,1.0,0.46189376467240423,0.11969146703640317,0.4184147682911927,18.64331401098901,42.035707499999994,0.6535648157173362,0.3422022976360011,0.2987233012547895,0,3
461567416208,0.7994505494505495,19.0,15.31578947368421,213.0,4.055555555555555,26.0,0.8,0.7980769230769231,17.54909942307692,18.454653846153846,1.0,0.4498168044789103,0.040864989645212305,0.5093182058758773,17.80782925824176,38.439924999999995,0.7863883220598955,0.468453216230665,0.468453216230665,0,3
461845599527,0.7994505494505495,22.0,13.227272727272727,80.0,3.4761904761904763,39.0,0.7961538461538461,0.8076923076923077,13.134623461538464,13.83332644230769,1.0,0.5434777106357737,0.13483966007934967,0.3216826292848766,13.334252884615385,23.18563,0.4537832459731404,0.408638050556424,0.18684296920552695,0,9
472524819242,0.7994505494505495,21.0,13.857142857142858,132.0,3.65,14.0,0.7961538461538461,0.8076923076923077,17.369217307692306,18.269323076923076,1.0,0.42014017100139606,0.13182500714891776,0.44803482184968624,17.626390384615384,43.28812249999998,0.7526999845821314,0.3162098147007685,0.3162098147007685,0,0
472890523904,0.7994505494505495,17.0,17.11764705882353,140.0,4.5625,45.0,0.7923076923076923,0.8173076923076923,16.917755576923074,17.93253942307692,1.0,0.3654839707171301,0.09424836326767358,0.5402676660151963,17.207693818681317,42.223139999999994,0.8141604815309014,0.44601930274752266,0.44601930274752266,0,8
473623072737,0.7994505494505495,27.0,10.777777777777779,151.0,2.8076923076923075,13.0,0.8,0.7980769230769231,15.052880192307692,16.48218076923077,1.0,0.4227251441664523,0.13549141587228966,0.44178343996125796,15.461251785714287,40.89502499999998,0.7904340470064278,0.3062920240889683,0.3062920240889683,0,0
474280641581,0.7994505494505495,19.0,15.31578947368421,180.0,3.65,23.0,0.7846153846153846,0.8365384615384616,16.395547500000003,16.747258653846153,1.0,0.53804173488395,0.12091789948376294,0.34104036563228707,16.496036401098902,39.96319249999999,0.6853774200246231,0.41712383540018705,0.22012246614852413,0,0
474877816928,0.7994505494505495,13.0,22.384615384615383,203.0,5.615384615384615,32.0,0.7884615384615384,0.8269230769230769,13.828639615384617,14.509874519230769,1.0,0.4783748646346614,0.14333202745258777,0.37829310791275084,14.02327815934066,34.723062499999976,0.7494876544064207,0.3350428371820736,0.23496108046016306,0,0
476866365062,0.7994505494505495,25.0,11.64,91.0,3.0416666666666665,28.0,0.7846153846153846,0.8365384615384616,14.112679038461538,16.408767307692308,1.0,0.3662906435271264,0.2550656963059332,0.3786436601669403,14.768704258241758,34.23396749999999,0.6200863948845002,0.12357796386100711,0.12357796386100711,0,5
478263149367,0.7994505494505495,4.0,72.75,281.0,24.333333333333332,70.0,0.8,0.7980769230769231,19.605482499999997,20.38917548076923,1.0,0.5026391403028224,0.1465706429808106,0.35079021671636695,19.82939478021978,41.947509999999994,0.7165695659196666,0.35606849732201185,0.20421957373555635,1,6
478641134427,0.7994505494505495,30.0,9.7,154.0,2.5172413793103448,10.0,0.7884615384615384,0.8269230769230769,15.707440384615383,15.988401923076923,1.0,0.3464651878530607,0.0893503874195688,0.5641844247273705,15.78771510989011,41.94209,0.925513827853452,0.4748340373078017,0.4748340373078017,0,8
482711484576,0.7994505494505495,12.0,24.25,112.0,6.083333333333333,46.0,0.7961538461538461,0.8076923076923077,18.158917884615384,19.032086057692307,1.0,0.44227458131111824,0.17816455900225645,0.3795608596866253,18.408394505494506,43.69628249999999,0.6274091884167714,0.2641100223088618,0.20139630068436884,0,5
485938576709,0.7994505494505495,12.0,24.25,134.0,6.636363636363637,30.0,0.7923076923076923,0.8173076923076923,16.724708653846154,17.84185721153846,1.0,0.5801899600730331,0.16030926386031,0.2595007760666569,17.043893956043956,30.3594825,0.48352526429012865,0.41988069621272317,0.0991915122063469,0,5
488284777027,0.7994505494505495,23.0,12.652173913043478,69.0,3.1739130434782608,16.0,0.7961538461538461,0.8076923076923077,15.445247692307692,15.453147596153848,1.0,0.4351960448109285,0.23204303195059733,0.3327609232384742,15.447504807692306,37.03576249999999,0.6151758711232824,0.20315301286033116,0.10071789128787689,0,5
489966644023,0.7994505494505495,24.0,12.125,165.0,3.1739130434782608,20.0,0.8,0.7980769230769231,20.5834325,20.80404471153846,1.0,0.4117472963302088,0.10829236109936657,0.47996034257042464,20.64646456043956,49.121282499999985,0.6645242643886695,0.37166798147105806,0.37166798147105806,0,3
492043935205,0.7994505494505495,2.0,145.5,286.0,36.5,66.0,0.8,0.7980769230769231,16.67254346153846,17.23118125,1.0,0.4267361029305477,0.11483172133515422,0.458432175734298,16.832154258241758,38.594689999999986,0.7973770497311888,0.3436004543991438,0.3436004543991438,1,7
494622515995,0.7994505494505495,25.0,11.64,144.0,3.0416666666666665,16.0,0.8076923076923077,0.7788461538461539,15.57568269230769,16.712176442307694,1.0,0.3702803381666589,0.09213047671416905,0.5375891851191721,15.900395192307691,46.431317499999984,0.9292087203464507,0.445458708405003,0.445458708405003,0,8
496816889201,0.7994505494505495,19.0,15.31578947368421,114.0,4.055555555555555,35.0,0.7807692307692308,0.8461538461538461,13.996399615384616,15.37613221153846,1.0,0.4257044331404582,0.18558122168214616,0.3887143451773957,14.390608928571428,38.550677499999935,0.7983996116129132,0.24012321145831203,0.20313312349524956,0,0
497991941156,0.7994505494505495,18.0,16.166666666666668,141.0,4.055555555555555,18.0,0.7961538461538461,0.8076923076923077,21.53150480769231,22.25997163461539,1.0,0.436580030175548,0.22487963603931407,0.338540333785138,21.739638186813185,38.18326999999999,0.3882277807929946,0.2117003941362339,0.11366069774582391,0,5
498148724535,0.7994505494505495,23.0,12.652173913043478,104.0,3.3181818181818183,20.0,0.7923076923076923,0.8173076923076923,18.839155961538463,20.49238125,1.0,0.4664591649668743,0.12203863630692639,0.4115021987261992,19.311506043956044,49.25768749999999,0.7352605613165369,0.3444205286599479,0.2894635624192728,0,3
500229314484,0.7994505494505495,30.0,9.7,116.0,2.5172413793103448,10.0,0.7961538461538461,0.8076923076923077,18.34391923076923,20.043837019230768,1.0,0.4425633227699059,0.21469407828056875,0.3427425989495254,18.829610027472526,40.20635749999993,0.6096930039222509,0.22786924448933715,0.12804852066895667,0,5
502355731300,0.7994505494505495,14.0,20.785714285714285,115.0,5.214285714285714,26.0,0.8,0.7980769230769231,17.18741846153846,20.261194230769227,1.0,0.37818397440469304,0.17503978547096188,0.4467762401243451,18.06564010989011,48.59758999999999,0.7162463756027435,0.2717364546533832,0.2717364546533832,0,3
502492346691,0.7994505494505495,19.0,15.31578947368421,89.0,4.055555555555555,16.0,0.8076923076923077,0.7788461538461539,12.278632307692307,12.945197596153845,1.0,0.5036504419575284,0.18415797961945404,0.31219157842301754,12.469079532967033,26.144997499999985,0.6204753521033288,0.3194924623380744,0.1280335988035635,0,9
502666379920,0.7994505494505495,17.0,17.11764705882353,216.0,4.294117647058823,35.0,0.8,0.7980769230769231,19.81927,20.330256250000005,1.0,0.42277382457144647,0.08368360912399671,0.4935425663045568,19.965266071428573,44.92511499999998,0.7621957256167287,0.4098589571805601,0.4098589571805601,0,3
505685300811,0.7994505494505495,17.0,17.11764705882353,243.0,4.5625,35.0,0.7884615384615384,0.8269230769230769,22.419314999999997,23.953919711538465,1.0,0.4360127119329298,0.11201022091992642,0.45197706714714375,22.857773489010988,50.870934999999996,0.6497648349124513,0.33996684622721735,0.33996684622721735,0,3
505727036961,0.7994505494505495,22.0,13.227272727272727,173.0,3.3181818181818183,12.0,0.8115384615384615,0.7692307692307693,10.773788076923077,13.721527884615385,1.0,0.3540183232495877,0.14386168489946063,0.5021199918509517,11.61599945054945,40.02371999999999,0.9864247806398135,0.3582583069514911,0.3582583069514911,0,8
506085899132,0.7994505494505495,18.0,16.166666666666668,231.0,4.294117647058823,16.0,0.8038461538461539,0.7884615384615384,20.038132692307695,21.482900961538462,1.0,0.4433956487792365,0.07886817009070844,0.4777361811300551,20.450923626373626,44.239852499999984,0.7690149204026102,0.39886801103934666,0.39886801103934666,0,3
506217938614,0.7994505494505495,25.0,11.64,170.0,3.0416666666666665,20.0,0.8,0.7980769230769231,20.972931923076928,22.076390384615387,1.0,0.3938384328762551,0.11664447794565709,0.48951708917808784,21.288205769230768,64.87559499999999,0.8962669431679923,0.37287261123243076,0.37287261123243076,0,3
506516425398,0.7994505494505495,31.0,9.387096774193548,86.0,2.433333333333333,13.0,0.7923076923076923,0.8173076923076923,17.390615192307692,18.474639423076923,1.0,0.5274358222331234,0.1969715233806671,0.2755926543862095,17.7003364010989,36.5361875,0.5058092331722732,0.33046429885245626,0.07862113100554241,0,5
507151334062,0.7994505494505495,25.0,11.64,187.0,3.0416666666666665,12.0,0.7884615384615384,0.8269230769230769,15.912382499999998,17.219314903846154,1.0,0.37522214384877595,0.08975901126786137,0.5350188448833627,16.285791758241757,52.83311999999981,0.9421788548611343,0.44525983361550137,0.44525983361550137,0,8
507301153924,0.7994505494505495,10.0,29.1,178.0,8.11111111111111,47.0,0.8038461538461539,0.7884615384615384,17.248705384615388,18.25051875,1.0,0.3815639353041381,0.07757814937551637,0.5408579153203456,17.534937774725275,47.42890499999999,0.8497629219380359,0.46327976594482917,0.46327976594482917,0,8
508705675438,0.7994505494505495,24.0,12.125,98.0,3.0416666666666665,11.0,0.7884615384615384,0.8269230769230769,14.821088269230767,16.335164903846152,1.0,0.395589735218129,0.25072232156672103,0.3536879432151499,15.253681593406595,36.55964249999997,0.6566213629102695,0.14486741365140798,0.10296562164842887,0,5
509803096929,0.7994505494505495,26.0,11.192307692307692,96.0,2.8076923076923075,14.0,0.7961538461538461,0.8076923076923077,13.760145384615385,15.12115,1.0,0.4292910458846033,0.22942001663845632,0.3412889374769404,14.149003846153846,28.98244749999999,0.517130671156156,0.199871029246147,0.11186892083848407,0,9
512115561842,0.7994505494505495,13.0,22.384615384615383,237.0,6.083333333333333,28.0,0.7961538461538461,0.8076923076923077,9.32675673076923,10.39743846153846,1.0,0.6232584959770945,0.3595282119177609,0.017213292105144686,9.632665796703296,21.91914,0.8038559930426533,0.6060452038719498,-0.34231491981261625,1,2
515633380601,0.7994505494505495,18.0,16.166666666666668,145.0,4.055555555555555,12.0,0.7961538461538461,0.8076923076923077,14.71114596153846,16.25410721153846,1.0,0.514850593304101,0.12614246438528165,0.35900694231061736,15.151992032967033,38.41672,0.6915371398764116,0.38870812891881934,0.2328644779253357,0,0
519523043142,0.7994505494505495,21.0,13.857142857142858,203.0,3.65,21.0,0.7923076923076923,0.8173076923076923,18.39720596153846,18.55893894230769,1.0,0.4067050821556495,0.05618302502671075,0.5371118928176398,18.443415384615385,51.08371499999997,0.9145599724615862,0.4809288677909291,0.4809288677909291,0,8
521688376124,0.7994505494505495,25.0,11.64,110.0,2.8076923076923075,12.0,0.7884615384615384,0.8269230769230769,8.91585673076923,9.628508173076925,1.0,0.4991756709680133,0.17621903452810006,0.3246052945038867,9.119471428571428,17.792172499999968,0.6879105854829125,0.32295663643991324,0.14838625997578664,0,9
522699594880,0.7994505494505495,21.0,13.857142857142858,117.0,3.65,17.0,0.8076923076923077,0.7788461538461539,18.12419115384615,19.406912019230766,1.0,0.42435822537918955,0.10766756744455151,0.467974207176259,18.49068282967033,51.965285,0.8084808090602964,0.36030663973170746,0.36030663973170746,0,8
523126220371,0.7994505494505495,5.0,58.2,191.0,18.25,40.0,0.7884615384615384,0.8269230769230769,14.4547375,16.52764855769231,1.0,0.40346964543618935,0.35274547848908266,0.24378487607472787,15.046997802197803,29.2226175,0.5587504792041955,0.15968476936146148,-0.10896060241435479,1,2
527513524145,0.7994505494505495,22.0,13.227272727272727,120.0,3.3181818181818183,15.0,0.8038461538461539,0.7884615384615384,14.007795961538461,14.703645673076922,1.0,0.5605360420656991,0.22100818027732447,0.21845577765697638,14.206610164835165,30.646399999999986,0.5857207750045217,0.3420802644087227,-0.0025524026203480876,0,9
527841270938,0.7994505494505495,15.0,19.4,100.0,5.214285714285714,40.0,0.8,0.7980769230769231,17.95042980769231,18.648095673076924,1.0,0.4349175496298449,0.11507585309328883,0.4500065972768663,18.149762912087912,60.4916325,0.9739373233514458,0.3349307441835775,0.3349307441835775,0,8
528473190220,0.7994505494505495,31.0,9.387096774193548,142.0,2.433333333333333,9.0,0.7884615384615384,0.8269230769230769,10.217836153846152,11.580587980769232,1.0,0.39139422161025367,0.1787434820793596,0.42986229631038686,10.607193818681319,27.916587499999995,0.7889864378937784,0.2511188142310272,0.2511188142310272,0,0
530326467339,0.7994505494505495,24.0,12.125,98.0,3.1739130434782608,16.0,0.8115384615384615,0.7692307692307693,17.365481346153846,17.54510192307692,1.0,0.406783553347798,0.1526064240340744,0.4406100226181276,17.41680151098901,51.3989775,0.8585650614632299,0.2880035985840532,0.2880035985840532,0,8
530839250387,0.7994505494505495,28.0,10.392857142857142,93.0,2.7037037037037037,12.0,0.8115384615384615,0.7692307692307693,17.020873846153847,17.507345673076923,1.0,0.329143873542839,0.26278461715024526,0.40807150930691577,17.159865796703297,36.496512499999994,0.6263911717370855,0.1452868921566705,0.1452868921566705,0,5
532156016483,0.7994505494505495,21.0,13.857142857142858,192.0,3.4761904761904763,12.0,0.7884615384615384,0.8269230769230769,13.311378076923077,14.186022115384615,1.0,0.5806198426247845,0.19194800093981232,0.22743215643540307,13.561276373626376,37.984072499999996,0.831355387014241,0.38867184168497215,0.03548415549559075,0,9
535147169479,0.7994505494505495,21.0,13.857142857142858,103.0,3.65,20.0,0.8115384615384615,0.7692307692307693,17.494968076923076,19.059252403846152,1.0,0.39050908495664644,0.12479518088136085,0.48469573416199274,17.941906456043956,63.954084999999985,1.0379646741699604,0.35990055328063186,0.35990055328063186,0,8
537794905641,0.7994505494505495,10.0,29.1,223.0,8.11111111111111,40.0,0.8,0.7980769230769231,19.806494230769232,20.12042451923077,1.0,0.4067041513894238,0.07434214873544207,0.5189536998751342,19.8961885989011,46.684712499999996,0.7651381586836552,0.4446115511396921,0.4446115511396921,0,3
543083371030,0.7994505494505495,4.0,72.75,153.0,24.333333333333332,70.0,0.7961538461538461,0.8076923076923077,13.510556538461538,14.644448557692307,1.0,0.3879729273037206,0.17850444381629346,0.4335226288799859,13.834525686813187,43.843084999999924,1.0930529963031317,0.25501818506369245,0.25501818506369245,1,6
550439711039,0.7994505494505495,21.0,13.857142857142858,182.0,3.65,13.0,0.7807692307692308,0.8461538461538461,20.001059038461538,20.411453846153847,1.0,0.44042870947280965,0.13643132875803238,0.4231399617691581,20.118314697802198,39.58314499999998,0.5426994971963711,0.3039973807147773,0.2867086330111257,0,3
550699097107,0.7994505494505495,27.0,10.777777777777779,118.0,2.8076923076923075,14.0,0.7961538461538461,0.8076923076923077,12.801137115384616,14.167875000000002,1.0,0.38773122237721996,0.15125431283749577,0.4610144647852843,13.191633653846154,32.21373249999999,0.7382870341108995,0.3097601519477885,0.3097601519477885,0,0
550824816499,0.7994505494505495,24.0,12.125,139.0,3.1739130434782608,13.0,0.7884615384615384,0.8269230769230769,18.40566076923077,19.581800961538463,1.0,0.4335974145684498,0.16506291407430435,0.4013396713572459,18.741700824175823,36.743089999999995,0.5032809116625355,0.26853450049414546,0.23627675728294156,0,5
554556763469,0.7994505494505495,39.0,7.461538461538462,54.0,1.8717948717948718,5.0,0.7807692307692308,0.8461538461538461,12.16316326923077,13.926134615384614,1.0,0.5026684705273314,0.2432172147100581,0.2541143147626104,12.666869368131868,24.382759999999998,0.5141658201189769,0.25945125581727335,0.010897100052552317,0,9
554934799498,0.7994505494505495,23.0,12.652173913043478,162.0,3.3181818181818183,11.0,0.7961538461538461,0.8076923076923077,14.267418461538458,15.58863269230769,1.0,0.3897353702762761,0.11134484426627969,0.49891978545744414,14.644908241758243,42.90208999999999,0.8357176384129464,0.3875749411911644,0.3875749411911644,0,8
556873722359,0.7994505494505495,26.0,11.192307692307692,71.0,2.8076923076923075,13.0,0.8038461538461539,0.7884615384615384,15.736279615384616,18.018987980769232,1.0,0.5257500809940485,0.1533372544401808,0.3209126645657708,16.388482005494506,45.73334499999994,0.7737421841161588,0.37241282655386776,0.16757541012559,0,5
557510439545,0.7994505494505495,13.0,22.384615384615383,120.0,6.083333333333333,33.0,0.7884615384615384,0.8269230769230769,17.574414423076927,18.08962451923077,1.0,0.5376262309053323,0.15205854549622116,0.3103152235984465,17.72161730769231,38.7371075,0.6124376915223675,0.3855676854091112,0.15825667810222532,0,5
562644483220,0.7994505494505495,21.0,13.857142857142858,135.0,3.65,32.0,0.7653846153846153,0.8846153846153846,16.42555,17.80278701923077,1.0,0.5262079619850131,0.15746095741780577,0.3163310805971811,16.819046291208792,37.480417499999994,0.7087457564696892,0.3687470045672073,0.15887012317937535,0,5
565254289340,0.7994505494505495,23.0,12.652173913043478,162.0,3.3181818181818183,12.0,0.7807692307692308,0.8461538461538461,16.499387884615384,17.489096153846155,1.0,0.595371228200286,0.14533901720950973,0.2592897545902043,16.782161675824174,35.21377,0.5563625165890949,0.4500322109907763,0.11395073738069458,0,5
567178937487,0.7994505494505495,24.0,12.125,76.0,3.1739130434782608,16.0,0.7884615384615384,0.8269230769230769,15.069143653846155,17.038955769230768,1.0,0.44210924241815125,0.15159243263929026,0.40629832494255846,15.631947115384616,34.38019499999997,0.6543374650068384,0.29051680977886096,0.25470589230326823,0,0
569476192672,0.7994505494505495,7.0,41.57142857142857,153.0,12.166666666666666,30.0,0.7923076923076923,0.8173076923076923,10.95352673076923,11.496671153846155,1.0,0.3932078225662306,0.2560237631553745,0.3507684142783949,11.108710851648352,24.68522749999999,0.7868062503364911,0.1371840594108561,0.09474465112302038,1,2
570165055314,0.7994505494505495,20.0,14.55,159.0,3.8421052631578947,19.0,0.7923076923076923,0.8173076923076923,18.379431923076922,19.29253221153846,1.0,0.4112796369484842,0.16524834177788425,0.42347202127363165,18.64031771978022,44.46929999999999,0.7320457091689951,0.2582236794957474,0.2582236794957474,0,3
572527507614,0.7994505494505495,29.0,10.03448275862069,107.0,2.607142857142857,17.0,0.7807692307692308,0.8461538461538461,13.760899807692308,14.805472596153844,1.0,0.42682933930534783,0.2276189316049148,0.34555172908973736,14.059349175824176,27.627414999999996,0.4827089281885365,0.19921040770043302,0.11793279748482255,0,9
574397327438,0.7994505494505495,18.0,16.166666666666668,138.0,4.294117647058823,22.0,0.8,0.7980769230769231,13.846986346153846,15.088271634615383,1.0,0.3399771582629748,0.15666504178330906,0.503357799953716,14.201639285714286,42.12052749999999,0.8827962045658952,0.3466927581704069,0.3466927581704069,0,8
576318259050,0.7994505494505495,4.0,72.75,235.0,18.25,60.0,0.8076923076923077,0.7788461538461539,17.22262480769231,17.786970673076926,1.0,0.43196465764312164,0.11109726376645113,0.45693807859042734,17.38386648351648,39.280709999999964,0.7526532826060268,0.3458408148239762,0.3458408148239762,1,6
577295037933,0.7994505494505495,25.0,11.64,121.0,3.0416666666666665,14.0,0.7730769230769231,0.8653846153846154,15.327787884615383,16.669013942307693,1.0,0.40131243040172937,0.05115453108074745,0.5475330385175231,15.71099532967033,62.22951749999999,1.1643954772042153,0.49637850743677564,0.49637850743677564,0,8
581115248494,0.7994505494505495,17.0,17.11764705882353,164.0,4.5625,15.0,0.7923076923076923,0.8173076923076923,18.727151346153846,20.412218269230774,1.0,0.5046919913050332,0.11363611968629463,0.3816718890086722,19.20859903846154,40.86657,0.6648934226990576,0.39105587161873856,0.2680357693223776,0,3
581345917865,0.7994505494505495,31.0,9.387096774193548,137.0,2.433333333333333,17.0,0.7923076923076923,0.8173076923076923,19.00299884615385,19.631720673076924,1.0,0.4248525700826883,0.14019898936604697,0.4349484405512647,19.182633653846153,36.6718825,0.5192735785354786,0.2947494511852177,0.2947494511852177,0,5
582816965126,0.7994505494505495,32.0,9.09375,121.0,2.3548387096774195,11.0,0.7961538461538461,0.8076923076923077,17.237689615384618,19.110499038461537,1.0,0.4028639489902696,0.22364547448412897,0.3734905765256014,17.77277802197802,41.19989499999998,0.5246209508091496,0.17921847450614065,0.14984510204147244,0,5
587216697333,0.7994505494505495,20.0,14.55,143.0,3.4761904761904763,16.0,0.7961538461538461,0.8076923076923077,15.17994423076923,17.072859615384615,1.0,0.46174937629348883,0.1659901629098008,0.3722604607967104,15.720777197802198,38.125987499999994,0.6922538926997296,0.29575921338368805,0.2062702978869096,0,0
589060066138,0.695054945054945,12.0,21.083333333333332,184.0,10.090909090909092,68.0,0.7,0.6826923076923077,5.305755576923076,5.338779326923078,1.0,0.5272907659701266,0.47261521571878656,9.401831108689873e-05,5.315190934065934,14.50081499999999,0.9722136784354097,0.5271967476590397,-0.47252119740769966,1,1
590496609767,0.7994505494505495,28.0,10.392857142857142,173.0,2.7037037037037037,11.0,0.8,0.7980769230769231,19.79301,20.843941826923075,1.0,0.4357999287266363,0.09800209190583277,0.4661979793675309,20.093276236263737,42.22924749999999,0.695965144229872,0.3681958874616981,0.3681958874616981,0,3
593324656618,0.7994505494505495,22.0,13.227272727272727,138.0,3.4761904761904763,15.0,0.8,0.7980769230769231,10.688434038461539,11.405700480769232,1.0,0.37111836905898254,0.12389447485397721,0.5049871560870403,10.893367307692309,31.665917499999978,0.9743745311160649,0.38109268123306306,0.38109268123306306,0,0
593948855549,0.7994505494505495,2.0,145.5,290.0,36.5,65.0,0.8,0.7980769230769231,13.548517115384616,14.565785576923076,1.0,0.6288775238271801,0.20513508589052432,0.16598739028229556,13.839165247252748,43.974985,0.9531456069839612,0.4628901335448845,-0.039147695608228755,1,4
597355425293,0.7994505494505495,23.0,12.652173913043478,108.0,3.3181818181818183,12.0,0.7807692307692308,0.8461538461538461,18.702421730769235,19.562254807692305,1.0,0.4283630761179676,0.22632102054019293,0.3453159033418394,18.948088324175824,40.12834999999998,0.6106136517356132,0.20204205557777466,0.1189948828016465,0,5
600628425457,0.7994505494505495,31.0,9.387096774193548,126.0,2.3548387096774195,9.0,0.7923076923076923,0.8173076923076923,15.312714038461538,16.700217307692306,1.0,0.45091953822476794,0.13546849006053688,0.41361197171469527,15.709143543956044,44.51054999999999,0.7259483576348948,0.3154510481642311,0.27814348165415836,0,0
601151545360,0.7994505494505495,24.0,12.125,157.0,3.1739130434782608,11.0,0.7923076923076923,0.8173076923076923,17.260006153846152,17.844239903846155,1.0,0.4467225637445948,0.11515625001601072,0.43812118623939456,17.42693008241758,39.595662499999996,0.6448145615659684,0.3315663137285841,0.32296493622338385,0,0
602720394896,0.7994505494505495,6.0,48.5,140.0,14.6,51.0,0.8076923076923077,0.7788461538461539,14.263473653846155,15.675297596153845,1.0,0.4276913603919701,0.16553081375601758,0.4067778258520124,14.666851923076923,32.01573249999999,0.6727553684681515,0.2621605466359525,0.2412470120959948,1,6
606977580459,0.7994505494505495,23.0,12.652173913043478,109.0,3.1739130434782608,20.0,0.8,0.7980769230769231,14.5673675,15.82343798076923,1.0,0.5115974276520939,0.282162958006834,0.20623961434107205,14.92624478021978,30.349099999999975,0.5934354193986441,0.30535781331102185,-0.07592334366576195,0,9
607944129448,0.7994505494505495,27.0,10.777777777777779,131.0,2.8076923076923075,17.0,0.7884615384615384,0.8269230769230769,16.109795384615385,17.65353653846154,1.0,0.3908969612257226,0.10987537485592613,0.49922766391835116,16.550864285714287,46.52549999999999,0.8246492993344156,0.389352289062425,0.389352289062425,0,8
608939374827,0.7994505494505495,25.0,11.64,164.0,3.0416666666666665,9.0,0.8115384615384615,0.7692307692307693,19.59073692307692,20.395472115384617,1.0,0.3958485322931489,0.13339794290304266,0.47075352480380844,19.820661263736262,40.22261249999999,0.6335694115767018,0.33735558190076576,0.33735558190076576,0,3
620187022059,0.7994505494505495,29.0,10.03448275862069,171.0,2.607142857142857,11.0,0.7846153846153846,0.8365384615384616,17.286411538461536,18.219309615384613,1.0,0.33319223751701915,0.08207463813735869,0.5847331243456222,17.552953846153848,58.195882499999975,0.9559563601513648,0.5026584862082635,0.5026584862082635,0,8
621743044608,0.7994505494505495,20.0,14.55,101.0,3.65,26.0,0.8,0.7980769230769231,16.663532115384616,17.295884615384615,1.0,0.40539104464364506,0.28344438132831207,0.3111645740280429,16.84420425824176,31.697182499999997,0.49052096240801835,0.12194666331533299,0.027720192699730806,0,5
621818987245,0.7994505494505495,16.0,18.1875,108.0,4.866666666666666,26.0,0.8,0.7980769230769231,13.355691538461539,14.47327596153846,1.0,0.4646154283488932,0.12338882180637424,0.4119957498447326,13.675001373626374,35.285357499999996,0.7438541560276873,0.34122660654251896,0.28860692803835836,0,0
623330210743,0.7994505494505495,24.0,12.125,167.0,3.1739130434782608,19.0,0.7884615384615384,0.8269230769230769,19.100078653846154,20.29731346153846,1.0,0.39415583375532,0.1384184696578757,0.4674256965868043,19.442145741758242,47.9483475,0.7022225451035179,0.3290072269289286,0.3290072269289286,0,3
623992423880,0.7994505494505495,36.0,8.083333333333334,76.0,2.0277777777777777,6.0,0.7923076923076923,0.8173076923076923,17.217942884615383,18.50408798076923,1.0,0.4865182576786958,0.29180059372072914,0.22168114860057514,17.58541291208791,28.711689999999994,0.3501677898608286,0.26483710907812064,-0.070119445120154,0,5
624179141101,0.7994505494505495,15.0,19.4,244.0,4.866666666666666,37.0,0.7961538461538461,0.8076923076923077,13.96963019230769,14.50053701923077,1.0,0.4483166252597171,0.15162740955305337,0.40005596518722947,14.121317857142857,33.36918499999999,0.7325855991833874,0.29668921570666373,0.2484285556341761,0,0
624234612968,0.7994505494505495,32.0,9.09375,32.0,2.28125,10.0,0.7807692307692308,0.8461538461538461,14.448043076923078,16.03200480769231,1.0,0.42736243610752767,0.1832311553424241,0.3894064085500482,14.900603571428572,31.192724999999957,0.7001918642182906,0.24413128076510357,0.20617525320762412,0,5
625118767797,0.7994505494505495,17.0,17.11764705882353,106.0,4.5625,42.0,0.8,0.7980769230769231,19.37693884615385,20.109983173076923,1.0,0.4296626720040734,0.19473523058924797,0.37560209740667866,19.586380082417584,46.08471749999996,0.6082577480180795,0.2349274414148254,0.1808668668174307,0,5
630132392663,0.7994505494505495,8.0,36.375,199.0,10.428571428571429,62.0,0.8,0.7980769230769231,18.63747057692308,20.397306730769227,1.0,0.5623091784489223,0.08073844180163597,0.3569523797494418,19.140280906593407,41.898514999999996,0.6238099279091573,0.4815707366472863,0.2762139379478058,1,6
631764704701,0.7994505494505495,19.0,15.31578947368421,249.0,3.8421052631578947,29.0,0.7923076923076923,0.8173076923076923,15.345208269230769,16.179384134615386,1.0,0.4867549597656911,0.21028736092265263,0.30295767931165624,15.583544230769231,30.542189999999994,0.5793024384562081,0.2764675988430385,0.09267031838900361,0,0
632662091867,0.7994505494505495,11.0,26.454545454545453,123.0,6.636363636363637,46.0,0.8038461538461539,0.7884615384615384,13.29044326923077,14.09396298076923,1.0,0.5404862760098099,0.17241008927867127,0.2871036347115188,13.52002032967033,29.069034999999996,0.6313292468174058,0.3680761867311386,0.11469354543284752,0,9
635159010835,0.7994505494505495,22.0,13.227272727272727,225.0,3.3181818181818183,18.0,0.7846153846153846,0.8365384615384616,20.63156519230769,21.379412980769228,1.0,0.4481393612757778,0.044991859749649754,0.5068687789745724,20.845235989010988,47.77311499999998,0.81162710636816,0.46187691922492263,0.46187691922492263,0,3
635315346916,0.7994505494505495,19.0,15.31578947368421,231.0,3.8421052631578947,22.0,0.7807692307692308,0.8461538461538461,17.959085769230768,18.794527884615384,1.0,0.4420934867505601,0.06375139394768702,0.49415511930175293,18.197783516483515,44.79782249999997,0.8035345814309861,0.4304037253540659,0.4304037253540659,0,3
636003157709,0.7994505494505495,11.0,26.454545454545453,265.0,6.636363636363637,44.0,0.7923076923076923,0.8173076923076923,8.568881730769231,9.861446153846154,1.0,0.6337890800141932,0.3061572789780383,0.06005364100776835,8.938185851648353,21.625987499999987,0.7472277623494201,0.5737354390064249,-0.24610363797026993,1,2
638319105726,0.7994505494505495,32.0,9.09375,149.0,2.28125,9.0,0.7884615384615384,0.8269230769230769,18.04816826923077,19.290088461538463,1.0,0.41885759221132834,0.18388476068305237,0.39725764710561934,18.40300260989011,42.96457749999997,0.6051287177850619,0.23497283152827597,0.21337288642256697,0,5
640926753755,0.7994505494505495,3.0,97.0,207.0,36.5,63.0,0.7961538461538461,0.8076923076923077,13.445419615384617,14.168220673076924,1.0,0.5075793561072199,0.31319409807496085,0.17922654581781933,13.651934203296703,29.634442499999995,0.6722919638192734,0.3283528102894006,-0.13396755225714152,1,4
642017876916,0.7994505494505495,17.0,17.11764705882353,168.0,4.055555555555555,31.0,0.7884615384615384,0.8269230769230769,15.873405192307693,16.96125721153846,1.0,0.4528057456455049,0.2237080886057086,0.3234861657487866,16.184220054945055,29.826284999999988,0.443374177618991,0.22909765703979632,0.09977807714307799,0,5
642890962601,0.7994505494505495,13.0,22.384615384615383,249.0,6.083333333333333,21.0,0.7884615384615384,0.8269230769230769,13.660690192307692,14.786919230769229,1.0,0.5237413200895654,0.15729500423022819,0.31896367568020634,13.982469917582419,28.796299999999984,0.5156509109889311,0.36644631585933723,0.16166867144997815,0,0
649387263878,0.7994505494505495,22.0,13.227272727272727,162.0,3.4761904761904763,10.0,0.8,0.7980769230769231,16.03755019230769,16.625041346153846,1.0,0.39970196485202963,0.08845107274827511,0.5118469623996952,16.205404807692307,46.911497499999996,0.9161550525716776,0.42339588965142005,0.42339588965142005,0,8
649759679802,0.7994505494505495,19.0,15.31578947368421,173.0,4.055555555555555,40.0,0.7961538461538461,0.8076923076923077,13.194933076923077,13.974891346153846,1.0,0.4718148054063011,0.28436456281872874,0.2438206317749702,13.417778296703295,24.64781999999997,0.5348950333936882,0.2279941736313309,-0.04054393104375853,0,9
650177016310,0.7994505494505495,34.0,8.558823529411764,96.0,2.212121212121212,20.0,0.7884615384615384,0.8269230769230769,16.16014596153846,16.571276442307692,1.0,0.4388039160576297,0.14171649197871,0.4194795919636603,16.277611813186812,42.736585,0.7360738593147012,0.2970874240789197,0.2777630999849503,0,0
650651954021,0.7994505494505495,7.0,41.57142857142857,185.0,12.166666666666666,59.0,0.8,0.7980769230769231,11.362829615384616,12.927753846153847,1.0,0.4964589369725255,0.14047093272364072,0.36307013030383367,11.809950824175825,25.33445749999999,0.6523484207185696,0.35598800424888477,0.22259919758019295,1,6
652263958710,0.7994505494505495,30.0,9.7,63.0,2.5172413793103448,13.0,0.7807692307692308,0.8461538461538461,16.273286153846154,19.88198317307692,1.0,0.44504257343840037,0.2249617709738789,0.32999565558772076,17.304342445054946,42.18131999999996,0.5592817946594878,0.22008080246452147,0.10503388461384186,0,5
653813339670,0.7994505494505495,18.0,16.166666666666668,138.0,4.055555555555555,14.0,0.8,0.7980769230769231,18.341372692307694,20.173685096153847,1.0,0.33826249257452884,0.2809036727137815,0.38083383471168963,18.864890521978023,43.73285499999999,0.6336212043343211,0.0999301619979081,0.0999301619979081,0,5
655099517340,0.7994505494505495,33.0,8.818181818181818,106.0,2.212121212121212,7.0,0.7807692307692308,0.8461538461538461,18.74662596153846,19.92962019230769,1.0,0.4611414106193378,0.24094438690198977,0.2979142024786725,19.08462431318681,46.75320249999996,0.5815956762385487,0.220197023717348,0.056969815576682736,0,5
655455561190,0.7994505494505495,29.0,10.03448275862069,164.0,2.607142857142857,13.0,0.7846153846153846,0.8365384615384616,17.401273653846154,17.987091826923077,1.0,0.49372028601082596,0.18529857605534156,0.3209811379338324,17.568650274725275,36.2664825,0.5571572854125951,0.3084217099554844,0.13568256187849087,0,5
659061858032,0.7994505494505495,21.0,13.857142857142858,154.0,3.65,15.0,0.7807692307692308,0.8461538461538461,14.339129038461538,16.700033653846155,1.0,0.43453926306973234,0.15908648692312438,0.40637425000714317,15.013673214285715,42.92239749999999,0.7665025097705861,0.27545277614660796,0.24728776308401879,0,0
660232361383,0.7994505494505495,16.0,18.1875,251.0,4.866666666666666,13.0,0.7846153846153846,0.8365384615384616,19.39400769230769,21.63832019230769,1.0,0.44844464505556025,0.12242931489684392,0.4291260400475958,20.035239835164834,45.96450249999998,0.7150930207985299,0.3260153301587163,0.30669672515075186,0,3
665391033670,0.7994505494505495,13.0,22.384615384615383,76.0,6.083333333333333,30.0,0.8,0.7980769230769231,11.864174038461536,11.873834615384615,1.0,0.5282057109443717,0.16599194772907697,0.30580234132655126,11.866934203296703,29.5851,0.7878074246081801,0.36221376321529475,0.1398103935974743,1,7
665652027296,0.7994505494505495,27.0,10.777777777777779,135.0,2.7037037037037037,11.0,0.8153846153846154,0.7596153846153846,15.789015576923077,16.503497115384615,1.0,0.4854080886519476,0.13387182212374452,0.38072008922430794,15.99315315934066,34.64319999999999,0.6203381700121271,0.35153626652820313,0.24684826710056343,0,0
666207655158,0.7994505494505495,29.0,10.03448275862069,86.0,2.607142857142857,13.0,0.7961538461538461,0.8076923076923077,15.481939615384615,15.968474519230769,1.0,0.47403324675469943,0.2744529740206149,0.2515137792246857,15.620949587912087,26.042539999999974,0.39665007700591487,0.22251946753001373,-0.022939194795929208,0,9
669986972336,0.7994505494505495,18.0,16.166666666666668,166.0,4.294117647058823,7.0,0.7923076923076923,0.8173076923076923,14.904497307692308,15.826802884615386,1.0,0.3978932820745102,0.05093548511427895,0.5511712328112109,15.168013186813186,54.24507749999998,1.1659987422038183,0.500235747696932,0.500235747696932,0,8
673399951512,0.7994505494505495,27.0,10.777777777777779,133.0,2.8076923076923075,9.0,0.8,0.7980769230769231,14.823186730769232,15.459222596153847,1.0,0.3707453056075395,0.09777727171636495,0.5314774226760957,15.004911263736263,50.45947499999999,0.9583053840265712,0.4337001509597307,0.4337001509597307,0,8
677711541818,0.7994505494505495,24.0,12.125,164.0,3.1739130434782608,17.0,0.8,0.7980769230769231,22.361439038461533,23.579102884615388,1.0,0.4126474497652692,0.07527108417647511,0.5120814660582558,22.70934299450549,60.72033749999999,0.8194036135842188,0.4368103818817807,0.4368103818817807,0,3
678827882270,0.7994505494505495,23.0,12.652173913043478,173.0,3.3181818181818183,13.0,0.8,0.7980769230769231,15.959485769230769,17.519673557692307,1.0,0.45895322480577305,0.11839901829894064,0.4226477568952864,16.405253708791207,38.27962249999998,0.6941607918984212,0.34055420650683244,0.3042487385963457,0,0
683877419832,0.7994505494505495,21.0,13.857142857142858,169.0,3.65,13.0,0.7961538461538461,0.8076923076923077,20.536603846153845,22.326226442307696,1.0,0.408602219799398,0.0612033340370518,0.5301944461635502,21.04792458791209,58.32582249999998,0.9063995771613155,0.46899111212649836,0.46899111212649836,0,3
685469876576,0.7994505494505495,26.0,11.192307692307692,128.0,2.92,11.0,0.8038461538461539,0.7884615384615384,15.119563269230769,16.08993942307692,1.0,0.4940035357501319,0.11840408359075795,0.38759238065911006,15.3968135989011,32.294944999999984,0.6056616931955657,0.37559945215937396,0.2691882970683521,0,0
687491646215,0.7994505494505495,16.0,18.1875,142.0,4.5625,33.0,0.8,0.7980769230769231,20.178042884615383,22.007319711538457,1.0,0.40621243058641504,0.13515495924089393,0.458632610172691,20.700693406593405,53.084249999999976,0.7521527495079205,0.3234776509317971,0.3234776509317971,0,3
687614166407,0.7994505494505495,29.0,10.03448275862069,87.0,2.607142857142857,20.0,0.7961538461538461,0.8076923076923077,14.796950192307692,15.732721634615386,1.0,0.5236436081992116,0.24749020686962664,0.2288661849311617,15.064313461538461,34.765429999999995,0.6696017291953712,0.2947774232680499,-0.018624021938464935,0,9
688581497117,0.7994505494505495,24.0,12.125,140.0,3.1739130434782608,18.0,0.7923076923076923,0.8173076923076923,14.540564423076924,18.5558125,1.0,0.3450803661158322,0.1513976219939185,0.5035220118902494,15.687778159340658,53.53895749999999,0.9543567264209708,0.3521243898963309,0.3521243898963309,0,8
688684495583,0.7994505494505495,24.0,12.125,160.0,3.0416666666666665,13.0,0.7846153846153846,0.8365384615384616,12.555056538461539,13.683200000000001,1.0,0.5243656487356708,0.15857814647560703,0.317056204788722,12.877383241758242,27.4566675,0.5627542320034598,0.3657875022600638,0.15847805831311496,0,9
691676578586,0.7994505494505495,3.0,97.0,259.0,36.5,47.0,0.8,0.7980769230769231,17.92872326923077,18.4649125,1.0,0.4964894696776793,0.101605271290545,0.4019052590317757,18.08192019230769,43.85979499999998,0.7900371110473348,0.3948841983871343,0.3002999877412307,1,6
695799524664,0.7994505494505495,30.0,9.7,149.0,2.5172413793103448,11.0,0.7884615384615384,0.8269230769230769,15.469791538461537,15.810363942307692,1.0,0.5295289913594795,0.16135770222545928,0.3091133064150613,15.567097939560439,34.850255,0.5649973613288556,0.3681712891340202,0.147755604189602,0,5
696874601520,0.7994505494505495,25.0,11.64,83.0,2.8076923076923075,20.0,0.7769230769230769,0.8557692307692307,14.689340576923076,14.28488173076923,1.0,0.5800603173742926,0.19066745682317027,0.2292722258025371,14.573780906593406,38.05806249999996,0.6855673849876512,0.3893928605511224,0.03860476897936682,0,9
696919189849,0.7994505494505495,30.0,9.7,164.0,2.433333333333333,10.0,0.7884615384615384,0.8269230769230769,13.742630769230768,14.330582692307692,1.0,0.4951398198774807,0.13958116740857635,0.3652790127139429,13.910617032967034,32.75225999999999,0.6795549083863641,0.35555865246890433,0.22569784530536657,0,0
702601812075,0.7884615384615384,3.0,95.66666666666667,285.0,38.5,76.0,0.7884615384615384,0.7884615384615384,12.898539807692307,14.190240865384615,1.0,0.43571139213121346,0.3195302676391591,0.24475834022962747,13.267597252747251,31.17035749999999,0.7353977733748162,0.19095305190158599,-0.07477192740953162,1,7
704732935585,0.7994505494505495,20.0,14.55,133.0,3.8421052631578947,26.0,0.8,0.7980769230769231,14.004389230769231,15.35846778846154,1.0,0.5075865835432861,0.14278359426131365,0.34962982219540034,14.391268818681318,32.75354749999998,0.5965026978038921,0.36480298928197247,0.2068462279340867,0,0
707528840314,0.7994505494505495,21.0,13.857142857142858,162.0,3.65,24.0,0.8076923076923077,0.7788461538461539,18.118095384615383,18.72034326923077,1.0,0.3785879804954338,0.09263152653414235,0.5287804929704238,18.29016620879121,45.683715,0.7824199706901455,0.4361489664362815,0.4361489664362815,0,8
708926547970,0.7994505494505495,22.0,13.227272727272727,161.0,3.4761904761904763,15.0,0.7807692307692308,0.8461538461538461,15.83515442307692,16.876091826923076,1.0,0.38304350678854354,0.11555138532246997,0.5014051078889864,16.13256510989011,38.60605499999998,0.7893057647775155,0.3858537225665164,0.3858537225665164,0,8
711466802054,0.7994505494505495,18.0,16.166666666666668,164.0,4.294117647058823,38.0,0.8038461538461539,0.7884615384615384,18.042647884615384,18.33775721153846,1.0,0.4685995540127276,0.1412400659499557,0.3901603800373168,18.126964835164834,39.43089999999998,0.6228433074103141,0.32735948806277193,0.2489203140873611,0,0
711954092132,0.771978021978022,8.0,35.125,221.0,11.857142857142858,37.0,0.7653846153846153,0.7884615384615384,6.514876923076923,6.810323557692308,1.0,0.49098074628529914,0.27432439298490163,0.23469486072979917,6.599290247252747,23.49986249999998,1.2175477198674751,0.25628588555549997,-0.03962953225510246,1,1
713142020168,0.7994505494505495,14.0,20.785714285714285,222.0,5.214285714285714,38.0,0.8038461538461539,0.7884615384615384,20.389162307692306,20.318351923076925,1.0,0.4439875355307078,0.0932013618888539,0.4628111025804383,20.36893076923077,43.282814999999985,0.6622558849277786,0.36960974069158437,0.36960974069158437,0,3
714130684131,0.7994505494505495,18.0,16.166666666666668,110.0,4.294117647058823,21.0,0.7807692307692308,0.8461538461538461,14.983006923076925,16.22954423076923,1.0,0.5154681571322586,0.1961643136191817,0.2883675292485598,15.33916043956044,34.95507,0.6221514894496964,0.31930384351307683,0.09220321562937808,0,9
718268169857,0.7994505494505495,21.0,13.857142857142858,228.0,3.65,11.0,0.7923076923076923,0.8173076923076923,14.982734807692308,16.180184134615384,1.0,0.4875338417054151,0.12554158112162125,0.3869245771729636,15.324863186813188,34.27236499999999,0.6111455190502413,0.36199226058379386,0.2613829960513423,0,0
727941794770,0.7994505494505495,16.0,18.1875,177.0,4.5625,22.0,0.7923076923076923,0.8173076923076923,19.465392884615387,20.45444615384615,1.0,0.5921857035715249,0.14667673159024175,0.26113756483823347,19.747979532967033,40.259479999999996,0.5819432443802782,0.44550897198128314,0.11446083324799172,0,5
728535918634,0.7994505494505495,10.0,29.1,216.0,8.11111111111111,32.0,0.8038461538461539,0.7884615384615384,20.647134615384616,21.738653365384614,1.0,0.4116771916102358,0.022368609709359326,0.565954198680405,20.958997115384616,64.6703075,0.9939635833204999,0.5435855889710457,0.5435855889710457,0,3
731628519845,0.7994505494505495,12.0,24.25,217.0,6.636363636363637,34.0,0.7961538461538461,0.8076923076923077,16.20429692307692,17.286236057692307,1.0,0.5080623933003551,0.051650316261625834,0.440287290438019,16.51342239010989,37.426939999999995,0.6926414764778684,0.4564120770387292,0.3886369741763932,1,6
733176370329,0.7994505494505495,21.0,13.857142857142858,78.0,3.65,33.0,0.8115384615384615,0.7692307692307693,19.07203192307692,20.32284423076923,1.0,0.3915911576822609,0.37003149369665816,0.2383773486210809,19.42940686813187,36.86508749999999,0.49244075730573394,0.15321380906117998,-0.13165414507557727,0,5
734296456453,0.7994505494505495,13.0,22.384615384615383,145.0,5.615384615384615,49.0,0.8038461538461539,0.7884615384615384,14.359650384615385,15.487603846153844,1.0,0.46307888640585315,0.1770943313915657,0.35982678220258113,14.681922802197802,39.57897999999999,0.8530154177744399,0.28598455501428743,0.18273245081101544,1,7
737799359531,0.7994505494505495,33.0,8.818181818181818,173.0,2.212121212121212,10.0,0.7884615384615384,0.8269230769230769,15.420184807692308,16.41632548076923,1.0,0.49556947491666253,0.17887944361646776,0.3255510814668697,15.704796428571429,28.26110499999999,0.4202581251840728,0.3166900313001948,0.1466716378504019,0,5
740636461664,0.7994505494505495,29.0,10.03448275862069,93.0,2.607142857142857,18.0,0.7884615384615384,0.8269230769230769,16.522487115384614,18.45486923076923,1.0,0.3973103848182789,0.18787571128276562,0.41481390389895545,17.074596291208792,43.57869499999997,0.6878453747936327,0.22693819261618983,0.22693819261618983,0,5
741808060517,0.7994505494505495,26.0,11.192307692307692,100.0,2.92,21.0,0.7961538461538461,0.8076923076923077,16.204987115384615,17.49737596153846,1.0,0.43113072445637235,0.18877441017864383,0.3800948653649838,16.574241071428574,39.500459999999975,0.629400030469065,0.24235631427772852,0.19132045518634,0,5
743056316867,0.7994505494505495,17.0,17.11764705882353,123.0,4.5625,36.0,0.8038461538461539,0.7884615384615384,12.512898846153847,13.77264951923077,1.0,0.40946238821796294,0.09875137899347895,0.4917862327885581,12.872827609890109,32.28847999999999,0.8383774361166334,0.39303485379507913,0.39303485379507913,0,0
745536967686,0.7994505494505495,2.0,145.5,289.0,36.5,68.0,0.8038461538461539,0.7884615384615384,14.217562115384617,15.027028365384616,1.0,0.4613921580181045,0.2104868749571123,0.3281209670247832,14.448838186813186,31.366689999999995,0.65450662318963,0.25090528306099225,0.11763409206767092,1,4
747298632726,0.7994505494505495,38.0,7.657894736842105,164.0,1.972972972972973,6.0,0.7807692307692308,0.8461538461538461,21.583167307692307,22.40409903846154,1.0,0.42173143293223525,0.09916083179593237,0.4791077352718323,21.81771923076923,53.038272499999955,0.7479065960553002,0.37994690347589993,0.37994690347589993,0,3
747826355688,0.7994505494505495,9.0,32.333333333333336,260.0,9.125,40.0,0.7923076923076923,0.8173076923076923,15.1629325,16.16922548076923,1.0,0.50139767127512,0.11695770911961548,0.3816446196052644,15.450444780219781,38.69612749999996,0.7582756666591606,0.3844399621555046,0.26468691048564896,1,6
748548747258,0.7994505494505495,21.0,13.857142857142858,180.0,3.65,33.0,0.7807692307692308,0.8461538461538461,16.457066346153844,16.90146153846154,1.0,0.6000230510962793,0.09410173137090617,0.3058752175328146,16.584036401098903,46.84351999999999,0.8088069735776323,0.5059213197253731,0.21177348616190844,0,0
748861601578,0.7994505494505495,27.0,10.777777777777779,137.0,2.8076923076923075,11.0,0.7884615384615384,0.8269230769230769,16.075773076923078,17.641904807692306,1.0,0.41491475102058634,0.1456149564638323,0.43947029251558134,16.523239285714286,42.1954825,0.6670738927804581,0.29385533605174907,0.29385533605174907,0,0
751401165309,0.7994505494505495,11.0,26.454545454545453,163.0,7.3,35.0,0.8038461538461539,0.7884615384615384,14.37634019230769,15.485564903846155,1.0,0.4911469565775386,0.08935789546348076,0.4194951479589807,14.693261538461538,38.6849875,0.9405245591642297,0.4017890611140578,0.3301372524954999,1,6
752185453913,0.7994505494505495,23.0,12.652173913043478,157.0,3.0416666666666665,32.0,0.8,0.7980769230769231,16.1433775,19.095597596153848,1.0,0.362827222895487,0.17869791086046216,0.4584748662440508,16.986868956043956,45.845032499999974,0.7339647955169835,0.27977695538358865,0.27977695538358865,0,0
755020396264,0.7994505494505495,26.0,11.192307692307692,138.0,2.92,15.0,0.7769230769230769,0.8557692307692307,15.911451153846155,16.96666346153846,1.0,0.3859360628414052,0.14864334812734292,0.4654205890312519,16.212940384615383,37.46970999999999,0.6190597941144713,0.31677724090390896,0.31677724090390896,0,0
755200733357,0.7994505494505495,15.0,19.4,209.0,5.214285714285714,18.0,0.7923076923076923,0.8173076923076923,13.79259423076923,14.00800576923077,1.0,0.5007774186440991,0.40515956560056393,0.09406301575533683,13.854140384615386,36.6831025,0.9128791140808241,0.40671440288876226,-0.3110965498452271,1,2
755491831973,0.7994505494505495,27.0,10.777777777777779,77.0,2.8076923076923075,12.0,0.8076923076923077,0.7788461538461539,12.716662499999998,13.40044375,1.0,0.46524932965649374,0.30747489179950277,0.22727577854400355,12.912028571428571,22.1241775,0.4029765819493102,0.2379735511124902,-0.08019911325549922,0,9
756106530982,0.7994505494505495,11.0,26.454545454545453,162.0,6.636363636363637,54.0,0.7884615384615384,0.8269230769230769,12.117388846153846,14.898225961538461,1.0,0.5399725817578049,0.18399963097374547,0.27602778726844956,12.911913736263736,32.30921,0.7088957056356131,0.35597295078405944,0.0920281562947041,0,9
758839222703,0.7994505494505495,25.0,11.64,221.0,2.92,21.0,0.8076923076923077,0.7788461538461539,17.35388596153846,18.082515865384615,1.0,0.4345067775324939,0.06844976967089406,0.49704345279661216,17.562065934065934,43.58387249999996,0.871572256152422,0.4285936831257181,0.4285936831257181,0,8
760993038779,0.7994505494505495,18.0,16.166666666666668,77.0,4.055555555555555,49.0,0.8038461538461539,0.7884615384615384,16.37100730769231,17.679524519230768,1.0,0.5957931152094981,0.11242535016609852,0.2917815346244035,16.74486936813187,48.26364499999997,0.8370582406496304,0.48336776504339957,0.17935618445830498,0,0
761375252872,0.7994505494505495,23.0,12.652173913043478,138.0,3.1739130434782608,32.0,0.7884615384615384,0.8269230769230769,16.161946153846152,17.971567307692307,1.0,0.3359291132535209,0.22333144022655346,0.4407394465199256,16.67898076923077,38.530482499999984,0.6191381907225183,0.21740800629337212,0.21740800629337212,0,0
763769451041,0.7994505494505495,15.0,19.4,229.0,5.214285714285714,48.0,0.7884615384615384,0.8269230769230769,22.46438846153846,23.355496153846158,1.0,0.432290512731966,0.07765102380946104,0.49005846345857285,22.718990659340662,53.910664999999945,0.7170758205998862,0.4124074396491118,0.4124074396491118,0,3
767604601191,0.7994505494505495,20.0,14.55,121.0,3.65,12.0,0.8076923076923077,0.7788461538461539,13.263989423076922,13.595614903846153,1.0,0.530176884244113,0.2098649170115658,0.25995819874432124,13.35873956043956,28.37013499999999,0.6703248769257526,0.32031196723254723,0.05009328173275546,0,9
768636443453,0.7994505494505495,21.0,13.857142857142858,108.0,3.65,25.0,0.7961538461538461,0.8076923076923077,15.752813076923076,16.901892307692307,1.0,0.4830273475064151,0.1346148977295437,0.3823577547640413,16.08112142857143,35.854542499999965,0.6194773610721273,0.34841244977687136,0.24774285703449764,0,0
770070819764,0.7994505494505495,26.0,11.192307692307692,107.0,2.92,10.0,0.7923076923076923,0.8173076923076923,11.671499999999998,14.018540865384615,1.0,0.5143069702610557,0.1929674409224715,0.29272558881647276,12.342083104395604,27.557797499999996,0.6758477608962337,0.3213395293385841,0.09975814789400125,0,9
776276895631,0.7994505494505495,22.0,13.227272727272727,97.0,3.3181818181818183,21.0,0.7961538461538461,0.8076923076923077,18.644325384615385,19.530888461538463,1.0,0.5257886658553743,0.1806481117100421,0.29356322243458355,18.89762912087912,36.2622175,0.4944092512831548,0.3451405541453322,0.11291511072454144,0,5
777953998828,0.7994505494505495,21.0,13.857142857142858,133.0,3.65,37.0,0.7769230769230769,0.8557692307692307,14.541669423076925,16.24179326923077,1.0,0.4053514413319075,0.2388143957842775,0.35583416288381503,15.027419093406595,35.4058675,0.722440815372511,0.16653704554763,0.11701976709953754,0,0
787446444604,0.7994505494505495,27.0,10.777777777777779,127.0,2.7037037037037037,15.0,0.8076923076923077,0.7788461538461539,13.362730384615384,14.613990865384615,1.0,0.4606434755423927,0.18483640593408915,0.3545201185235181,13.72023337912088,36.745259999999995,0.7076675609845555,0.2758070696083036,0.16968371258942896,0,0
788733311230,0.7994505494505495,17.0,17.11764705882353,81.0,4.294117647058823,17.0,0.8038461538461539,0.7884615384615384,13.693146346153847,14.777347115384616,1.0,0.4037937422442455,0.1345314771176569,0.4616747806380976,14.002917994505493,53.16330499999997,1.0147284164653343,0.3271433035204407,0.3271433035204407,0,8
788807531441,0.7994505494505495,13.0,22.384615384615383,193.0,5.615384615384615,20.0,0.7846153846153846,0.8365384615384616,13.756037115384613,15.601476923076923,1.0,0.5217400837727785,0.3077424159929273,0.17051750023429432,14.283305631868132,25.799937499999988,0.46568841646918263,0.3512225835384841,-0.13722491575863296,0,9
790099378712,0.7994505494505495,18.0,16.166666666666668,152.0,4.055555555555555,34.0,0.7923076923076923,0.8173076923076923,14.954880576923077,15.34093846153846,1.0,0.549778133995394,0.12888562067340867,0.32133624533119726,15.06518282967033,31.254009999999987,0.5754200580341678,0.4208925133219853,0.1924506246577886,0,0
793569630032,0.7994505494505495,27.0,10.777777777777779,116.0,2.7037037037037037,18.0,0.7807692307692308,0.8461538461538461,14.654472115384616,14.873230769230767,1.0,0.5096610192825574,0.17464402859540928,0.3156949521220333,14.71697458791209,27.105954999999987,0.45452480855625566,0.3350169906871481,0.14105092352662402,0,9
795586183228,0.7994505494505495,11.0,26.454545454545453,266.0,7.3,43.0,0.7961538461538461,0.8076923076923077,13.37408673076923,14.089582211538461,1.0,0.43203373315765453,0.2874845442534243,0.28048172258892123,13.57851401098901,24.891417499999996,0.5291943836742788,0.1515520105687333,-0.007002821664503056,1,2
797323407130,0.7994505494505495,8.0,36.375,114.0,10.428571428571429,65.0,0.8,0.7980769230769231,9.024412307692309,9.97080096153846,1.0,0.3918891423060343,0.22654205104733957,0.3815688066466262,9.294809065934066,22.45898999999998,0.7293032294275256,0.1653470912586947,0.1550267555992866,1,2
799406950356,0.7994505494505495,36.0,8.083333333333334,77.0,2.085714285714286,8.0,0.8076923076923077,0.7788461538461539,15.429797115384615,16.309292788461537,1.0,0.39751178263259307,0.24053624006263444,0.3619519773047725,15.681081593406594,34.91128249999998,0.5386506637133776,0.15697554256995863,0.12141573724213808,0,5
802796690791,0.7994505494505495,22.0,13.227272727272727,135.0,3.3181818181818183,14.0,0.7961538461538461,0.8076923076923077,17.47532557692308,19.206453846153845,1.0,0.4557332972474162,0.16303738638770376,0.38122931636488017,17.96993365384615,41.0618225,0.5675453478276631,0.2926959108597124,0.2181919299771764,0,5
803138688295,0.7994505494505495,29.0,10.03448275862069,103.0,2.607142857142857,19.0,0.8,0.7980769230769231,15.529738846153847,16.64203221153846,1.0,0.4853426671695932,0.1316286462479276,0.38302868658247924,15.84753695054945,36.397289999999956,0.6148541368709798,0.3537140209216656,0.25140004033455166,0,0
806599957916,0.7994505494505495,26.0,11.192307692307692,124.0,2.8076923076923075,9.0,0.7846153846153846,0.8365384615384616,17.334188653846155,18.40776971153846,1.0,0.37416305655752946,0.12297254553133821,0.5028643979111322,17.640926098901097,51.16639249999999,0.8877311395448738,0.37989185237979406,0.37989185237979406,0,8
809181497950,0.7994505494505495,31.0,9.387096774193548,166.0,2.3548387096774195,14.0,0.7807692307692308,0.8461538461538461,18.864878461538463,19.75640625,1.0,0.3661549554897324,0.09150686533330214,0.5423381791769656,19.119600686813186,56.728359999999995,0.8969184480592691,0.45083131384366343,0.45083131384366343,0,8
809821621799,0.7994505494505495,19.0,15.31578947368421,183.0,4.055555555555555,29.0,0.8,0.7980769230769231,19.29702673076923,20.081566346153846,1.0,0.40542217608280195,0.05993380098400725,0.5346440229331908,19.521180906593408,52.23195999999999,0.9001634160450827,0.47471022194918355,0.47471022194918355,0,8
810601431356,0.7994505494505495,24.0,12.125,138.0,3.1739130434782608,18.0,0.7923076923076923,0.8173076923076923,17.63733846153846,18.845778846153845,1.0,0.34213531115001383,0.06400913336742203,0.5938555554825641,17.98260714285714,61.05633499999994,1.0234721675433938,0.529846422115142,0.529846422115142,0,8
811097209910,0.7994505494505495,14.0,20.785714285714285,114.0,5.615384615384615,52.0,0.8038461538461539,0.7884615384615384,13.886675000000002,13.998850480769232,1.0,0.5850761029599237,0.12208981775371208,0.2928340792863642,13.918725137362637,43.16774249999994,0.9997373469035397,0.46298628520621166,0.1707442615326521,1,7
811748983541,0.7994505494505495,27.0,10.777777777777779,112.0,2.7037037037037037,12.0,0.7884615384615384,0.8269230769230769,12.275556923076923,13.536358653846154,1.0,0.4704050685801866,0.31310383484583004,0.21649109657398344,12.635785989010989,23.72953499999999,0.4869682712957205,0.25391397200620314,-0.0966127382718466,0,9
813107284808,0.7994505494505495,26.0,11.192307692307692,153.0,2.92,15.0,0.7884615384615384,0.8269230769230769,13.572838076923077,14.48146153846154,1.0,0.39509871668772684,0.12262138749717255,0.48227989581510056,13.832444780219781,37.45200249999997,0.7564875922116269,0.359658508317928,0.359658508317928,0,0
816622139539,0.7994505494505495,16.0,18.1875,197.0,4.5625,23.0,0.7807692307692308,0.8461538461538461,19.71212576923077,22.814,1.0,0.4770213929304438,0.32540039331758364,0.19757821375197263,20.598375549450548,38.47666249999998,0.508000984199085,0.27944317917847117,-0.127822179565611,0,5
817600743266,0.7994505494505495,18.0,16.166666666666668,103.0,4.294117647058823,21.0,0.7846153846153846,0.8365384615384616,15.31863403846154,17.3079375,1.0,0.5135745953564392,0.16966089340045465,0.3167645112431061,15.887006456043956,28.52784249999999,0.417070448422879,0.3439137019559846,0.14710361784265147,0,5
817880574087,0.7994505494505495,27.0,10.777777777777779,107.0,2.8076923076923075,12.0,0.7961538461538461,0.8076923076923077,14.669941346153847,16.154214423076922,1.0,0.5808547306793451,0.1172702662663104,0.30187500305434456,15.094019368131868,43.1067025,0.8626363280982049,0.4635844644130347,0.18460473678803416,0,0
818376322112,0.7994505494505495,28.0,10.392857142857142,51.0,2.7037037037037037,12.0,0.7884615384615384,0.8269230769230769,11.662416538461537,12.829492788461538,1.0,0.5604520425996999,0.244328944752961,0.19521901264733915,11.995866895604395,21.89685249999999,0.4378986626178638,0.3652330299523608,-0.04910993210562184,0,9
818743231898,0.7994505494505495,24.0,12.125,155.0,3.1739130434782608,11.0,0.8038461538461539,0.7884615384615384,16.607865384615383,17.719417788461538,1.0,0.3118876523894305,0.12697899074861158,0.5611333568619579,16.925451785714287,62.66053999999999,0.9750063780269547,0.4341543661133463,0.4341543661133463,0,8
819088955320,0.7994505494505495,14.0,20.785714285714285,237.0,5.615384615384615,27.0,0.7884615384615384,0.8269230769230769,18.1387125,18.317811538461537,1.0,0.5317798498868239,0.42092929733698353,0.04729085277619255,18.189883653846156,37.82469749999999,0.7526262932222039,0.48448899711063137,-0.373638444560791,1,2
819168377451,0.7994505494505495,21.0,13.857142857142858,89.0,3.65,20.0,0.8076923076923077,0.7788461538461539,11.450164615384615,12.167215384615382,1.0,0.4892628362421829,0.14320485941888253,0.3675323043389345,11.655036263736266,23.264057499999996,0.5972712810001675,0.3460579768233004,0.224327444920052,0,9
820020964462,0.7994505494505495,16.0,18.1875,126.0,4.866666666666666,49.0,0.8076923076923077,0.7788461538461539,13.55324846153846,14.731989423076925,1.0,0.5234350905656807,0.13426831025451785,0.34229659917980154,13.890031593406592,33.728674999999996,0.7044524344495753,0.38916678031116286,0.2080282889252837,0,0
820741254773,0.7994505494505495,12.0,24.25,132.0,6.636363636363637,54.0,0.7961538461538461,0.8076923076923077,16.04549423076923,18.348840384615382,1.0,0.3142688059861569,0.1692803839879223,0.5164508100259207,16.703593131868132,53.92036249999998,0.9131151124742999,0.3471704260379984,0.3471704260379984,0,8
828535486044,0.7994505494505495,19.0,15.31578947368421,206.0,4.055555555555555,19.0,0.8,0.7980769230769231,16.062324999999998,16.467910096153847,1.0,0.4573741317971488,0.11593634779144237,0.42668952041140884,16.178206456043956,34.19786,0.6975556877396181,0.34143778400570646,0.3107531726199665,0,0
833583169738,0.7994505494505495,17.0,17.11764705882353,236.0,4.294117647058823,25.0,0.8,0.7980769230769231,15.872899230769232,15.768863942307693,1.0,0.4386919115073237,0.15033854361993312,0.4109695448727432,15.843174862637362,39.56556999999999,0.7033309492544003,0.2883533678873905,0.26063100125281,0,0
834037955197,0.7994505494505495,11.0,26.454545454545453,270.0,6.636363636363637,26.0,0.7961538461538461,0.8076923076923077,20.61030153846154,21.77032115384615,1.0,0.4227922111161425,0.11951653329951896,0.4576912555843385,20.941735714285713,66.15451249999998,0.901865395206356,0.33817472228481954,0.33817472228481954,0,3
834683044992,0.7994505494505495,21.0,13.857142857142858,149.0,3.65,10.0,0.7884615384615384,0.8269230769230769,13.6197025,16.287177403846155,1.0,0.44972122291524924,0.21252073858186257,0.3377580385028882,14.381838186813185,38.61273499999992,0.8004187512562373,0.23720048433338667,0.12523729992102564,0,0
834896551443,0.7994505494505495,36.0,8.083333333333334,49.0,2.085714285714286,11.0,0.7961538461538461,0.8076923076923077,17.014890192307693,17.94046778846154,1.0,0.5048233772652444,0.1502307963166521,0.34494582641810356,17.27934093406593,35.7508475,0.5706557112250639,0.3545925809485923,0.19471503010145147,0,5
836642293415,0.782967032967033,16.0,17.8125,252.0,5.266666666666667,20.0,0.7769230769230769,0.7980769230769231,7.112675961538462,7.297692307692307,1.0,0.7306622826385029,0.24702314947450993,0.02231456788698731,7.165537774725274,18.980727499999997,0.8994907068971222,0.7083477147515156,-0.2247085815875226,1,1
837966292495,0.7994505494505495,25.0,11.64,174.0,2.92,22.0,0.7961538461538461,0.8076923076923077,20.577157884615385,21.066367307692307,1.0,0.5383492155329095,0.20735347039385188,0.2542973140732386,20.716932005494506,41.69581749999998,0.5666860708257144,0.3309957451390576,0.0469438436793867,0,5
839265047606,0.7994505494505495,32.0,9.09375,99.0,2.3548387096774195,15.0,0.8192307692307692,0.75,19.14129826923077,20.44483798076923,1.0,0.3664398836396004,0.1909403936846015,0.44261972267579813,19.513738186813185,52.26987,0.719740951821113,0.2516793289911966,0.2516793289911966,0,3
839745214209,0.7994505494505495,14.0,20.785714285714285,86.0,5.615384615384615,25.0,0.7961538461538461,0.8076923076923077,18.94683346153846,19.101338942307695,1.0,0.5101207579634456,0.17582422144801133,0.31405502058854307,18.990977884615383,34.71692249999998,0.4599275948677855,0.33429653651543423,0.13823079914053174,0,5
841931536160,0.7994505494505495,24.0,12.125,131.0,3.1739130434782608,28.0,0.8038461538461539,0.7884615384615384,13.29951846153846,13.330571153846153,1.0,0.5264019072326963,0.13889664378058442,0.3347014489867191,13.30839065934066,29.96042499999999,0.6238352700878725,0.3875052634521119,0.1958048052061347,0,0
846292610674,0.7994505494505495,35.0,8.314285714285715,44.0,2.1470588235294117,8.0,0.7846153846153846,0.8365384615384616,13.051695,15.065197115384617,1.0,0.5328793502193008,0.1770935235710859,0.2900271262096134,13.626981318681318,26.98876999999998,0.5350118477314633,0.3557858266482149,0.1129336026385275,0,9
846756883124,0.7994505494505495,15.0,19.4,166.0,5.214285714285714,47.0,0.8,0.7980769230769231,14.342388461538462,15.870783653846157,1.0,0.4805314724702149,0.14943311121262662,0.3700354163171584,14.779072802197803,33.121267499999995,0.6464128335710656,0.3310983612575883,0.2206023051045318,0,0
847448212579,0.7994505494505495,29.0,10.03448275862069,191.0,2.5172413793103448,12.0,0.7961538461538461,0.8076923076923077,15.360011346153845,16.941832692307692,1.0,0.42588369280310145,0.16049433681318107,0.4136219703837175,15.811960302197802,32.90996,0.5973732906865746,0.2653893559899204,0.25312763357053647,0,0
848612010685,0.7994505494505495,30.0,9.7,141.0,2.433333333333333,10.0,0.8,0.7980769230769231,14.279831923076923,15.50461875,1.0,0.4485188559648331,0.17943211969744105,0.3720490243377259,14.629771016483517,40.29924999999998,0.8015259539615877,0.26908673626739205,0.19261690464028486,0,0
849368748547,0.7994505494505495,28.0,10.392857142857142,179.0,2.7037037037037037,8.0,0.7884615384615384,0.8269230769230769,14.235614807692308,16.39941826923077,1.0,0.46380496809078,0.15572972945630023,0.3804653024529197,14.853844368131869,33.14818999999999,0.6054732620708502,0.3080752386344797,0.22473557299661948,0,0
850961275723,0.7994505494505495,17.0,17.11764705882353,102.0,4.5625,29.0,0.8,0.7980769230769231,20.070372499999998,21.24840769230769,1.0,0.40045745691421375,0.1667873464136757,0.43275519667211043,20.406953983516484,60.005604999999996,0.6930975450387475,0.2659678502584347,0.2659678502584347,0,3
851654668471,0.7994505494505495,18.0,16.166666666666668,107.0,4.294117647058823,22.0,0.7923076923076923,0.8173076923076923,15.532453846153844,16.154106730769232,1.0,0.478160415808081,0.21024208051912388,0.311597503672795,15.710068956043957,34.20781249999997,0.5739256204045735,0.26791833528895714,0.1013554231536711,0,5
855010184258,0.7994505494505495,21.0,13.857142857142858,160.0,3.65,37.0,0.7961538461538461,0.8076923076923077,15.125026153846154,15.807378365384615,1.0,0.49202874902594146,0.1314366444252234,0.37653460654883514,15.319983928571428,33.35203499999999,0.6238639462352917,0.36059210460071806,0.24509796212361173,0,0
857901669557,0.7994505494505495,24.0,12.125,53.0,3.1739130434782608,19.0,0.8,0.7980769230769231,8.829807692307693,8.791130769230769,1.0,0.5373189158872029,0.2622578541069242,0.20042323000587287,8.818757142857143,20.001849999999994,0.680411937307905,0.33689568588133006,-0.06183462410105134,0,9
859279459691,0.7994505494505495,9.0,32.333333333333336,187.0,9.125,20.0,0.7961538461538461,0.8076923076923077,17.290252115384614,18.26543701923077,1.0,0.3913359757851007,0.06173396667527225,0.546930057539627,17.568876373626374,63.25163249999999,1.0566183467188492,0.4851960908643547,0.4851960908643547,0,8
860801208814,0.7994505494505495,24.0,12.125,112.0,3.1739130434782608,13.0,0.7884615384615384,0.8269230769230769,16.549621923076923,17.534590865384615,1.0,0.3466373940490957,0.25695313285075705,0.3964094731001473,16.83104162087912,33.88296499999997,0.5724327773518934,0.13945634024939024,0.13945634024939024,0,5
866253807498,0.7994505494505495,23.0,12.652173913043478,110.0,3.1739130434782608,17.0,0.7923076923076923,0.8173076923076923,13.71924423076923,15.006171153846152,1.0,0.5370666434357305,0.260231972363611,0.2027013842006583,14.086937637362638,23.58,0.4126925332255071,0.3343652592350722,-0.0575305881629527,0,9
870494197125,0.7994505494505495,24.0,12.125,137.0,3.1739130434782608,10.0,0.8115384615384615,0.7692307692307693,15.466632115384614,16.024026442307694,1.0,0.4978122649419248,0.27989151948132845,0.22229621557674678,15.625887637362636,34.93795999999996,0.6240571865570285,0.27551604936517804,-0.057595303904581674,0,9
871802217433,0.7994505494505495,7.0,41.57142857142857,156.0,12.166666666666666,44.0,0.8076923076923077,0.7788461538461539,13.326692115384615,13.947922115384616,1.0,0.4665141641007398,0.13741144801891259,0.3960743878803477,13.5041864010989,30.20995749999999,0.7275946610033993,0.32910271608182723,0.2586629398614351,1,6
872881219073,0.7994505494505495,24.0,12.125,114.0,3.0416666666666665,14.0,0.8076923076923077,0.7788461538461539,15.061346538461539,16.328660576923077,1.0,0.5909713485834709,0.2403939804893751,0.16863467092715403,15.423436263736264,35.04913249999997,0.5781662665082475,0.4223366776563169,-0.07175930956222107,0,9
873655333875,0.7994505494505495,23.0,12.652173913043478,71.0,3.1739130434782608,34.0,0.8038461538461539,0.7884615384615384,9.875202499999999,11.200421153846152,1.0,0.384840040237419,0.2655390077868068,0.34962095197577414,10.253836401098901,21.451024999999998,0.7199183143133882,0.11930103245061224,0.08408194418896736,0,9
876397394110,0.7994505494505495,28.0,10.392857142857142,105.0,2.607142857142857,8.0,0.7692307692307693,0.875,18.191748076923076,19.73865625,1.0,0.4160167270294068,0.13969348891453184,0.4442897840560614,18.63372184065934,44.81934499999997,0.7464127425317283,0.3045962951415295,0.3045962951415295,0,3
876746613047,0.7994505494505495,4.0,72.75,287.0,18.25,39.0,0.8,0.7980769230769231,16.008529615384617,17.457723557692308,1.0,0.4435488905033196,0.14169281868504274,0.4147582908116377,16.42258502747253,38.2250375,0.7392301813806814,0.30185607181827684,0.27306547212659493,1,6
880442713260,0.7994505494505495,35.0,8.314285714285715,116.0,2.1470588235294117,9.0,0.7961538461538461,0.8076923076923077,13.370210576923077,14.053111057692307,1.0,0.5241404722443694,0.2578068865505768,0.21805264120505372,13.565325,25.8243525,0.4713445518164365,0.3060878310393157,-0.039754245345523104,0,9
882767203362,0.7994505494505495,29.0,10.03448275862069,103.0,2.5172413793103448,14.0,0.8153846153846154,0.7596153846153846,14.398954615384614,16.43996201923077,1.0,0.42655847039440886,0.30606344925264983,0.26737808035294136,14.982099587912087,27.96024,0.4984892846081779,0.1591803900414675,-0.03868536889970847,0,9
884554603261,0.7994505494505495,24.0,12.125,141.0,3.1739130434782608,16.0,0.7884615384615384,0.8269230769230769,17.32884711538461,17.847550480769232,1.0,0.4004898182396363,0.09819857142306972,0.501311610337294,17.477048076923076,45.62804749999997,0.7415250418793325,0.4031130389142243,0.4031130389142243,0,8
885139960564,0.7994505494505495,19.0,15.31578947368421,150.0,4.055555555555555,18.0,0.8,0.7980769230769231,19.090965961538462,20.74142451923077,1.0,0.5266915355501485,0.2487284607415392,0.2245800037083124,19.562525549450548,42.601732499999976,0.6440896884547889,0.30211153184183603,-0.024148457033226794,0,5
885451189626,0.7994505494505495,33.0,8.818181818181818,89.0,2.28125,19.0,0.8038461538461539,0.7884615384615384,16.230083269230768,17.593011538461536,1.0,0.5075342530459382,0.16812835207223956,0.3243373948818222,16.619491346153847,43.03543499999994,0.6482557481640342,0.3394059009736987,0.15620904280958267,0,5
888014193986,0.7994505494505495,19.0,15.31578947368421,162.0,4.055555555555555,15.0,0.7846153846153846,0.8365384615384616,15.783440576923077,16.178189903846153,1.0,0.44945561496618264,0.18049004581794528,0.370054339215872,15.8962260989011,31.400427499999992,0.5650751177269877,0.2689655691482373,0.18956429339792671,0,0
891339182265,0.7994505494505495,31.0,9.387096774193548,75.0,2.433333333333333,12.0,0.7961538461538461,0.8076923076923077,15.525404423076923,16.063034615384616,1.0,0.49535891379965075,0.2266615759859226,0.2779795102144267,15.67901304945055,26.221175,0.3983661060746038,0.2686973378137282,0.051317934228504086,0,9
891887251888,0.7994505494505495,23.0,12.652173913043478,145.0,3.1739130434782608,17.0,0.7961538461538461,0.8076923076923077,15.611652307692308,18.479424038461538,1.0,0.4761819633624074,0.17888978959100352,0.3449282470465891,16.43101565934066,30.858532499999992,0.4952029890112686,0.29729217377140393,0.16603845745558557,0,5
897353501656,0.7994505494505495,18.0,16.166666666666668,127.0,4.294117647058823,17.0,0.8,0.7980769230769231,17.020675192307692,18.73475096153846,1.0,0.39653577208968604,0.15342181083745052,0.4500424170728634,17.510411126373626,45.9804025,0.7260220551632037,0.29662060623541286,0.29662060623541286,0,0
901706045162,0.7994505494505495,27.0,10.777777777777779,145.0,2.8076923076923075,12.0,0.8038461538461539,0.7884615384615384,17.40309653846154,19.69649615384615,1.0,0.46748979540639674,0.19482770500097463,0.33768249959262864,18.058353571428572,33.98240499999999,0.4964691607413029,0.2726620904054221,0.142854794591654,0,5
902339290190,0.7994505494505495,37.0,7.864864864864865,46.0,2.0277777777777777,11.0,0.7846153846153846,0.8365384615384616,13.683432115384617,14.491070192307692,1.0,0.5157860920124081,0.21618337511168956,0.26803053287590234,13.914185851648352,22.544722499999995,0.3384656305133146,0.29960271690071855,0.05184715776421278,0,9
906544934073,0.7994505494505495,23.0,12.652173913043478,193.0,3.1739130434782608,17.0,0.7961538461538461,0.8076923076923077,17.072884615384616,17.789004326923077,1.0,0.42732152866531087,0.1160330897736637,0.4566453815610254,17.277490247252747,42.681397499999996,0.7464333569518031,0.34061229178736174,0.34061229178736174,0,3
906744822424,0.7994505494505495,26.0,11.192307692307692,105.0,2.92,19.0,0.7769230769230769,0.8557692307692307,15.91701096153846,18.57627403846154,1.0,0.478070983109745,0.2905082648909507,0.23142075199930429,16.67680041208791,35.754299999999965,0.5804774923945514,0.2466502311104407,-0.05908751289164643,0,5
907064487512,0.7994505494505495,25.0,11.64,170.0,3.0416666666666665,11.0,0.7807692307692308,0.8461538461538461,18.257330000000003,19.475999038461534,1.0,0.39492105741919303,0.08506216037107146,0.5200167822097355,18.605521153846155,51.35242749999999,0.8968220345247099,0.434954621838664,0.434954621838664,0,8
910950270213,0.7994505494505495,17.0,17.11764705882353,208.0,4.5625,24.0,0.7923076923076923,0.8173076923076923,13.270597692307692,14.219560096153845,1.0,0.5247461618767296,0.1599513623907735,0.3153024757324969,13.541729807692308,29.511952499999982,0.5747203451004982,0.3647947994859561,0.1553511133417234,0,0
915981024333,0.7994505494505495,31.0,9.387096774193548,172.0,2.433333333333333,9.0,0.7846153846153846,0.8365384615384616,16.659406346153848,17.89343653846154,1.0,0.30867842123694605,0.08669159829057503,0.604629980472479,17.011986401098902,64.03192749999998,1.1527939977349917,0.5179383821819039,0.5179383821819039,0,8
917755392634,0.7994505494505495,12.0,24.25,166.0,6.636363636363637,41.0,0.7961538461538461,0.8076923076923077,15.108943076923078,15.99097548076923,1.0,0.417888950677378,0.12278282525856085,0.4593282240640611,15.360952335164836,32.92802749999999,0.642614578054307,0.3365453988055003,0.3365453988055003,0,0
919329281161,0.7994505494505495,28.0,10.392857142857142,188.0,2.5172413793103448,11.0,0.7846153846153846,0.8365384615384616,19.08547076923077,19.49383269230769,1.0,0.5060323859184119,0.23277315192427125,0.26119446215731673,19.202145604395604,35.8965975,0.45938444938366996,0.27325923399414065,0.028421310233045477,0,5
920962379035,0.7994505494505495,22.0,13.227272727272727,71.0,3.3181818181818183,37.0,0.8,0.7980769230769231,14.64927,16.736709615384616,1.0,0.4370923093335025,0.22495058049225977,0.3379571101742378,15.245681318681319,29.329422499999993,0.5495830597514116,0.21214172884124274,0.11300652968197802,0,9
922574297624,0.7994505494505495,22.0,13.227272727272727,232.0,3.4761904761904763,24.0,0.8038461538461539,0.7884615384615384,21.48969634615385,21.562092307692303,1.0,0.48948092549206357,0.11259913458728492,0.3979199399206515,21.510380906593408,48.80686749999999,0.7008458431098022,0.37688179090477864,0.28532080533336657,0,3
925667714699,0.7994505494505495,12.0,24.25,223.0,6.083333333333333,24.0,0.7923076923076923,0.8173076923076923,9.281654615384616,10.507366826923077,1.0,0.393238244529262,0.40321499479028267,0.20354676068045535,9.631858104395604,21.6117925,0.7987782666387686,0.19966823410982731,-0.19966823410982731,1,2
926380538546,0.7994505494505495,20.0,14.55,101.0,3.8421052631578947,18.0,0.7961538461538461,0.8076923076923077,18.857165384615385,20.697732692307696,1.0,0.3163515669185843,0.18328465638480404,0.5003637766966116,19.38304175824176,57.647582499999956,0.8255126631248371,0.3170791203118075,0.3170791203118075,0,8
928974227119,0.7994505494505495,24.0,12.125,230.0,3.1739130434782608,8.0,0.7961538461538461,0.8076923076923077,22.918121153846155,24.07255048076923,1.0,0.4548173984439789,0.1489554603740899,0.39622714118193114,23.247958104395607,46.78410749999998,0.5271764453298938,0.305861938069889,0.24727168080784123,0,3
933223237175,0.7994505494505495,37.0,7.864864864864865,56.0,1.972972972972973,7.0,0.8,0.7980769230769231,14.623515576923078,15.375157692307692,1.0,0.4992950781257283,0.2692221495964794,0.23148277227779235,14.838270467032967,25.76002749999999,0.41270186388171626,0.26781230584793597,-0.03773937731868704,0,9
934793460133,0.7994505494505495,14.0,20.785714285714285,209.0,5.615384615384615,51.0,0.7884615384615384,0.8269230769230769,20.24763692307692,20.77187259615384,1.0,0.3863186010926412,0.040262178457766085,0.5734192204495926,20.397418543956043,55.52833249999997,0.9282561501950167,0.5331570419918266,0.5331570419918266,0,3
935965648327,0.7994505494505495,13.0,22.384615384615383,129.0,5.615384615384615,18.0,0.8,0.7980769230769231,11.980776346153846,12.022760096153844,1.0,0.47589570265184233,0.2711474052055486,0.2529568921426091,11.992771703296704,22.80048499999999,0.5452589743567823,0.22293881050923325,-0.018190513062939506,0,9
937426679169,0.7994505494505495,29.0,10.03448275862069,68.0,2.607142857142857,13.0,0.7807692307692308,0.8461538461538461,16.98254923076923,18.39741778846154,1.0,0.4948397240122003,0.19330225500694703,0.3118580209808527,17.38679739010989,32.7647925,0.4295084016405572,0.30153746900525324,0.11855576597390566,0,5
937959014695,0.7994505494505495,22.0,13.227272727272727,180.0,3.4761904761904763,23.0,0.7961538461538461,0.8076923076923077,17.542230769230766,18.36360240384615,1.0,0.47660728964718424,0.09286938196995635,0.43052332838285945,17.77690837912088,40.11408,0.700916398504412,0.3837379076772279,0.3376539464129031,0,3
939841669155,0.7994505494505495,28.0,10.392857142857142,136.0,2.607142857142857,12.0,0.8,0.7980769230769231,13.811489999999997,14.815774519230768,1.0,0.35422270927847455,0.21008739195942844,0.43568989876209707,14.098428434065934,33.84495249999994,0.6463611975020629,0.22560250680266863,0.22560250680266863,0,0
941411934827,0.7994505494505495,13.0,22.384615384615383,117.0,6.083333333333333,33.0,0.7923076923076923,0.8173076923076923,18.45213326923077,19.95007115384615,1.0,0.4057937256085046,0.08792143015806334,0.5062848442334321,18.88011552197802,62.542847499999986,1.031024485067422,0.4183634140753688,0.4183634140753688,0,8
941898944425,0.7994505494505495,13.0,22.384615384615383,213.0,5.615384615384615,59.0,0.7884615384615384,0.8269230769230769,15.541103461538464,16.180037019230767,1.0,0.5235697525291191,0.2826390714662581,0.19379117600462278,15.723655906593407,34.79559499999999,0.7080086031511478,0.32977857652449627,-0.08884789546163532,1,2
943197120673,0.7994505494505495,25.0,11.64,147.0,3.0416666666666665,15.0,0.7923076923076923,0.8173076923076923,14.770808461538461,16.05639134615385,1.0,0.4369106430606574,0.12674341347289222,0.4363459434664503,15.138117857142857,32.409759999999984,0.5897251930273372,0.3101672295877652,0.3096025299935581,0,0
944173446468,0.7994505494505495,12.0,24.25,191.0,6.636363636363637,39.0,0.7961538461538461,0.8076923076923077,11.89237,13.116438461538461,1.0,0.4353609249541384,0.053105199588395824,0.5115338754574658,12.242103846153846,42.06742999999994,1.139400330809699,0.45842867586906993,0.45842867586906993,1,7
945903519039,0.7994505494505495,34.0,8.558823529411764,97.0,2.212121212121212,8.0,0.7961538461538461,0.8076923076923077,13.405004230769233,14.857951442307693,1.0,0.4025930140673801,0.14798180083699167,0.4494251850956283,13.820132005494505,38.88977749999999,0.8228263788620906,0.3014433842586366,0.3014433842586366,0,0
950515999325,0.7994505494505495,29.0,10.03448275862069,154.0,2.5172413793103448,18.0,0.7884615384615384,0.8269230769230769,21.67507903846154,22.72495576923077,1.0,0.47768092875135165,0.14345425769850728,0.3788648135501411,21.975043818681318,43.75974249999999,0.492854126521843,0.33422667105284437,0.23541055585163384,0,3
951479349769,0.7994505494505495,28.0,10.392857142857142,135.0,2.7037037037037037,10.0,0.8153846153846154,0.7596153846153846,15.150850384615383,17.431572596153845,1.0,0.35712948998589583,0.10218870931007835,0.5406818007040258,15.802485302197804,46.723272499999965,0.9254582710854242,0.4384930913939475,0.4384930913939475,0,8
952302704186,0.7994505494505495,12.0,24.25,197.0,6.083333333333333,29.0,0.7846153846153846,0.8365384615384616,16.661141153846152,17.601557211538463,1.0,0.5222280152743906,0.12108016335330704,0.35669182137230243,16.929831456043956,40.86011749999997,0.6706034738510721,0.4011478519210835,0.2356116580189954,0,0
957360523704,0.7994505494505495,30.0,9.7,68.0,2.5172413793103448,7.0,0.7961538461538461,0.8076923076923077,16.150516538461538,17.29791875,1.0,0.5190590745061804,0.21889990874387374,0.262041016749946,16.47834574175824,30.242514999999994,0.42625545615151894,0.3001591657623066,0.043141108006072265,0,5
959328834899,0.7994505494505495,28.0,10.392857142857142,177.0,2.7037037037037037,19.0,0.7961538461538461,0.8076923076923077,20.744092115384614,21.565104326923077,1.0,0.36059337122530594,0.11345597964064698,0.5259506491340471,20.978667032967035,58.55219749999994,0.8360210487405717,0.41249466949340013,0.41249466949340013,0,3
960918250329,0.7994505494505495,26.0,11.192307692307692,206.0,2.92,24.0,0.7807692307692308,0.8461538461538461,16.67985423076923,17.45419230769231,1.0,0.5736588816566768,0.14690195531757397,0.27943916302574934,16.90109368131868,40.51543749999999,0.6268422425109363,0.4267569263391028,0.13253720770817537,0,5
961387049530,0.7994505494505495,27.0,10.777777777777779,195.0,2.8076923076923075,19.0,0.7846153846153846,0.8365384615384616,14.511177884615385,15.613529807692307,1.0,0.5510732379365675,0.12570939125384528,0.3232173708095873,14.826135576923077,34.25395499999999,0.602173486908786,0.4253638466827222,0.197507979555742,0,0
961876711247,0.7994505494505495,22.0,13.227272727272727,133.0,3.4761904761904763,12.0,0.7807692307692308,0.8461538461538461,22.34001326923077,23.210216826923077,1.0,0.38924862683839223,0.18038713415498844,0.43036423900661935,22.588642857142855,46.26490999999999,0.5497052826033434,0.2499771048516309,0.2499771048516309,0,3
963207341397,0.7994505494505495,25.0,11.64,158.0,2.92,8.0,0.8076923076923077,0.7788461538461539,13.034941346153849,13.010178846153847,1.0,0.4890662257183769,0.14901191251420098,0.3619218617674221,13.027866346153846,25.11989499999999,0.5540759953766639,0.3400543132041759,0.2129099492532211,0,0
964935816810,0.7994505494505495,30.0,9.7,157.0,2.5172413793103448,12.0,0.7961538461538461,0.8076923076923077,13.006092307692306,13.956366826923075,1.0,0.483265538443079,0.16335265079146824,0.3533818107654527,13.277599313186814,27.802899999999994,0.5808559217279938,0.31991288765161074,0.19002915997398448,0,9
965351854183,0.7994505494505495,20.0,14.55,157.0,3.4761904761904763,13.0,0.7807692307692308,0.8461538461538461,20.653199807692307,22.405908653846154,1.0,0.4016944793884977,0.18721009144042242,0.4110954291710799,21.153973763736264,38.00348249999999,0.49321647510665956,0.22388533773065747,0.22388533773065747,0,3
965696549194,0.7994505494505495,22.0,13.227272727272727,191.0,3.4761904761904763,20.0,0.7807692307692308,0.8461538461538461,15.496454038461538,16.21376875,1.0,0.4812247542128073,0.09992292631545795,0.4188523194717346,15.7014010989011,37.460492499999994,0.7699598293027253,0.38130182789734934,0.31892939315627666,0,0
966872552100,0.7994505494505495,7.0,41.57142857142857,148.0,12.166666666666666,64.0,0.7923076923076923,0.8173076923076923,15.414091730769231,16.476022115384616,1.0,0.34498880443190455,0.10886090321924789,0.5461502923488476,15.717500412087912,53.91106749999999,1.1747388426606227,0.4372893891295997,0.4372893891295997,1,7
967370695976,0.7994505494505495,5.0,58.2,285.0,14.6,64.0,0.7961538461538461,0.8076923076923077,16.937180384615385,17.919530288461537,1.0,0.6216661500564824,0.20517699808452544,0.17315685185899207,17.217851785714288,40.105304999999994,0.6630540206067714,0.4485092981974903,-0.03202014622553337,1,6
967989340695,0.7994505494505495,27.0,10.777777777777779,166.0,2.7037037037037037,12.0,0.7846153846153846,0.8365384615384616,13.721899230769232,14.740941346153845,1.0,0.44535112344323685,0.1804744485013846,0.3741744280553786,14.01305412087912,28.595124999999996,0.524150199369114,0.26487667494185224,0.19369997955399398,0,0
969277393091,0.7994505494505495,18.0,16.166666666666668,164.0,4.294117647058823,31.0,0.8038461538461539,0.7884615384615384,17.925046730769232,18.209594711538465,1.0,0.5061121765677852,0.10584055377301348,0.3880472696592013,18.006346153846156,41.305647499999985,0.6847810986845322,0.4002716227947717,0.2822067158861878,0,0
974722218596,0.7994505494505495,17.0,17.11764705882353,193.0,4.5625,20.0,0.8,0.7980769230769231,17.334036923076923,17.529291346153848,1.0,0.4453097956950603,0.1507054879054172,0.40398471639952244,17.389823901098904,32.4096125,0.5427428221744431,0.2946043077896431,0.2532792284941052,0,0
977904197322,0.7994505494505495,19.0,15.31578947368421,132.0,4.055555555555555,16.0,0.8,0.7980769230769231,9.182049615384615,10.801334615384617,1.0,0.4835714629767289,0.13768927752486795,0.37873925949840315,9.644702472527472,19.72612249999998,0.5787115077410729,0.345882185451861,0.2410499819735352,0,9
978167083900,0.7994505494505495,26.0,11.192307692307692,48.0,2.92,27.0,0.8,0.7980769230769231,15.262954230769232,16.81016875,1.0,0.47476336849169054,0.15096640970359848,0.374270221804711,15.705015521978021,37.919982499999975,0.6241852488647228,0.32379695878809206,0.2233038121011125,0,5
978337452097,0.7994505494505495,18.0,16.166666666666668,202.0,4.294117647058823,18.0,0.8,0.7980769230769231,19.535091153846153,20.562097115384613,1.0,0.4450300099127384,0.06672415545051391,0.4882458346367477,19.828521428571428,45.25728999999999,0.753645035341215,0.4215216791862338,0.4215216791862338,0,3
978339260259,0.7994505494505495,18.0,16.166666666666668,192.0,4.294117647058823,18.0,0.8115384615384615,0.7692307692307693,17.380672884615382,18.698119711538464,1.0,0.4436097976919724,0.09500669242184911,0.4613835098861786,17.757086263736262,47.705147499999995,0.8411163964712648,0.3663768174643295,0.3663768174643295,0,3
979083556707,0.7994505494505495,14.0,20.785714285714285,120.0,5.214285714285714,31.0,0.7923076923076923,0.8173076923076923,9.492107500000001,11.237054807692306,1.0,0.5038308361324095,0.14476079611304143,0.3514083677545491,9.990663873626374,19.662864999999996,0.5760292063825758,0.3590700400193681,0.20664757164150765,0,9
979935211716,0.7994505494505495,32.0,9.09375,105.0,2.3548387096774195,10.0,0.7961538461538461,0.8076923076923077,19.665268846153847,22.0404,1.0,0.43975173296121495,0.21711987359104376,0.34312839344774115,20.343877747252748,40.62372499999995,0.4683643171845463,0.2226318593701712,0.1260085198566974,0,5
980841892564,0.7994505494505495,22.0,13.227272727272727,94.0,3.3181818181818183,12.0,0.8153846153846154,0.7596153846153846,16.293081923076922,16.855349038461537,1.0,0.38025033771026495,0.14099178989713013,0.478757872392605,16.45372967032967,53.41038749999998,0.925477050675203,0.33776608249547485,0.33776608249547485,0,8
982647579697,0.7994505494505495,35.0,8.314285714285715,110.0,2.1470588235294117,8.0,0.7846153846153846,0.8365384615384616,14.240361153846154,15.135345673076923,1.0,0.48986322051626024,0.18696067294551214,0.32317610653822765,14.496071016483516,26.583712499999997,0.43978038050668833,0.3029025475707481,0.1362154335927155,0,9
986913604470,0.7994505494505495,12.0,24.25,266.0,6.083333333333333,20.0,0.8076923076923077,0.7788461538461539,14.553429615384616,15.636576442307693,1.0,0.47872600921575204,0.0705882621502265,0.45068572863402145,14.862900137362638,38.51849,0.8827158130390084,0.4081377470655255,0.38009746648379494,1,6
987169196171,0.7994505494505495,37.0,7.864864864864865,201.0,2.0277777777777777,9.0,0.8,0.7980769230769231,17.19874903846154,17.551154326923076,1.0,0.5109785067632578,0.12035503030747301,0.368666462929269,17.299436263736265,32.708755,0.5418949330566102,0.3906234764557848,0.248311432621796,0,0
989609090547,0.7994505494505495,4.0,72.75,276.0,24.333333333333332,44.0,0.8038461538461539,0.7884615384615384,15.924444807692305,16.353925,1.0,0.4343076508631067,0.15024432160039478,0.41544802753649857,16.047153434065933,36.30745,0.7096904574434441,0.28406332926271194,0.26520370593610376,1,6
990585347886,0.7994505494505495,22.0,13.227272727272727,50.0,3.3181818181818183,19.0,0.7846153846153846,0.8365384615384616,14.412799615384616,16.96476298076923,1.0,0.38608618732285577,0.24858350154102757,0.3653303111361167,15.141932005494505,30.99564999999993,0.5944410113348492,0.1375026857818282,0.11674680959508912,0,5
991737052932,0.7335164835164835,2.0,133.5,154.0,97.0,97.0,0.7346153846153847,0.7307692307692307,16.546713269230768,18.30743076923077,1.0,0.2665951136203375,0.13256960580794608,0.6008352805717165,17.04977541208791,64.99439499999998,1.1890329214970037,0.46826567476377046,0.46826567476377046,1,7
996032197768,0.7994505494505495,17.0,17.11764705882353,211.0,4.294117647058823,20.0,0.7807692307692308,0.8461538461538461,21.516175384615384,22.557287499999997,1.0,0.4715603652242174,0.11174231487802487,0.4166973198977578,21.813635989010987,41.320742499999994,0.6027837487155968,0.3598180503461925,0.30495500501973294,0,3
996045911412,0.7994505494505495,13.0,22.384615384615383,157.0,6.083333333333333,18.0,0.8038461538461539,0.7884615384615384,12.372733846153844,13.256363942307692,1.0,0.48628712245469563,0.14698688312543598,0.3667259944198684,12.625199587912087,25.840299999999996,0.608222554284886,0.3393002393292597,0.21973911129443244,0,0
998369588873,0.7994505494505495,33.0,8.818181818181818,47.0,2.212121212121212,7.0,0.7961538461538461,0.8076923076923077,15.95565807692308,16.658397115384613,1.0,0.5074642433279933,0.225537355870938,0.26699840080106857,16.15644065934066,27.506332499999985,0.38080825649399086,0.2819268874570553,0.04146104493013056,0,9
999957685783,0.7994505494505495,28.0,10.392857142857142,51.0,2.7037037037037037,14.0,0.7923076923076923,0.8173076923076923,13.019935961538463,13.758284134615385,1.0,0.557610426347977,0.174350783149883,0.2680387905021401,13.230892582417582,31.371835,0.7030618375485899,0.38325964319809397,0.09368800735225707,0,9
